:020000040001F9
:2000000081070C1D1C00000000000000000000008107D01D0000000000000000000000009E
:200020008107C01D0000000000000000000000008107B01D00000000000000000000000006
:200040008107A01D0000000000000000000000008107901D00000000000000000000000026
:200060008107801D000000000000000000000000000000000000000000000000000000005B
:200080008107601D0000000000000000000000008107501D00000000000000000000000066
:2000A0008107401D000000000000000000000000000000000000000000000000000000005B
:2000C0008107201D000000000000000000000000000000000000000000000000000000005B
:2000E0008107001D0000000000000000000000008107F01C000000000000000000000000C7
:200100008107E01C0000000000000000000000008107D01C000000000000000000000000E7
:200120008107C01C0000000000000000000000008107B01C00000000000000000000000007
:200140008107A01C0000000000000000000000008107901C00000000000000000000000027
:200160008107801C0000000000000000000000008107701C00000000000000000000000047
:200180008107601C0000000000000000000000008107501C00000000000000000000000067
:2001A0008107401C0000000000000000000000008107301C00000000000000000000000087
:2001C0008107201C0000000000000000000000008107101C000000000000000000000000A7
:1401E0008107001C0000000000000000000000008107F01BD4
:20020000F01D0200F01D0200F01D0200F01D0200F01D0200F01D0200F01D0200F01D020066
:20022000F01D0200F01D0200F01D0200F01D0200F01D0200F01D0200F01D0200F01D020046
:20024000F01D0200F01D0200F01D0200F01D0200F01D0200F01D0200F01D0200F01D020026
:20026000F01D0200F01D0200F01D0200F01D0200F01D0200F01D0200F01D0200F01D020006
:20028000F01D0200F01D0200F01D0200F01D0200F01D0200F01D0200F01D0200F01D0200E6
:2002A000F01D0200F01D0200F01D0200F01D0200F01D0200F01D0200F01D0200F01D0200C6
:2002C000F01D0200F01D0200F01D0200F01D0200F01D0200F01D0200F01D0200F01D0200A6
:2002E000F01D0200F01D0200F01D0200F01D0200F01D0200F01D0200F01D0200F01D020086
:20030000F01D0200F01D0200F01D0200F01D0200F01D0200F01D0200F01D0200F01D020065
:20032000F01D0200F01D0200F01D0200F01D0200F01D0200F01D0200F01D0200F01D020045
:20034000F01D0200F01D0200F01D0200F01D0200F01D0200F01D0200F01D0200F01D020025
:20036000F01D0200F01D0200F01D0200F01D0200F01D0200F01D0200F01D0200F01D020005
:20038000F01D0200F01D0200F01D0200F01D0200F01D0200F01D0200F01D0200F01D0200E5
:2003A000F01D0200F01D0200F01D0200F01D0200F01D0200F01D0200F01D0200F01D0200C5
:2003C000F01D0200F01D0200F01D0200F01D0200F01D0200F01D0200F01D0200F01D0200A5
:2003E000F01D0200F01D0200F01D0200F01D0200F01D0200F01D0200F01D0200F01D020085
:20040000F01D0200F01D0200F01D0200F01D0200F01D0200F01D0200F01D0200F01D020064
:20042000F01D0200F01D0200F01D0200F01D0200F01D0200F01D0200F01D0200F01D020044
:20044000F01D0200F01D0200F01D0200F01D0200F01D0200F01D0200F01D0200F01D020024
:20046000F01D0200F01D0200F01D0200F01D0200F01D0200F01D0200F01D0200F01D020004
:20048000F01D0200F01D0200F01D0200F01D0200F01D0200F01D0200F01D0200F01D0200E4
:2004A000F01D0200F01D0200F01D0200F01D0200F01D0200F01D0200F01D0200F01D0200C4
:2004C000F01D0200F01D0200F01D0200F01D0200F01D0200F01D0200F01D0200F01D0200A4
:2004E000F01D0200F01D0200F01D0200F01D0200F01D0200F01D0200F01D0200F01D020084
:20050000F01D0200F01D0200F01D0200F01D0200F01D0200F01D0200F01D0200F01D020063
:20052000F01D0200F01D0200F01D0200F01D0200F01D0200F01D0200F01D0200F01D020043
:20054000F01D0200F01D0200F01D0200F01D0200F01D0200F01D0200F01D0200F01D020023
:20056000F01D0200F01D0200F01D0200F01D0200F01D0200F01D0200F01D0200F01D020003
:20058000F01D0200F01D0200F01D0200F01D0200F01D0200F01D0200F01D0200F01D0200E3
:2005A000F01D0200F01D0200F01D0200F01D0200F01D0200F01D0200F01D0200F01D0200C3
:2005C000F01D0200F01D0200F01D0200F01D0200F01D0200F01D0200F01D0200F01D0200A3
:2005E000F01D0200F01D0200F01D0200F01D0200F01D0200F01D0200F01D0200F01D020083
:20060000F01D0200F01D0200F01D0200F01D0200F01D0200F01D0200F01D0200F01D020062
:20062000F01D0200F01D0200F01D0200F01D0200F01D0200F01D0200F01D0200F01D020042
:20064000F01D0200F01D0200F01D0200F01D0200F01D0200F01D0200F01D0200F01D020022
:20066000F01D0200F01D0200F01D0200F01D0200F01D0200F01D0200F01D0200F01D020002
:20068000F01D0200F01D0200F01D0200F01D0200F01D0200F01D0200F01D0200F01D0200E2
:2006A000F01D0200F01D0200F01D0200F01D0200F01D0200F01D0200F01D0200F01D0200C2
:2006C000F01D0200F01D0200F01D0200F01D0200F01D0200F01D0200F01D0200F01D0200A2
:2006E000F01D0200F01D0200F01D0200F01D0200F01D0200F01D0200F01D0200F01D020082
:20070000F01D0200F01D0200F01D0200F01D0200F01D0200F01D0200F01D0200F01D020061
:20072000F01D0200F01D0200F01D0200F01D0200F01D0200F01D0200F01D0200F01D020041
:20074000F01D0200F01D0200F01D0200F01D0200F01D0200F01D0200F01D0200F01D020021
:20076000F01D0200F01D0200F01D0200F01D0200F01D0200F01D0200F01D0200F01D020001
:20078000F01D0200F01D0200F01D0200F01D0200F01D0200F01D0200F01D0200F01D0200E1
:2007A000F01D0200F01D0200F01D0200F01D0200F01D0200F01D0200F01D0200F01D0200C1
:2007C000F01D0200F01D0200F01D0200F01D0200F01D0200F01D0200F01D0200F01D0200A1
:2007E000F01D0200F01D0200F01D0200F01D0200F01D0200F01D0200F01D0200F01D020081
:20080000F01D0200F01D0200F01D0200F01D0200F01D0200F01D0200F01D0200F01D020060
:20082000F01D0200F01D0200F01D0200F01D0200F01D0200F01D0200F01D0200F01D020040
:20084000F01D0200F01D0200F01D0200F01D0200F01D0200F01D0200F01D0200F01D020020
:20086000F01D0200F01D0200F01D0200F01D0200F01D0200F01D0200F01D0200F01D020000
:20088000F01D0200F01D0200F01D0200F01D0200F01D0200F01D0200F01D0200F01D0200E0
:2008A000F01D0200F01D0200F01D0200F01D0200F01D0200F01D0200F01D0200F01D0200C0
:2008C000F01D0200F01D0200F01D0200F01D0200F01D0200F01D0200F01D0200F01D0200A0
:2008E000F01D0200F01D0200F01D0200F01D0200F01D0200F01D0200F01D0200F01D020080
:20090000F01D0200F01D0200F01D0200F01D0200F01D0200F01D0200F01D0200F01D02005F
:20092000F01D0200F01D0200F01D0200F01D0200F01D0200F01D0200F01D0200F01D02003F
:20094000F01D0200F01D0200F01D0200F01D0200F01D0200F01D0200F01D0200F01D02001F
:20096000F01D0200F01D0200F01D0200F01D0200F01D0200F01D0200F01D0200F01D0200FF
:20098000F01D0200F01D0200F01D0200F01D0200F01D0200F01D0200F01D0200F01D0200DF
:2009A000F01D0200F01D0200F01D0200F01D0200F01D0200F01D0200F01D0200F01D0200BF
:2009C000F01D0200F01D0200F01D0200F01D0200F01D0200F01D0200F01D0200F01D02009F
:2009E000F01D0200F01D0200F01D0200F01D0200F01D0200F01D0200F01D0200F01D02007F
:200A0000F01D0200F01D0200F01D0200F01D0200F01D0200F01D0200F01D0200F01D02005E
:200A2000F01D0200F01D0200F01D0200F01D0200F01D0200F01D0200F01D0200F01D02003E
:200A4000F01D0200F01D0200F01D0200F01D0200F01D0200F01D0200F01D0200F01D02001E
:200A6000F01D0200F01D0200F01D0200F01D0200F01D0200F01D0200F01D0200F01D0200FE
:200A8000F01D0200F01D0200F01D0200F01D0200F01D0200F01D0200F01D0200F01D0200DE
:200AA000F01D0200F01D0200F01D0200F01D0200F01D0200F01D0200F01D0200F01D0200BE
:200AC000F01D0200F01D0200F01D0200F01D0200F01D0200F01D0200F01D0200F01D02009E
:200AE000F01D0200F01D0200F01D0200F01D0200F01D0200F01D0200F01D0200F01D02007E
:200B0000F01D0200F01D0200F01D0200F01D0200F01D0200F01D0200F01D0200F01D02005D
:200B2000F01D0200F01D0200F01D0200F01D0200F01D0200F01D0200F01D0200F01D02003D
:200B4000F01D0200F01D0200F01D0200F01D0200F01D0200F01D0200F01D0200F01D02001D
:200B6000F01D0200F01D0200F01D0200F01D0200F01D0200F01D0200F01D0200F01D0200FD
:200B8000F01D0200F01D0200F01D0200F01D0200F01D0200F01D0200F01D0200F01D0200DD
:200BA000F01D0200F01D0200F01D0200F01D0200F01D0200F01D0200F01D0200F01D0200BD
:200BC000F01D0200F01D0200F01D0200F01D0200F01D0200F01D0200F01D0200F01D02009D
:200BE000F01D0200F01D0200F01D0200F01D0200F01D0200F01D0200F01D0200F01D02007D
:200C0000F01D0200F01D0200F01D0200F01D0200F01D0200F01D0200F01D0200F01D02005C
:200C2000F01D0200F01D0200F01D0200F01D0200F01D0200F01D0200F01D0200F01D02003C
:200C4000F01D0200F01D0200F01D0200F01D0200F01D0200F01D0200F01D0200F01D02001C
:200C6000F01D0200F01D0200F01D0200F01D0200F01D0200F01D0200F01D0200F01D0200FC
:200C8000F01D0200F01D0200F01D0200F01D0200F01D0200F01D0200F01D0200F01D0200DC
:200CA000F01D0200F01D0200F01D0200F01D0200F01D0200F01D0200F01D0200F01D0200BC
:200CC000F01D0200F01D0200F01D0200F01D0200F01D0200F01D0200F01D0200F01D02009C
:200CE000F01D0200F01D0200F01D0200F01D0200F01D0200F01D0200F01D0200F01D02007C
:200D0000F01D0200F01D0200F01D0200F01D0200F01D0200F01D0200F01D0200F01D02005B
:200D2000F01D0200F01D0200F01D0200F01D0200F01D0200F01D0200F01D0200F01D02003B
:200D4000F01D0200F01D0200F01D0200F01D0200F01D0200F01D0200F01D0200F01D02001B
:200D6000F01D0200F01D0200F01D0200F01D0200F01D0200F01D0200F01D0200F01D0200FB
:200D8000F01D0200F01D0200F01D0200F01D0200F01D0200F01D0200F01D0200F01D0200DB
:200DA000F01D0200F01D0200F01D0200F01D0200F01D0200F01D0200F01D0200F01D0200BB
:200DC000F01D0200F01D0200F01D0200F01D0200F01D0200F01D0200F01D0200F01D02009B
:200DE000F01D0200F01D0200F01D0200F01D0200F01D0200F01D0200F01D0200F01D02007B
:200E0000F01D0200F01D0200F01D0200F01D0200F01D0200F01D0200F01D0200F01D02005A
:200E2000F01D0200F01D0200F01D0200F01D0200F01D0200F01D0200F01D0200F01D02003A
:200E4000F01D0200F01D0200F01D0200F01D0200F01D0200F01D0200F01D0200F01D02001A
:200E6000F01D0200F01D0200F01D0200F01D0200F01D0200F01D0200F01D0200F01D0200FA
:200E80000000F9FF0080F9FF80B0C6FF00B1C6FF0030C6FF000BDEFF000CDEFF000DDEFFC7
:200EA000000EDEFF0012DEFF002BC7FF002CC7FF002DC7FF0053C7FF8053C7FF00A3C7FF67
:200EC00000A4C7FF00A5C7FF0010C8FF0012C8FF0020C8FF0094F4FF0096F4FF0093F2FF12
:200EE00000A097FF00130AFF00150AFF00170AFF009487FF009587FF00148BFF00168BFFEF
:200F000000188BFF00808FFF00B0C6FF00B0C6FF0031C6FF0010DEFF0010DEFF0010DEFF7A
:200F20000010DEFF0010DEFF0032C7FF0032C7FF0032C7FF0054C7FF0054C7FF00B0C7FF45
:200F400000B0C7FF00B0C7FF0030C8FF0030C8FF4030C8FF00A0F4FF00A0F4FF00A0F2FFC9
:200F600000A297FF00140AFF00140AFF00140AFF00A087FF00A087FF00208BFF00208BFF42
:200F800000208BFF00818FFF0000041090816EFF90886EFF90896EFF94816EFF94886EFFF0
:200FA00094896EFF841360FF041960FF841A60FF801360FF001960FF801A60FF00000000D5
:200FC00001000000020000000300000048656C6C6F205248383530210A0056657273696F1D
:200FE0006E25642E25642E25640D007361792068656C6C6F20776F726C64005F5F636D64C4
:201000005F68656C6C6F0000FB0F0100EB0F0100B2900100201001002E100100C69001004D
:201020005F5F636D645F76657273696F6E0073686F77207368656C6C2076657273696F6E3A
:2010400020696E666F726D6174696F6E000000005248383530203E00082008000A000800F3
:201060002563000825732020080025730025733A20636F6D6D616E64206E6F7420666F75BC
:201080006E642E0A005F5F636D645F0025730A0025732573001B5B324B0D00546F6F206D64
:2010A000616E7920617267732021205765206F6E6C79205573653A0A002573200052483801
:2010C0003530207368656C6C20636F6D6D616E64733A0A00252D313673202D2025730A0082
:2010E0007368656C6C2068656C702E00F8100100E0100100CA9F01005F5F636D645F68655F
:201100006C700053746172746B69745F553241000000010102020202030303030303030354
:201120006C1101008411010098110100E0110100701201007C1201008C1201009C1201009F
:20114000A41201007832E0FDAC120100B4120100F4120100020001000900090009000000A6
:20116000010001000400040003000100000000000000000002DC0100000000000000000082
:2011800010DC0100FFFFFF7F010000000100000000000000E8030000F00700FE000000FE06
:2011A000F00900FE000800FEF00B00FE000A00FEF00D00FE000C00FEF00F00FE000E00FE23
:2011C000F01100FE001000FEF01300FE001200FEF01500FE001400FEF01700FE001600FEC3
:2011E0000100000000000000C70000000000000001000000000000003001000000000000F5
:20120000010000000000000031010000000000000100000000000000320100000000000067
:20122000010000000000000028010000000000000100000000000000290100000000000059
:2012400001000000000000003F01000000000000010000000000000040010000000000000B
:20126000010000000000000041010000000000000300000000000000000000000100000027
:201280000200000002000000020000009832E0FD9A32E0FD9E32E0FDA232E0FD000000009A
:2012A000000000000100020004000800F03700FE001800FE7CE40100000001000100000081
:2012C0000100000014E5010001000100030001000000000026E501000200010002000100FB
:2012E00000000000C4D101000300010000000100FFFF0000F03B00FE003800FEF03F00FEC9
:20130000003C00FEF04300FE004000FEF04500FE004400FE1C13010009000000090000006D
:201320001EDC0100C80000000100000004DD01003001000001000000EADD010031010000DB
:2013400001000000D0DE01003201000001000000B6DF010028010000010000009CE001006C
:20136000290100000100000082E101003F0100000100000068E20100400100000100000010
:201380004EE3010041010000A832E0FD01000000B032E0FD8833E0FD9A33E0FDAC33E0FD64
:2013A000C433E0FDD433E0FDDC33E0FD6C34E0FD4CA302008AA402000000000000000000EB
:2013C0000100000100000000000000000000000000000000FC1301000200000000000400F5
:2013E0000100020001000000001401002014010028140100881401000000000000000100C4
:20140000000000000200000000000000A8140100000001000200000000000000AC14010049
:20142000000002000000000000000100000001000800000021020000FF0700000000000077
:2014400000000100000002000400000000020000FF07000000000000000001000100030078
:201460000400000001020000FF070000000000000000010001000400040000000202000051
:20148000FF0700000000000000000800000000000000FFFFFFFF000011010000FF0700002A
:2014A00000000000010000000100000002000300000000000000000001000200030004001B
:2014C000000000000100020000000000000001000000000000000000000000000000000008
:2014E0000000000000000000000000000000000000000000000000000000000000000000EC
:201500000000000000000000000000000000000000000000000000000000000000000000CB
:201520000000000000000000000000000000000000000000000000000000000000000000AB
:2015400008000000000000000800000000000000080000000000000008000000000000006B
:2015600000000000000000000000000000000000000000000000000000000000000000006B
:201580000800000000000000000000000400000005000000E0150100601601009016010026
:2015A000F01601000000000000000000000000000000000000000000000000000000000024
:2015C0000C1701000E170100010004000100040000000000000000000200000101000000B3
:2015E0000EE6010008000000000000000000010001FF0000000000000000000000000000ED
:2016000076E6010004000400000000000801020102FF000000000000000000000000000058
:20162000AAE6010004000400000000001002030203FF0000000000000000000000000000F8
:20164000F2E6010004000400000000001803040304FF000000000000000000000000000084
:20166000E6E501000800000000000000000000000000FFFF0001FF00000100000500000092
:2016800004000000000000000000000000000000010000000000FFFF0700000000004008F8
:2016A0000900000000000000020000000000FFFF07000100010040080900000000000000C7
:2016C000030000000000FFFF07000200020040080900000000000000040000000000FFFFAB
:2016E00007000300030040080900000000000000000000000000070000000000400800003D
:201700000000000009000000000000000400010000000000000000000000000000000000BB
:2017200000000000000000004605020000000000920502006605020000000000E605020069
:20174000A8050200B8050200D20502008205020001000000000000000000000000000000B8
:2017600000000000C807020000000000000000000000000000000000000000000000000098
:201780000000000000000000000000000500050000000000A0170100A4170100B8170100FB
:2017A0001C1801000100040001010000010101000101020001010300010101004418010081
:2017C000000008000000000000000000000101004618010000000800010000000000000097
:2017E0000001010048180100010004000100000000000000000101004A1801000200040015
:201800000100000000000000000101004C1801000300040001000000000000000100000057
:201820004E18010001000000501801000100000052180100010000005418010001000000FC
:20184000561801000000010002000300040000000100020003000400FFFFFFFF0000000009
:20186000010000000100000002000000020000000200000002000000030000000300000058
:2018800003000000030000000300000003000000030000000300000004000000040000002E
:2018A000040000000400000004000000040000000400000004000000040000000400000008
:2018C0000400000004000000040000000400000004000000040000000500000005000000E6
:2018E0000500000005000000050000000500000005000000050000000500000005000000C0
:2019000005000000050000000500000005000000050000000500000005000000050000009F
:2019200005000000050000000500000005000000050000000500000005000000050000007F
:2019400005000000050000000500000005000000050000000500000006000000060000005D
:20196000060000000600000006000000060000000600000006000000060000000600000037
:20198000060000000600000006000000060000000600000006000000060000000600000017
:2019A0000600000006000000060000000600000006000000060000000600000006000000F7
:2019C0000600000006000000060000000600000006000000060000000600000006000000D7
:2019E0000600000006000000060000000600000006000000060000000600000006000000B7
:201A0000060000000600000006000000060000000600000006000000060000000600000096
:201A2000060000000600000006000000060000000600000006000000060000000600000076
:201A4000060000000600000006000000060000000600000006000000070000000700000054
:201A600007000000070000000700000007000000070000000700000007000000070000002E
:201A800007000000070000000700000007000000070000000700000007000000070000000E
:201AA0000700000007000000070000000700000007000000070000000700000007000000EE
:201AC0000700000007000000070000000700000007000000070000000700000007000000CE
:201AE0000700000007000000070000000700000007000000070000000700000007000000AE
:201B000007000000070000000700000007000000070000000700000007000000070000008D
:201B200007000000070000000700000007000000070000000700000007000000070000006D
:201B400007000000070000000700000007000000070000000700000007000000070000004D
:201B600007000000070000000700000007000000070000000700000007000000070000002D
:201B800007000000070000000700000007000000070000000700000007000000070000000D
:201BA0000700000007000000070000000700000007000000070000000700000007000000ED
:201BC0000700000007000000070000000700000007000000070000000700000007000000CD
:201BE0000700000007000000070000000700000007000000070000000700000007000000AD
:201C000007000000070000000700000007000000070000000700000007000000070000008C
:201C200007000000070000000700000007000000070000000700000007000000070000006C
:201C4000070000000700000007000000070000000700000007000000080C1014182030407A
:201C60000001020304050607080C101418203040000102030405060708090909090A0A0A02
:201C80000A0B0B0B0B0C0C0C0C0D0D0D0D0D0D0D0D0E0E0E0E0E0E0E0E0E0E0E0E0E0E0EA4
:201CA0000E0F0F0F0F0F0F0F0F0F0F0F0F0F0F0F0F00000101020202020303030303030307
:011CC0000320
:201CC2002000210022001000FFFF15001100FFFF15001200FFFF15001300FFFF15001800F5
:201CE200FFFF1A001900FFFF1A001A00FFFF1A001B00FFFF1A001C00FFFF1A000400FFFFFE
:201D02001C000500FFFF1C000600FFFF1C000700FFFF1C000200FFFF1C001400FFFF1A00FD
:201D22001E0025000200000027001F00010026000F000300FFFF01001D00FFFF1A000A009F
:201D4200000001000000020000000000000000000000030001000100000003000100010074
:201D620000000000010007000100010001000700030003000300FF0F0F0003000100FF0026
:201D8200FF00FF00FF00FF001F00010001000100010001000100010001000100010001001B
:101DA2000100010001000100010001000100010029
:201DB40000000000000000000000000000000000C0030000C003000000050000400600003E
:201DD400E0010000E001000080020000200300000000C5FF0001C5FF1400000010000000DB
:201DF4000840000000400000180000001C000000280000002C0000000000000000000000BF
:201E14000000000000000000000000000000000000000000000000000C4000001040000012
:201E34001C4000002440000000000000000000000000000000000000144000003840000002
:201E5400184000002840000030000000044000000000000000000000146000001060000056
:201E740000600000402F0000442F0000040000002000000024000000080000000C000000B0
:201E94003C00000001000000000000000800000000000000000000000000000000000000E9
:201EB400070700000000000000000000000000000007000000070000FFFFFFFFFFFFFFFFFA
:201ED400FFFFFFFFF8FFFFFFFFFFFFFFFFFFFFFFFFFFFFFFFFF8FFFFFFF8FFFFFFFFFFFF23
:201EF400FFFFFFFFFFFFFFFFFFF8FFFFFFFFFFFFFFFFFFFFFFFFFFFFFFFFFFFFFFFFFFFFF5
:201F1400010000009300000002000000930000000400000093000000080000009300000052
:201F3400100000009300000020000000930000004000000093000000800000009300000051
:201F5400000100009300000000020000930000000004000093000000000800000B0000009A
:201F7400001000009300000000200000930000000040000093000000008000009300000011
:201F94000000010093000000000002009300000000000400930000000000080093000000D2
:201FB400000010000C00000000002000930000000000400093000000000080009300000058
:201FD400000000010D000000000000020E000000000000040F0000000000000810000000A4
:201FF400000000101100000000000020120000000000004013000000000000809300000014
:202014000100000014000000020000009300000004000000930000000800000093000000D0
:202034001000000015000000200000001600000040000000170000008000000093000000C7
:2020540000010000180000000002000019000000000400001A000000000800001B000000F7
:20207400001000001C000000002000001D000000004000001E000000008000009300000072
:20209400000001001F0000000000020020000000000004002100000000000800220000009B
:2020B4000000100023000000000020002400000000004000930000000000800093000000AF
:2020D400000000012500000000000002260000000000000427000000000000082800000043
:2020F4000000001029000000000000202A000000000000402B000000000000802C00000032
:20211400010000002D000000020000009300000004000000930000000800000093000000B6
:2021340010000000930000002000000093000000400000009300000080000000930000004F
:20215400000100002E00000000020000930000000004000093000000000800009300000075
:20217400001000002F00000000200000930000000040000093000000008000009300000073
:20219400000001003000000000000200310000000000040032000000000008003300000056
:2021B4000000100093000000000020009300000000004000930000000000800093000000CF
:2021D4000000000134000000000000023500000000000004360000000000000893000000AA
:2021F40000000010930000000000002093000000000000409300000000000080930000008F
:20221400010000003700000002000000380000000400000039000000080000009300000060
:2022340010000000930000002000000093000000400000009300000080000000930000004E
:20225400000100003A000000000200003B000000000400003C000000000800009300000017
:2022740000100000930000000020000093000000004000009300000000800000930000000E
:20229400000001003D000000000002003E000000000004003F0000000000080093000000CE
:2022B4000000100093000000000020009300000000004000930000000000800093000000CE
:2022D4000000000140000000000000024100000000000004420000000000000843000000D5
:2022F40000000010930000000000002093000000000000409300000000000080930000008E
:20231400010000004400000002000000450000000400000046000000080000004700000084
:2023340010000000480000002000000049000000400000004A000000800000004B00000073
:20235400000100004C000000000200004D000000000400004E000000000800004F00000024
:20237400001000005000000000200000510000000040000093000000008000009300000092
:202394000000010093000000000002009300000000000400930000000000080093000000CE
:2023B4000000100093000000000020009300000000004000930000000000800093000000CD
:2023D40000000001930000000000000293000000000000049300000000000008930000008E
:2023F4000000001093000000000000209300000000000040930000000000008052000000CE
:2024140001000000530000000200000054000000040000005500000008000000930000000A
:2024340010000000930000002000000093000000400000009300000080000000930000004C
:202454000001000056000000000200005700000000040000580000000008000059000000FB
:2024740000100000930000000020000093000000004000009300000000800000930000000C
:202494000000010093000000000002009300000000000400930000000000080093000000CD
:2024B40000001000930000000000200093000000000040005A000000000080005B0000003D
:2024D400000000015C000000000000025D000000000000045E000000000000085F00000063
:2024F40000000010930000000000002093000000000000409300000000000080930000008C
:20251400010000006000000002000000610000000400000062000000080000006300000012
:2025340010000000930000002000000093000000400000009300000080000000930000004B
:2025540000010000930000000002000093000000000400009300000000080000930000000C
:2025740000100000930000000020000093000000004000009300000000800000930000000B
:202594000000010093000000000002009300000000000400930000000000080093000000CC
:2025B4000000100093000000000020009300000000004000930000000000800093000000CB
:2025D40000000001930000000000000293000000000000049300000000000008930000008C
:2025F40000000010930000000000002093000000000000409300000000000080930000008B
:202614000100000064000000020000009300000004000000930000000800000065000000A8
:202634001000000066000000200000006700000040000000930000008000000093000000A3
:2026540000010000680000000002000069000000000400006A000000000800009300000089
:20267400001000006B00000000200000930000000040000093000000008000009300000032
:20269400000001006C000000000002006D0000000000040093000000000008009300000018
:2026B4000000100093000000000020009300000000004000930000000000800093000000CA
:2026D40000000001930000000000000293000000000000049300000000000008930000008B
:2026F400000000109300000000000020930000000000004093000000000000806E000000AF
:20271400010000006F00000002000000930000000400000093000000080000007000000091
:2027340010000000710000002000000072000000400000009300000080000000930000008C
:20275400000100007300000000020000740000000004000075000000000800009300000067
:20277400001000007600000000200000930000000040000093000000008000009300000026
:20279400000001007700000000000200780000000000040093000000000008009300000001
:2027B4000000100093000000000020009300000000004000930000000000800093000000C9
:2027D40000000001930000000000000293000000000000049300000000000008930000008A
:2027F4000000001093000000000000209300000000000040930000000000008079000000A3
:20281400080001000000DAFF3828010010000B000000D9FFCC28010010000500800CD9FF00
:20283400282F01000000000000000000FF0000000000000005000000000000000000000028
:20285400000000000000000000000000000000000000000000000000000000000000000064
:2028740000000000000000000500000000000000000000000000000000000000000000003F
:20289400000000000000000000000000000000000000000000000000000000000000000024
:2028B4000000000000000000000000000000000000000000000000000200FFFF0000FFFF06
:2028D400FFFFFFFF0000FFFF0000FFFF0000FFFF0000FFFF000000000000000000000000F0
:2028F4000000000000000000000000000000000000000000000000000000FFFF0000FFFFC8
:202914000000FFFF0000DEFF000000000000000000000000000000000000FFFF0000FFFFCC
:202934000000FFFF0000FFFF0000FFFF0000FFFF0000FFFF000000000000FFFF0000FFFF91
:202954000000FFFF00000000080000000300FC010000FC01FFFFFC010000FC010000FC016B
:202974000000FC010000FC0100000000000000000000000000000000000000000000000049
:202994000000000000000000000000000000FC010000FC010000FC010000FC01000000002F
:2029B4000000000000000000000000000000FC010000FC010000FC010000FC010000FC0112
:2029D4000000FC010000FC01000000000000FC010000FC010000FC010000000010000000E2
:2029F4000400F3FF0000F3FFFFFFF3FF0000F3FF0000F3FF0000F3FF0000F3FF0000000023
:202A14000000000000000000000000000000000000000000000000000000000000000000A2
:202A34000000F3FF0000F3FF0000F3FF0000F3FF00000000000000000000000000000000BA
:202A54000000F3FF0000F3FF0000F3FF0000F3FF0000F3FF0000F3FF0000F3FF00000000C4
:202A74000000F3FF0000F3FF0000F3FF000000002000000005005C0000005C00FFFF5C0035
:202A940000005C0000005C0000005C0000005C0000000000000000000000000000000000B2
:202AB400000000000000000000000000000000000000000000005C0000005C0000005C00EE
:202AD40000005C000000000000000000000000000000000000005C0000005C0000005C0072
:202AF40000005C0000005C0000005C0000005C000000000000005C0000005C0000005C003E
:202B140000000000400000000600FDFB0000FDFFFFFBFDFB0000FDFF0000FDFB0000FDFB89
:202B34000000FDFB0000000000000000000000000000000000000000000000000000000089
:202B540000000000000000000000FDFF0000FDFF0000FDFF000000E5000000000000000088
:202B740000000000000000000000FDFF0000FDFF0000FDFF0004FDFF0004FDFF0000FDFF51
:202B94000000FDFF000000000000FDFF0000FDFF0000FDFF00000000800000000A00FF7F29
:202BB4000000FF7FFFFFFF7F0000FF7F0000FF7F0000FF7F0000FF7F00000000000000000F
:202BD400000000000000000000000000000000000000000000000000000000000000FF7F63
:202BF4000000FF7F0000FF7F0000FF00000000000000000000000000000000000000FF7F48
:202C14000000FF7F0000FF7F0000FF7F0000FF7F0000FF7F0000FF7F000000000000FF7F2E
:202C34000000FF7F0000FF7F000000000004000011007F0000007F00FFFF1F0000007F00D5
:202C540000007F0000007F0000007F000000000000000000000000000000000000000000E3
:202C74000000000000000000000000000000000000007F0000007F0000007F0000000000C3
:202C94000000000000000000000000000000000000007F0000007F0000007F0000007F0024
:202CB40000007F0000007F0000007F000000000000007F0000007F0000007F000000000006
:202CD400002000001400FF770000FF77FFFFFF770000FF770000FF770000FF770000FF7774
:202CF4000000000000000000000000000000000000000000000000000000000000000000C0
:202D1400000000000000FF770000FF770000FF770000FF77000000000000000000000000C7
:202D3400000000000000FF770000FF770000FF770000FF770000FF770000FF770000FF7745
:202D5400000000000000FF770000FF770000FF7700000000000001001500FF000000FF00E9
:202D7400FFFFFF000000FF000000FF000000FF000000FF0000000000000000000000000046
:202D94000000000000000000000000000000000000000000000000000000FF000000FF0021
:202DB4000000FF000000FF00000000000000000000000000000000000000FF000000FF0003
:202DD4000000FF000000FF000000FF000000FF000000FF00000000000000FF000000FF00E6
:202DF4000000FF00000000000000020016001F0000001F00FFFF1F0000001F0000001F000F
:202E140000001F0000001F0000000000000000000000000000000000000000000000000060
:202E340000000000000000000000000000001F0000001F0000001F0000000E000000000013
:202E540000000000000000000000000000001F0000001F0000001F0000001F0000001F00C3
:202E740000001F0000001F000000000000001F0000001F0000001F0000000000000004009F
:202E94001800F03F0000F03FFFFFF03F0000F03F0000F03F0000F03F0000F03F00000000BF
:202EB4000000000000000000000000000000000000000000000000000000000000000000FE
:202ED4000000F03F0000F03F0000F03F000000000000000000000000000000000000000051
:202EF4000000F03F0000F03F0000F03F0000F03F0000F03F0000F03F0000F03F0000000075
:202F14000000F03F0000F03F0000F03F0000000000001000000000000000FFFFFFFF000004
:202F34000000FFFF000000000000000000000000000000000000000000000000000000007F
:202F540000000000000000000000000000000000000000000000000000000000000000005D
:202F740000000000000000000000000000000000000000000000FFFF0000FFFF0000FFFF43
:202F9400000000000000FFFF0000FFFF0000FFFF000000000000FFFF0000FFFF0000FFFF29
:202FB40000000000000020000100000000000F00FFFF000000000F000000000000000000C0
:202FD4000000000000000000000000000000000000000000000000000000000000000000DD
:202FF4000000000000000000000000000000000000000000000000000000000000000000BD
:20301400000000000000000000000F0000000F0000000F000000000000000F0000000F0051
:2030340000000F000000000000000F0000000F0000000F00000000000000400002000000FE
:203054000000FFFFFFFF00000000FFFF000000000000000000000000000000000000000062
:2030740000000000000000000000000000000000000000000000000000000000000000003C
:20309400000000000000000000000000000000000000000000000000000000000000FFFF1E
:2030B4000000FFFF0000FFFF000000000000FFFF0000FFFF0000FFFF000000000000FFFF08
:2030D4000000FFFF0000FFFF00000000000080000300000000000F00FFFF000000000F0041
:2030F4000000000000000000000000000000000000000000000000000000000000000000BC
:2031140000000000000000000000000000000000000000000000000000000000000000009B
:203134000000000000000000000000000000000000000F0000000F0000000F00000000004E
:2031540000000F0000000F0000000F000000000000000F0000000F0000000F000000000001
:20317400000000010400000000001F00FFFF000000001F00000000000000000000000000FA
:2031940000000000000000000000000000000000000000000000000000000000000000001B
:2031B4000000000000000000000000000000000000000000000000000000000000000000FB
:2031D4000000000000001F0000001F0000001F000000000000001F0000001F0000001F0021
:2031F4000000000000001F0000001F0000001F00000000000000000284760200A285020037
:20321400027D0200C07E02008688020060870200768602004A890200827702000060C7FFEC
:203234004057C7FF005DC7FFF401F8FFF601F8FFF801F8FFFA01F8FF0800000000E0C7FF90
:2032540040C8C7FF005DC7FF0802F8FF0A02F8FF0C02F8FF0E02F8FF080000000000D8FF7A
:1C3274004058C7FF005DC7FF1002F8FF1202F8FF1402F8FF1602F8FF0800000085
:2034000000E280FF04001FE8084807400638610200522036140081FF5EDF202E0000E90D4B
:2034200023060000E1FD003A0042004A1C0A411924065093E0FD80072400E029B20D2A06B2
:203440005093E0FD250600000000A551CA2180070C00042600400426004040360000063687
:203460000000B20580FF04004036000006360000B20580FF04002506808E0100400EE0FDC1
:20348000010E804BA20501F02A06FACBFEFF2B06000000001D60E059C2052C0606340100AD
:2034A000CC51EAA72000340600000000350600000000360600000000370600000000380612
:2034C00000000000E5374000405E03000B31E62F2000005E0000F205E53740088636020007
:2034E000E62F200800CA00D25D3600002636F20080FF30EE800700000100000000000000ED
:20350000800E010000000000000000000000000000000000000000002A0600ECFEFF2A5F7A
:203520000100E059D2FD7F000132403EFFFF673701EC7F008607E17006D0DA0007E808E0E5
:203540009C0009C83B060014E0FD1D0600FEA20D1D06FFFDF2051D06FEFDC2051D06DFFD02
:20356000CA1D63EF050043E70A0063D7080021060800E0FD630F01002337010019381C4010
:2035800080FFA4EC1B3080FF3A1DE051EA051B30233E000080FF401D01524606FF707F00C6
:2035A000800761003D060000E0FD3D0F0100410A7D0F010081FF18403D0F010001069CFF17
:2035C0009A0D010A2B060400E0FD6B0F01007D07010040067F007F007F007F007F007F00E7
:2035E0007F007F007F007F007F008207E11006E0DC00433F030008D89B0000EAE0D98A0DDA
:203600001C30A33F030080FF5E010AE8F5051C30233E030080FFDA010AE81D504206FF10EF
:203620008207E11006E0DC00433F030008D89B0000EAE0D98A0D1C30A33F030080FF28013B
:203640000AE8F5051C30233E030080FFA4010AE81D504206FF108007E11006E0DC0007D8DB
:203660009B0000EA1C301B3880FFFC000AE81D504006FF108007E13006D0DA0007E000DAEE
:203680001C108200C612C216C0001C08D00A980AC40AC10E300001111C08C80A980AC20A29
:2036A000C10E040001111C08980AC10E030001E802E99D001A301D3880FFAC000AD81B5005
:2036C0004006FF308007E13006D0DA0007E000DA1C108200C612C216C0001C08D00A980AAE
:2036E000C40AC10E300001111C08C80A980AC20AC10E040001111C08980AC10E010001E823
:2037000002E99D001A301D3880FF5C000AD81B504006FF308007E13006D0DA0007E000DADC
:203720001C108200C612C216C0001C08D00A980AC40AC10E300001111C08C80A980AC20A88
:20374000C10E0C0001111C08980AC10E030001E802E99D001A301D3880FF0C000AD81B50FC
:203760004006FF308607E11006E0DC0007D89B00430702004307030000EA630705006307BE
:20378000090020360002233E030080FF64000AE8A30F0300A60A810A991D20361102233E1F
:2037A000020080FF4C000AE88347030020361102003A80FF1E046357050023360400233EBC
:2037C000080080FF32040AE99D001C301B40003A80FF00046357050023360400233E0800B3
:2037E00080FF14040AE99D001D504606FF108407E11006E0DC0007D800EA630701006307FE
:2038000005001C30403E0080004280FFC6036357010023360000233E040080FFDA030AE907
:203820009D00E0E9000AEA05230F0500880A810081005B0F00001D504406FF108007E1F3D3
:2038400006C836065000E0FD01EA00C2E0C9E2070701990F0100610AE105C235630AA15D8E
:203860009275857D00E200DA01BA19D0BA0F0100560F0000BA0F0300BA170100C40A02E062
:2038800001E19C001C3820368400BFFFDAFE0AE89A0F0500BA170500C40AC10E7000C2168B
:2038A000070002D801D99B001B3820368E00BFFFB6FE0AE8173820368000BFFFAAFE0AE89A
:2038C000A54D00E200DA01BA19D09A0F030001E0C4E29C001C3820368300BFFF8AFE0AE862
:2038E0009A0F0500BA170500C40AC10E7000C216070002D801D99B001B3820368E00BFFF14
:2039000066FE0AE8173820368000BFFF5AFE0AE8A525960F0100E009E205620AB20D630A4C
:20392000C20DE50D20E62A001C3820368600BFFF36FE80FF2E03D50580FFBC03A505000002
:20394000A50D01C2183820368100BFFF1AFE0AE8A50500001D504006FFF38007E13006D046
:20396000DA0007E000DA1C108200C612C216C0001C08D00A980AC40AC10E300001111C08EB
:20398000C80A980AC20AC10E0C0001111C08980AC10E030001E802E99D001A301D38BFFF94
:2039A000C6FD0AD81B504006FF308007E11006E0DC0007D89B0000EA1C301B38BFFFA8FDE2
:2039C0000AE81D504006FF108007E13006D0DA0007D8DB0000E21B108200C612C216C00032
:2039E0001B08D00A980AC10E1F0001E802E99D001A301D38BFFF70FD0AE01C504006FF3034
:203A00008207E17006D8DB0007D04347030009C8990000EA1A10D0129812C512C216600096
:203A20001A08980AC10AC10E060001E002E19C00E0C9FA051B301C38BFFF2CFD0AE8F505A8
:203A40001B30233E0300BFFFA8FD0AE81D504206FF708207E17006D8DB0007E09C0008C858
:203A6000990000EA1CD0E0C9FA051B301A38BFFFF6FC0AE8950D1B30233E0300BFFF72FD72
:203A80000AE8A3E703001D504206FF708207E11006E0DC00433F030008D89B0000EAE0D9A4
:203AA0008A0D1C30A33F0300BFFFBCFC0AE8F5051C30233E0300BFFF38FD0AE81D50420692
:203AC000FF108207E11006E0DC00433F030008D89B0000EAE0D98A0D1C30A33F0300BFFF72
:203AE00086FC0AE8F5051C30233E0300BFFF02FD0AE81D504206FF108207E10006E0DC0009
:203B0000433F030000EA1C30233E0300BFFFE2FC0AE81D504206FF008207E11006E0DC0008
:203B2000433F030008D89B0000EAE0D98A0D1C30A33F0300BFFF30FC0AE8F5051C30233E97
:203B40000300BFFFACFC0AE81D504206FF108207E10006E09C0000EA20361102233E0300A3
:203B6000BFFF8EFC0AE81C08010680FDF92DE20501067EFD8915D21D952DA30F03002108A7
:203B8000430F0300A33F030020368002BFFFD8FB0AE8C51DA30F0300C10E0F00430F0300C6
:203BA00020368102233E0300BFFF46FC0AE8E50DA30F03002108430F0300A33F0300203676
:203BC0008202BFFFA2FB0AE800001D504206FF000610C200079808909200000A020601FDAF
:203BE000810D0288D08A13891280C8821008110901507F008007E1F306B807B03D0648007E
:203C0000E0FD3DCE04001DC000D2370F01007D0F0100183819400032014A81FFA4350AD1DB
:203C20009A00003281FFD2330AD19A0080E6FFFF003281FFDA360AD8DB001C085FE2E0098D
:203C4000B205E0D9EAF5E0D9000ABA053D0F0500760F01001B081A0901508A004006FFF363
:203C60008007E1003D061114E0FD1DE01C3820368700BFFF7CFB9D0F0100C10EC000B20D39
:203C80000106C0FFD20D010680FFE215010640FFF21D852D9D0F01005D0F0100B5259D0F5B
:203CA0000100C10E3F00C10AC10E3E00810E40005D0F0100F5159D0F0100C10E3F00A10A71
:203CC000C10E1F00810E80005D0F0100B50D9D0F0100C10E3F002108810EC0005D0F010018
:203CE0000000BD3F010020368600BFFF7AFA00524006FF008207610020368700233E0300F7
:203D0000BFFFEEFAA30F03006F0AEB07FB03C20AE106163D0100800740008007740080078F
:203D2000AC008007E40080071C018007540180078C018007C4018007FC01800734028007C4
:203D40006C028007A4028007DA02800710038007460380077C0300EA1D3820368600BFFF1C
:203D600006FA20EEF0001D3820368600BFFFF8F90FEA1D3820368600BFFFECF920EEFF008B
:203D80001D3820368600BFFFDEF980077A0320EE4F001D3820368600BFFFCCF920EEBF007B
:203DA0001D3820368600BFFFBEF920EE40001D3820368600BFFFB0F920EEB0001D3820360E
:203DC0008600BFFFA2F980073E0320EE16001D3820368600BFFF90F920EEE6001D38203601
:203DE0008600BFFF82F920EE19001D3820368600BFFF74F920EEE9001D3820368600BFFF9B
:203E000066F98007020320EE59001D3820368600BFFF54F920EEA9001D3820368600BFFF6E
:203E200046F920EE56001D3820368600BFFF38F920EEA6001D3820368600BFFF2AF9800772
:203E4000C60220EE8A001D3820368600BFFF18F920EE7A001D3820368600BFFF0AF920EE7A
:203E600085001D3820368600BFFFFCF820EE75001D3820368600BFFFEEF880078A0220EE61
:203E8000C5001D3820368600BFFFDCF820EE35001D3820368600BFFFCEF820EECA001D3875
:203EA00020368600BFFFC0F820EE3A001D3820368600BFFFB2F880074E0220EE9C001D38F9
:203EC00020368600BFFFA0F820EE6C001D3820368600BFFF92F820EE93001D3820368600EB
:203EE000BFFF84F820EE63001D3820368600BFFF76F88007120220EED3001D38203686000D
:203F0000BFFF64F820EE23001D3820368600BFFF56F820EEDC001D3820368600BFFF48F800
:203F200020EE2C001D3820368600BFFF3AF88007D60120EE2D001D3820368600BFFF28F87E
:203F400020EEDD001D3820368600BFFF1AF820EE22001D3820368600BFFF0CF820EED20072
:203F60001D3820368600BFFFFEF780079A0120EE62001D3820368600BFFFECF720EE920059
:203F80001D3820368600BFFFDEF720EE6D001D3820368600BFFFD0F720EE9D001D382036D6
:203FA0008600BFFFC2F780075E0120EE3B001D3820368600BFFFB0F720EECB001D382036BB
:203FC0008600BFFFA2F720EE34001D3820368600BFFF94F720EEC4001D3820368600BFFF87
:203FE00086F78007220120EE74001D3820368600BFFF74F720EE84001D3820368600BFFF3D
:2040000066F720EE7B001D3820368600BFFF58F720EE8B001D3820368600BFFF4AF7B57589
:2040200020EEA7001D3820368600BFFF3AF720EE57001D3820368600BFFF2CF720EEA8007E
:204040001D3820368600BFFF1EF720EE58001D3820368600BFFF10F7E55520EEE8001D387B
:2040600020368600BFFF00F720EE18001D3820368600BFFFF2F620EEE7001D38203686008C
:20408000BFFFE4F620EE17001D3820368600BFFFD6F6953D20EEB1001D3820368600BFFF28
:2040A000C6F620EE41001D3820368600BFFFB8F620EEBE001D3820368600BFFFAAF620EEEF
:2040C0004E001D3820368600BFFF9CF6C51D20EEFE001D3820368600BFFF8CF60EEA1D3865
:2040E00020368600BFFF80F620EEF1001D3820368600BFFF72F601EA1D3820368600BFFF80
:2041000066F600001D3820368600BFFF5AF6005242067F00400E98FF01F60007220601A53A
:20412000A5A5011501F60001010501F620010112011580F60080C1F10112011580F6048015
:20414000C1F100156312BAFD01126117010001F6040000156312CAFD01F60007220600A5C9
:20416000A5A501157F00060881000710820001F0C4F2019A9E070D9800F701F0C4F29E0769
:204180004D0800F700527F000608810001F0C4F201129E070D1002F700527F00060881009E
:2041A00001F0C4F2BE07455002F77F0006983E060405BFFF0015320680380100F397220229
:2041C0001F0AA209F209C10D320680380100F39722021208C2090095F209E9FD8515320676
:2041E00080380100F39722021F8AA2891208B1090095E291EBFD0095E191B1FD7F000698EE
:204200003E060405BFFF00151390F0974A021F0AA209F209A10D1390F0974A021208C20930
:204220000095F209E9FDE50D1390F0974A021F8AA2891208B1090095E291EBFD0095E19101
:20424000B1FD7F0006983E060405BFFF00151F0AA209F309F1051308C2090095F209E9FD51
:20426000B50D1F92A2911308B2090095E291EBFD0095E191B1FD7F0006088100610ADB0DBC
:2042800001F0C2F23306800E0100D3F100F5FE17610082160100B0147F000608C1000710C0
:2042A000C2000106E0FFF90501F0C1F2BE070D1000F0E50501F0C1F2BE070D1000F87F00FB
:2042C0000608C10007100106E0FFF90501F0C2F29E070F1040F0E50501F0C2F29E070F1028
:2042E00002F87F000698930021065400E0FD211608000790920013F0C2F2C2F100F5A093C2
:2043000013F0C2F2C2F1008D918F2100F191CAF57F0006108200079821065C00E0FD02F01C
:20432000C2F221065C00E0FDC1F100F5019D7F000610820021065C00E0FD02F0C2F22106E0
:204340005C00E0FDC1F100F5010A940B7F000610820021065C00E0FD02F0C2F221065C0033
:20436000E0FDC1F100F5010A980B7F000610820021065400E0FD0798D30002F0C2F221065D
:204380005400E0FDC1F100F5809C7F0006088100088809803306080F01003206880E0100E2
:2043A0000710820001F0C2F2D3F100F52F0601A5A5A50D7D000001F0C2F2D2F100F5027880
:2043C000C37ACFF1018D01F0C2F2D2F100750278C37ACE790FF60400018501F0C2F2D3F17F
:2043E00000F52F0600A5A5A50D7D00007F002B0688AFBFFFCB0700007F00200E00102B06B5
:204400000068BFFF6B0F01007F00210601A5A5A580070F0C5EB21F0A80074F0C5EB2210671
:2044200000A5A5A580070F0C5EB27F00210601A5A5A580070F0C5EB280074F045EB2210682
:2044400000A5A5A580070F0C5EB27F00060881000898071082000190C69231060020D9FF5C
:20446000D19102F0C2F2D2F1019D7F00061082000798930002F0C6F2BE07070800B22096A4
:204480001F00B391F20FC00001509F527F000608810001F0C6F2BE07075000B27F000608A4
:2044A000810007108200089092006192EA0D01F0C6F2BE07079800B2018AE28FC0001199A9
:2044C000BE070D9800B2E50D019AE29FC000338801F0C6F2BE07079800B25199BE070D9824
:2044E00000B27F00060881000710C20001F0C6F2BE070D1000B27F0006088100071082003F
:2045000001F0C6F2019AE29FC000BE078D9800B27F000608810001F0C6F28016FFFFBE076A
:204520008D1000B27F00031ED8FF634F250063472100633F1D0063FF150063EF110006E88C
:204540009D006307090063070D001D3080FFE4001D3063070100063A23460C00234E08003E
:2045600080FFEC00630701000032003A0042004A6307050080FF8801005223FF150023EF5B
:204580001100031E28007F009407E13006E89D0007E008D809D021068400E0FD21170100AA
:2045A000E011A21D21F701001D3023160000003D1E0E0C001E8E3400BE0749400000A10761
:2045C00009900000480AA2070F9000004812E189FAF5BFFF54FF00525406FF309407E1305D
:2045E00006E89D0007E008D809D021068400E0FD21170100E011A21D21F701001D30231680
:204600000000003D1E0E0C001E8E3400BE0749400000A10709900000480AA2070F9000001C
:204620004812E189FAF5BFFF00FF00525406FF300608810001F0C2F23306880F0100D3F166
:2046400000F522060010558001157F000610820008800978839701003306880F01000788A7
:20466000910002F0C2F2D3F100F51108D00A130DE091833502F0C2F2D3F100F5200E0F4032
:20468000190D000AC52502F0C2F2D3F100F50170C272D0712E770100217502F0C2F2D3F115
:2046A00000F50772117502F0C2F2D3F100F524756172A2FD02F0C2F2D3F100F51C6D017043
:2046C000C272CF716E6F0100410A8100F209C1DDD51502F0C2F2D3F100F5200E0040190D46
:2046E00002F0C2F2D3F100F5070A110D02F0C2F2D3F100F5240D610AA2FD7F008607E1F1B4
:2047000006E89D0008D023C72D0009C83C06880F010007D89B0083BF3100630705006307AE
:204720000900630709001D30010A630F0100203ED80023460800234E0400BFFF12FF1D30FA
:20474000010A630F0100053A23460800234E0400BFFFFCFE230F0500810AA1F5200E000276
:20476000630F09001D30013A633F010023460800234E0400BFFFD8FE1D30010A630F01004E
:20478000203E350023460800234E0400BFFFC0FE230F0500820A99F51D30010A630F010008
:2047A000053A23460800234E0400BFFFA2FE230F0500810AA1F51DF0C2F2DCF100F5400E4D
:2047C0003200130D1DF0C2F2DCF100F51505231709001DF0C2F2DCF100F5020E0100630FA1
:2047E000090021151DF0C2F2DCF100F521060F470200190D1DF0C2F2DCF100F5200E070199
:20480000110D1DF0C2F2DCF100F5240D610AA2FD63070500F525231709001DF0C2F2DCF162
:2048200000F5020E0100630F090021151DF0C2F2DCF100F521060F000200190D1DF0C2F21F
:20484000DCF100F5200E0701110D1DF0C2F2DCF100F5240D610AA2FD230F0500410A630F90
:204860000500230F0500010600FCE9D51DF0C2F2DCF100F511054606FFF100527F00005243
:204880007F00400E04104016EB00330600405581619F010001F66000039A019D01F62400F9
:2048A000409E0600019D01F62C00010501F63000209E0040019D01F62000019A019D01F643
:2048C0004800009D819AC9FD000001F62400409E0500019D01F62C00010501F63000209E68
:2048E0000F40019D01F62000059A019D01F64800009D819AC9FD0000B50D01F62000059A42
:20490000019D01F64800009D819AC9FD000001F63800009D829AA9F501F62400409E0100BC
:20492000019D01F62C00409E0040019D01F63000209EC040019D01F62000019A019D01F630
:204940004800009D819AC9FD000001F62400409E0500019D01F62C00010501F63000209EE7
:204960000F40019D01F62000059A019D01F64800009D819AC9FD0000B50D01F62000059AC1
:20498000019D01F64800009D819AC9FD000001F63800009D879AA9F5009D8F9AF9ED01F68E
:2049A0000C00409E0001019D01F61000011501F61400019A019D01F61800010501F61C00E5
:2049C000330600CF0202019D01F65800330603000200019D01F61C00010533060140AA01C4
:2049E000619F010001F61000011501F61400019A019D01F61800409E005A019D01F61C005D
:204A0000809E00CF019D01F65800330603000200019D01F61C00010501F624000115005244
:204A20007F0006080710089800527F0006080710089800527F0006080710089800527F0035
:204A400006080710089800527F0006080710089800527F00067807680870400E041022063B
:204A6000004055816117010001F6240040160600011501F62C00010501F630002016004054
:204A8000011501F620000112011501F6480000158112C9FD000001F6240040160500011587
:204AA00001F62C00010501F6300020160840011501F620000512011501F6480000158112E7
:204AC000C9FD0000B50D01F620000512011501F6480000158112C9FD000001F63800001519
:204AE0008212A9F501F638000015C2063C00A205850501F6240040160100011501F62C0060
:204B000040160200011501F630002016C040011501F620000112011501F6240040160600FD
:204B2000011501F62C00010501F6300020160040011501F620000112011501F648000015EF
:204B40008112C9FD000000120F8801F62800018D01F64000011501F62400409E3200019D90
:204B600001F62C00010501F6300033060F4F0200019D01F62000209E0301019D01F64800F8
:204B8000009D819AC9FD00004112019AF51501F64000011501F6300032060F00020001954C
:204BA00001F6200020960301019501F6480000958192C9FD00004112419AEE9991ED01F6B7
:204BC0002000010501F6240040960500019501F62C00010501F6300020960F40019501F641
:204BE00020000592019501F6480000958192C9FD0000B50D01F620000592019501F6480076
:204C000000958192C9FD000001F6380000958192A1F500958992F1ED01F6200005920195E7
:204C200001F6480000958192C9FD0000A50D01F638000085D0063C00C20500000000F5FD96
:204C400001F638000095D206FE00AAF500527F0006F0000A010501507F0006900112E607DE
:204C6000780B0198E099B2050112A50D010AE6077A0B0198E099B2050012A50501120250BC
:204C80007F000690009A0000E607780B0110E0118A0D010AE6077A0B0110E011A205A5058C
:204CA000C5F513507F0006F0000A010501507F0006F0000A010501507F00069807909200E5
:204CC0000012E63FE000B205010A011002507F00061007989300000A0000E63FE000AA0513
:204CE000000001507F00061007989300000AE63FE40001507F0006F00710000A011501503B
:204D00007F0006F00092009DE099B20D138EFFFF13081110E60FEE10B20501980288A50565
:204D2000019212507F0006F0008A0000009DE099B20D1396FFFF13081210E60FEE10BA0514
:204D400001980290A505B5F511507F0006F007800092009DF099B90D138E0100130811101B
:204D6000E60FEE10B20501980288A505019212507F0006F00780008A0000009DF099B90D55
:204D80001396010013081210E60FEE10BA0501980290A505000011507F0006F00708220698
:204DA00001A5A5A52B06101798FF6B170100010D220600A5A5A52B06101798FF6B170100FA
:204DC0007F008007E1F006E89D0007C808C098003C068800E0FD80DEFFFF00D2FD3EFF0033
:204DE0001D30C43221061414E0FDC13121067414E0FD2046FF00014AC13980FF7A041DF012
:204E0000C2F2DCF100F58E031B085FDADB00E009920D1DF0C2F2DCF1000DA10F1100E00987
:204E2000CAF5E0D9E2D700001DF0C2F2DCF100F5610881031908805E0096EB09A91D01067B
:204E400040EDC10D01060CFEB23D010650FB924D0106A0F6F2558007EA01010640EDB26585
:204E6000010680DA9275010600B5E27D8007D4012B06002C0100EB09A915805E0096EB09DB
:204E8000E2070701805E50C3EB09E2071D01805E00E1EB09E20733018007A801EB09E20758
:204EA00049012B0600C20100EB09E2075B012B0620A10700EB09E2076F01800786011DF01A
:204EC000C2F2DCF100F56108810E9800810B1DF0C2F2DCF100F5200E1800810C80076801FA
:204EE0001DF0C2F2DCF100F56108810E7000810B1DF0C2F2DCF100F5200E1104810C800761
:204F000046011DF0C2F2DCF100F56108810E7000810B1DF0C2F2DCF100F5200EFF01810C95
:204F2000800724011DF0C2F2DCF100F56108810E7000810B1DF0C2F2DCF100F5200E030199
:204F4000810C800702011DF0C2F2DCF100F56108810E7600810B1DF0C2F2DCF100F5200E0C
:204F60008100810C85751DF0C2F2DCF100F56108810E7000810B1DF0C2F2DCF100F5200E01
:204F80004000810C85651DF0C2F2DCF100F56108810E7000810B1DF0C2F2DCF100F5200E32
:204FA0002000810C85551DF0C2F2DCF100F56108810E7000810B1DF0C2F2DCF100F5200E42
:204FC0001800810C85451DF0C2F2DCF100F56108810E7000810B1DF0C2F2DCF100F5200E3A
:204FE0001500810C85351DF0C2F2DCF100F56108810E7000810B1DF0C2F2DCF100F50F0A42
:20500000810C95251DF0C2F2DCF100F56108810E6000810B1DF0C2F2DCF100F5200E6200CF
:20502000810C95151DF0C2F2DCF100F56108810E9800810B1DF0C2F2DCF100F58104B505D8
:2050400001D200001DF0C2F2DCF1000DC1AF08001DF0C2F2DCF100F589C31DF0C2F2DCF10D
:20506000000DC11F21001DF0C2F2DCF100F5010A880B1DF0C2F2DCF100F5010A8E0B80DE7C
:20508000FFFF1B085FDADB00E009920D1DF0C2F2DCF1000DA10F1100610ACAF5E0D9E2D75B
:2050A00000001A504006FFF00610820021068800E0FD02F0C2F221068800E0FDC1F100F554
:2050C0009E0F2100810E0300A00B7F000610820021068800E0FD02F0C2F221068800E0FDF0
:2050E000C1F100F59E0F2100C10EFC00A00B7F000698930021068800E0FD019007889100D8
:2051000013F0C2F2D2F1008590871300D08610001010A4128200E011CAF513F0C2F2D2F17E
:2051200000F5928C7F008007E17006E89D0007C821068800E0FD3B061414E0FD01D001E225
:205140001DF0C2F2DAF10015C2160800E2172500E011E2051DF0C2F2DAF100F592041D3074
:20516000C432DB3180FF5001E0518A0D1D30C432DB31193880FFB20100E21C504006FF70C0
:205180008007E10006E89D0007E09C001D301C38BFFF60FF4006FF008007E10006E89D00A3
:2051A00007E09C001D301C38BFFFD8FF4006FF008607E11006D89B0007E000EA23F601000F
:2051C0000B0AFE177203E1060500E51509F2BDF123160100C2F11C080A12E20FFE0A010E6C
:2051E0003000800B2106CDCCCCCC1C90E197229A13E083E241EAE0E1AAED43070B00A50DDA
:205200001B3009F2BDF123160100C2F16038BFFF8AFF1D085FEAE009CBF54606FF108207D3
:20522000E10006E89D0021068800E0FD3C061414E0FD1DF0C2F221068800E0FDC1F1000D23
:20524000E10F2700430F03001D30C432DC3180FF7200E0518A0D1D30C432DC31233E030025
:2052600080FF74004206FF00060881007F00060881007F008007E13008D0DA0006E807D8C1
:2052800009E0DC007DDF01001B301C40FA472202003A80FF1ECF7D0704007D0706007D07A4
:2052A00008001A08FC0F20027D0F0A007DE70C004006FF3006F07208E009E35700007F000A
:2052C00006F075087610E20FFC027210E111EE5700007F008007E10006E807E01D30BFFF66
:2052E000E2FFE051DA1DFD0F0D00FD170700C209FD170B00E20FFC0A7D0F0600FD0F0700EB
:205300003D3701001C38FD470D00C13180FF18CFFD0F0500410A7D0F0400000AA505010A70
:2053200001504006FF008007E11006E807D800E21D30BFFF82FFE051CA1DFD0F0D00FD17DF
:205340000900C209FD170B00E20FFC0A7D0F0800FD0F09003D3F01001B30FD470D00C139A7
:2053600080FFC4CEFD0F05005F0A7D0F0400A50501E21C504006FF100608C100071082005C
:205380002B067018E0FD6B0F00002B067218E0FD4B17000000527F000698D3000790920098
:2053A0002106A000E0FD088891002206A000E0FD09809000820F01000106C4FFB115820FB7
:2053C000010001788F00410A420F0000EF0E06002F067418E0FD01F0CFF1809C8293838B97
:2053E000848300527F000698D30007909200088891002206A000E0FD09809000820F0100CA
:205400000106C4FFB115820F010001788F00410A420F0000EF0E06002F067418E0FD01F034
:20542000CFF1809C8293838B848300527F000698D30007909200088891002206A000E0FD35
:2054400009809000820F01000106C4FFB115820F010001788F00410A420F0000EF0E0600D8
:205460002F06DC19E0FD01F0CFF1809C8293838B848300527F0006087F0006087F00060835
:205480007F0006087F002106A400E0FD0012E0174010E007600102F0C2F22106A400E0FD69
:2054A000C1F1000D410A010D7F002106A400E0FD01980012E017401002F0C2F2D3F10095BC
:2054C000E091F30D02F0C2F2D3F100955F92019502F0C2F2D3F1000DE009BA05E0876001EE
:2054E0007F002106BC00E0FD0012E0174010E007600102F0C2F22106BC00E0FDC1F1000DA7
:20550000410A010D7F002106BC00E0FD01980012E017401002F0C2F2D3F10095E091F30D91
:2055200002F0C2F2D3F100955F92019502F0C2F2D3F1000DE009BA05E08760017F00210658
:20554000D400E0FDE00760013E06D400E0FD000D410A010D7F002106D400E0FD01F000159A
:20556000E011930D00155F120115000DE009BA05E08760017F002106D400E0FDE0076001E2
:205580003E06D400E0FD000D410A010D7F002106D400E0FD21170100E011C30D2117010026
:2055A0005F1261170100210F0100E009BA05E08760017F002106D800E0FDE00760013E0679
:2055C000D800E0FD000D410A010D7F002106D800E0FD01F00015E011930D00155F12011522
:2055E000000DE009BA05E08760017F00E00760017F00E08760017F002106DC00E0FDE007DA
:2056000060013E06DC00E0FD000D410A010D00007F002106E000E0FDE00760013E06E000F7
:20562000E0FD000D410A010D00007F002106DC00E0FD21170100E011E30D211701005F1204
:2056400061170100210F0100E009CA05E0876001B505A505000000007F002106E000E0FD59
:2056600021170100E011E30D211701005F1261170100210F0100E009CA05E0876001B50582
:20568000A505000000007F002106E400E0FD3E06E400E0FD00126098E099A215A5054112BD
:2056A0006098E099C2050206D7FFA9FD6098E099CA0DE00760016098419A809BE505E007DF
:2056C00060016098419A809B7F002106E400E0FD01F06010E011920D60105F128013600847
:2056E000E009BA05E08760017F002106E400E0FD0012A19F0100E099E215A5054112A19FD3
:205700000100E099C2050206D7FF99FDA19F0100E0998A15E0076001A19F0100419A419F37
:205720000100850DE0076001A19F0100419A419F01007F002106E400E0FDA1170100E01180
:20574000C20DA11701005F1241170100A10F0100E009BA05E08760017F00E00760017F0090
:20576000E08760017F00E00760017F00E08760017F00E00760017F00E08760017F00E007DF
:2057800060017F00E08760017F00E00760017F00E08760017F00E00760017F00E087600145
:2057A0007F002106E800E0FDE00760013E06E800E0FD000D410A010D00007F002106E80039
:2057C000E0FD01F00015E011930D00155F120115000DE009BA05E087600100007F00210696
:2057E000E800E0FDE00760013E06E800E0FD000D410A010D00007F002106E800E0FD21178A
:205800000100E011C30D211701005F1261170100210F0100E009BA05E087600100007F0083
:20582000E00760017F00E08760017F00E00760017F00E08760017F00E00760017F00E0871E
:2058400060017F002106EC00E0FDE00760013E06EC00E0FD000D410A010D7F002106EC002B
:20586000E0FD01F00015E011930D00155F120115000DE009BA05E08760017F002106F00005
:20588000E0FD3E06F000E0FD0012009DE099A315A5054112009DE099C20502064FFBA9FD68
:2058A000009DE099CA0DE0076001009D419A019DE505E0076001009D419A019D7F002106AF
:2058C000F000E0FD01F00015E011930D00155F120115000DE009BA05E08760017F00E007E5
:2058E00060017F00E08760017F00E00760017F00E08760017F002106F400E0FDE007600133
:205900003E06F400E0FD000D410A010D7F002106F400E0FD01F00015E011930D00155F1278
:205920000115000DE009BA05E08760017F002106F400E0FDE00760013E06F400E0FD000DF3
:20594000410A010D7F002106F400E0FD21170100E011C30D211701005F1261170100210F2A
:205960000100E009BA05E08760017F008007210080FF880C80FF342580FF742580FF4808BD
:2059800080FFAA0980FF0E0B80FF9A2580FFF22780FF442A80FF180980FF7C0A80FFDE0B6D
:2059A00080FF962680FFE82880FF3E2B005240063F00060881000710089801F0C2F231063C
:2059C0008C0F0100D1F100F5011501F0C2F23106980F0100D1F100F5019D00527F000608A6
:2059E0008100071001F0C2F23206980F0100D2F100F5011500527F00060881000798089025
:205A000001F0C2F23106A40F0100D1F100F500153106FFFFFF0051117317010001F0C2F264
:205A20003106B00F0100D1F100F500153106FFFFFF0051117217010000527F00061082001A
:205A4000079802F0C2F23206B00F0100D2F100F5000D3206FFFFFF005209730F01000052DF
:205A60007F008007210080FF0E0D80FFC80E80FFA01880FF5A1A005240063F008007E17037
:205A800006E09C0008D007D8DB002106F800E0FD09C8D9001CF0C2F22106F800E0FDC1F1DE
:205AA0001B301A381940000DE1C760F90AE81D508A004006FF708007E17006E09C0008D012
:205AC00007D8DB0021060001E0FD09C8D9001CF0C2F221060001E0FDC1F11B301A381940F0
:205AE000000DE1C760F90AE81D508A004006FF7080072100210603000F0080070F0981A653
:205B0000200E211080070F0A81A680074F0281A680070F0381A680074F0381A6800EFFFF14
:205B200080070F0881A680074F0081A68007090981A62B06441BE0FD6B0F01001F0080FF5D
:205B4000BE0040063F000608071080070F0881A680074F1081A67F0006100798000A950D2B
:205B600001F0C2F2C2F1009580070F9080A6410AF309F1F57F0006100798000A950D01F0EE
:205B8000C1F2C2F1709080070F9080A6410AF309F1F57F0006100798000A850D01F0C2F1B2
:205BA000609080070F9080A6410AF30981FD7F0006F08007090881A6009A019080074908AD
:205BC00081A6007A0170128013880E89BE070F8000007F0006F08007090881A6010D7F00DA
:205BE00006F08007090881A6C100800C7F0006F08007090881A68100800B7F007F008007DE
:205C000061003D0600F4BFFF210623011F007D0F91002106B71DC1047D0FA1007D07A50091
:205C20001F0A7D0FB1007D07B5001F0A7D0F81007D0785003D0F91002B06441BE0FD6B0FC2
:205C400001001F0080FFD80040067F00060807102B0680F4BFFF6B0F01002B0684F4BFFF9E
:205C60006B1701007F0006100798000AB50D01F0C2F2C2F100952B0600F4BFFF6B970100CE
:205C8000410AF309D1F57F0006100798000AB50D01F0C1F2C2F170902B0600F4BFFF6B97BB
:205CA0000100410AF309D1F57F0006100798000AA50D01F0C2F160902B0600F4BFFF6B976D
:205CC0000100410AF309E1F57F0006F04096C0FF329781F4009A4076C0FF2E7785F4007AB7
:205CE000128013880E89BE070F8000007F0006F0400EC0FF210F81F4010D7F0006F0400E94
:205D0000C0FF210F81F4C100800C7F0006F0400EC0FF210F81F48100800B7F007F002B0670
:205D20002101F8FFCBA700002B062001F8FFCBBF00007F002B062001F8FFCB3F00002B0602
:205D40002101F8FFCBA700007F002B062701F8FFCBA700002B062601F8FFCBBF00007F001F
:205D60002B062601F8FFCB3F00002B062701F8FFCBA700007F002B062901F8FFCBA70000C5
:205D80002B062801F8FFCBBF00007F002B062801F8FFCB3F00002B062901F8FFCBA700008A
:205DA0007F00231EFCFF63FF0100E1476011E6476099231EFCFF63F70100E1374000E03FF8
:205DC0004000F1474000F04F4000E6574000E75F4000E647605980FF5205E6676059EB3F9D
:205DE0002000EA372000E9872000E88F2000E0076001E7072000E60F200023F70100231E54
:205E00000400E6676099E167601123FF0100231E0400E0074801231EFCFF63FF0100E14720
:205E20006011E6476099231EFCFF63F70100E1374000E03F4000F1474000F04F4000E65749
:205E40004000E75F4000E647605980FF4606E6676059EB3F2000EA372000E9872000E88F33
:205E60002000E0076001E7072000E60F200023F70100231E0400E6676099E167601123FF16
:205E80000100231E0400E0074801231EFCFF63FF0100E1476011E6476099231EFCFF63F798
:205EA0000100E1374000E03F4000F1474000F04F4000E6574000E75F4000E647605980FFCB
:205EC0003807E6676059EB3F2000EA372000E9872000E88F2000E0076001E7072000E60F80
:205EE000200023F70100231E0400E6676099E167601123FF0100231E0400E0074801800704
:205F0000E11040EE98FF3C0600A5A5A51C0E01007D0F0107010A9D074F080201A505000028
:205F20009D0709080201820AB9FD7DE701071C0E01007D0F0107010A9D07CF080001010AAA
:205F40009D070F080001A50500009D0749080001C10E0300630A9AFD00DAC505000041DA50
:205F6000BB0064DAEE059D0749080001820AF1F57DE701071C0E01007D0F0107010A7D0F0B
:205F80000D00010A7D0F0100A50500003D0F0500C10E0300630AAAFD00DAC505000041DABC
:205FA000BB0064DADE053D0F0500820A81FD7DE701071C0E01007D0F01077D070101A5054F
:205FC00000003D0F0901E009CAFD7DE701071C0E01007D0F0107010A7D0F4101A50500000D
:205FE0003D0F4901610ACAFD7DE701071C0E01007D0F0107010A7D0F5101A50500003D0FCF
:206000005901610ACAFD7DE701071C0E01007D0F01077D076101A50500003D0F6901E0099A
:20602000CAFD7DE701071C0E01007D0F0107010A7D0F7101A50500003D0F7901610ACAFDC3
:206040007DE701071C0E01007D0F01079D070F000401A50500009D0789080401E009BAFDD9
:206060007DE701071C0E01007D0F0107030A9D070F090401A50500009D0789090401630AD5
:20608000BAFD7DE701071C0E01007D0F0107010A9D070F0A0401A50500009D07890A04016B
:2060A000610ABAFD7DE701071C0E01007D0F0107020A9D070F0B0401A50500009D07890BE2
:2060C0000401620ABAFD010A9D070F0C0401A50500009D07890C0401610ABAFD7DE7010753
:2060E0001C0E01007D0F0107010A9D070F080601A50500009D0789080601610ABAFD7DE7A8
:2061000001073D0F01012B06441BE0FD6B0F01001F0080FF08004006FF107F002B0649014C
:20612000F8FFCBA700002B064801F8FFCBBF00007F002B064801F8FFCB3F00002B06490186
:20614000F8FFCBA700007F00231EFCFF63FF0100E1476011E6476099231EFCFF63F7010062
:20616000E1374000E03F4000F1474000F04F4000E6574000E75F4000E647605980FF0020E9
:2061800080FFAC2480FF4E22E6676059EB3F2000EA372000E9872000E88F2000E0076001C1
:2061A000E7072000E60F200023F70100231E0400E6676099E167601123FF0100231E0400F5
:2061C000E00748018007610040EE60FF9D07CF04001D200E82009D074F08031D9D078F0187
:2061E000031D9D070F01031D9D074F01031D9D078F00031D9D07CF00031D9D07CF02031D1C
:20620000030A9D074F0A031D9D074908031D2B06441BE0FD6B0F01001F00210601A5A5A521
:2062200080070F0C5EB2080A80074F0C5EB28007090941B2220600E05C5B4209810E100073
:2062400080070F0941B28007090941B2810E600080070F0941B28007090941B2810E400044
:2062600080070F0941B28007090941B22206FFFFFCFF420980070F0941B280074F045EB218
:20628000210600A5A5A580070F0C5EB280FF9A0040067F0080072100BFFF86FA40063F00ED
:2062A00080072100BFFF90FA40063F0080072100BFFFE4FF400E6FFF210F49802C06488071
:2062C0006EFF810E80006C0F0100400E6FFF210F55802C0654806EFF810E80006C0F010007
:2062E00040063F008007610040EE60FF9D07490D001D810E40009D074F0D001D9D07890C68
:20630000001D810E40009D078F0C001DBFFF94FF9D074908031D2B06441BE0FD6B0F0100E7
:206320001F0040067F007F007F008007610040EE60FF9D07CF04101D200E82009D074F08B7
:20634000111D9D078F01111D9D070F01111D9D074F01111D9D078F00111D9D07CF00111DA7
:206360009D07CF02111D030A9D074F0A111D9D074908111D2B06441BE0FD6B0F01001F0018
:20638000210601A5A5A580070F0C5EB2200E100080074F0C5EB28007890D41B2220600E0EC
:2063A0005C5B4209810E100080078F0D41B28007890D41B2810E600080078F0D41B280078A
:2063C000890D41B2810E400080078F0D41B28007890D41B22206FFFFFCFF420980078F0DB0
:2063E00041B280074F045EB2210600A5A5A580070F0C5EB280FF9A0040067F008007210072
:20640000BFFF4AF940063F0080072100BFFF54F940063F0080072100BFFFE4FF400E6FFFB9
:20642000210F49882C0648886EFF810E08006C0F0100400E6FFF210F55882C0654886EFF95
:20644000810E08006C0F010040063F008007610040EE60FF9D07490D101D810E04009D07D1
:206460004F0D101D9D07890C101D810E04009D078F0C101DBFFF94FF9D074908111D2B0689
:20648000441BE0FD6B0F01001F0040067F007F007F008007610040EE60FF9D07CF04101D4A
:2064A000200E82009D074F08131D9D078F01131D9D070F01131D9D074F01131D9D078F0062
:2064C000131D9D07CF00131D9D07CF02131D030A9D074F0A131D9D074908131D2B06441B55
:2064E000E0FD6B0F01001F00210601A5A5A580070F0C5EB2080A80074F0C5EB28007090BBD
:2065000041B2220600E05C5B4209810E100080070F0B41B28007090B41B2810E6000800747
:206520000F0B41B28007090B41B2810E400080070F0B41B28007090B41B22206FFFFFCFFAE
:20654000420980070F0B41B280074F045EB2210600A5A5A580070F0C5EB280FF9A0040064B
:206560007F0080072100BFFF10F840063F0080072100BFFF1AF840063F0080072100BFFF46
:20658000E4FF400E6FFF210F49882C0648886EFF810E80006C0F0100400E6FFF210F558898
:2065A0002C0654886EFF810E80006C0F010040063F008007610040EE60FF9D07490D101DB4
:2065C000810E40009D074F0D101D9D07890C101D810E40009D078F0C101DBFFF94FF9D0729
:2065E0004908131D2B06441BE0FD6B0F01001F0040067F007F007F008007610040EE60FFDB
:206600003D0F09001E1242097D0F0900200E55007D0FB1003D0F0900810E01007D0F0900DB
:20662000010A7D0F0503010A7D0F09037D070D037D0711037D0715037D0719037D071D030C
:206640007D0721037D0725037D0729037D074D032106AAAA15007D0F01033D0F01032B06C1
:20666000441BE0FD6B0F01001F0080FF180080FF500080FF880080FFC00080FFF8004006DB
:206680007F0040F660FF9E07CF07431C9E07890F431C4016020042099E078F0F431C9E0786
:2066A000890F431C810E0D009E078F0F431C9E070F07431C010A9E07CF0F431C7F0040F6E9
:2066C00060FF9E07CF07471C9E07890F471C4016020042099E078F0F471C9E07890F471CF4
:2066E000810E8D009E078F0F471C9E070F07471C010A9E07CF0F471C7F0040F660FF9E0710
:20670000CF074B1C9E07890F4B1C4016020042099E078F0F4B1C9E07890F4B1C810E0D000B
:206720009E078F0F4B1C9E070F074B1C010A9E07CF0F4B1C7F0040F660FF9E07CF074F1C9E
:206740009E07890F4F1C4016020042099E078F0F4F1C9E07890F4F1C810E0D009E078F0FB9
:206760004F1C9E070F074F1C010A9E07CF0F4F1C7F007F00800761003D0600A5A5A58007F0
:20678000090840E4C10E0C0080070F0840E48007090840E4810E400080070F0840E4800753
:2067A000090840E4810EC00080070F0840E4200E100080078F0840E4200EFF0080074F0B05
:2067C00040E4200EE20080078F0B40E48007CF0040E480070F0140E4200E700080074F098E
:2067E00040E4200EEC008007CF0940E48007090840E4C10E8C0080070F0840E480078908E7
:2068000040E42B06441BE0FD6B0F01001F001D0E010080070F0C5EB2200E000480074F0C5B
:206820005EB28007490845B2220600E05C5B4209810E100080074F0845B28007490845B22C
:2068400040160010020980074F0845B28007490845B2810E460080074F0845B280074908A1
:2068600045B2810E400080074F0845B28007490845B22016EFFF420980074F0845B28007E3
:20688000490845B240160200020980074F0845B280074F045EB280070FEC5EB21D0E0100D0
:2068A00080070F0C5EB2200E000480074F0C5EB28007090845B2220600E05C5B4209810EDA
:2068C000100080070F0845B28007090845B240160010020980070F0845B28007090845B2EF
:2068E000810E460080070F0845B28007090845B2810E400080070F0845B28007090845B2AC
:206900002016EFFF420980070F0845B28007090845B240160200020980070F0845B2800765
:206920004F045EB280070FEC5EB280FFF20240067F002B065F05F8FFCBA700002B06610595
:20694000F8FFCBA700002B065D05F8FFCBA700002B065B05F8FFCBA700002B065E05F8FF4D
:20696000CBBF00002B066005F8FFCBBF00002B065C05F8FFCBBF00002B065A05F8FFCBBF52
:2069800000007F002B065E05F8FFCB3F00002B066005F8FFCB3F00002B065C05F8FFCB3FB9
:2069A00000002B065A05F8FFCB3F00002B065F05F8FFCBA700002B066105F8FFCBA7000048
:2069C0002B065D05F8FFCBA700002B065B05F8FFCBA700008007890840E42B06441BE0FD18
:2069E0006B0F01001F007F008007E17006E0DC0007D008C8D9003B06591BE0FD00EA800761
:206A0000490840E4880AC90520EE8200E52D1C0600FCC90520EE8300852D2B06521BE0FD55
:206A20006BCF00002B06481BE0FD6BD701002B06501BE0FD6BE700000D0A2B06581BE0FD05
:206A40004B0F00001C0680FFD105010A5B0F0000C505020A5B0F000080FFA001010A2B0654
:206A60005B1BE0FD4B0F00001D504006FF708007E17006E0DC0007D008C8D9003B06591B78
:206A8000E0FD00EA8007490840E4880AC90520EE8200D52D1C0600FCC90520EE8300F525AA
:206AA0002B06521BE0FD6BCF00002B06481BE0FD6BD701002B06501BE0FD6BE700000D0A8B
:206AC0002B06581BE0FD4B0F00001C0680FFD105010A5B0F0000C505020A5B0F000080FF30
:206AE0001A012B065B1BE0FD4B0700001D504006FF708007E17006E0DC0007D008C8D90069
:206B00003B06591BE0FD00EA1C0600FCC90520EE830085752B06561BE0FD6BCF00002B0698
:206B2000541BE0FD6B0700002B064C1BE0FD6BD701002B06501BE0FD6BE700002B065A1B6E
:206B4000E0FD4B0700000C0A2B06581BE0FD4B0F00001C0680FFC1055B070000C505020A76
:206B60005B0F00008007490840E4880A99458007490840E4840AE1058007490A40E4840A43
:206B8000E9158007490A40E4810AE1058007490A40E4820AC90520568500D52D800749085B
:206BA00040E4880AF1ED80FF5200C5258007490840E4870AA91D8007490A40E41B124209BD
:206BC00080074F0A40E48007C90940E4810E04008007CF0940E48007490840E4810E04008F
:206BE00080074F0840E4E50520EE8600B50580FF0A001D504006FF708007490840E4810E25
:206C0000020080074F0840E47F008007490840E4810E080080074F0840E47F007F00FA471D
:206C200060F1E1D74000231EFCFF63D70100E0D74000F1DF4000F0E74000E6EF4000E7F783
:206C40004000FA4760F13E06591BE0FD3D06581BE0FD8007C9E140E482E2F905800749E2D1
:206C600040E482E2E10775028007C9E140E481E2F905800749E240E481E2E1075F0280076E
:206C8000C9E140E485E2896D800749E240E485E2B9659DE701006DE2BA2D800749E240E4DD
:206CA00017DA5BE180074FE240E4800749E040E49CE6080080074FE040E4A5050000800762
:206CC00049E240E484E2B9FD800749E240E420DEEFFF5BE180074FE240E4800749E240E499
:206CE00017DA5BE180074FE240E48007EE019DE701006CE2EA07E501800749E240E417DAA4
:206D00005BE180074FE240E4800749E040E49CE6080080074FE040E4800709E440E41CD897
:206D20009B00A5050000800749E240E484E2B9FD800749E240E420D6EFFF5AE180074FE26F
:206D400040E4800749E240E417D25AE180074FE240E4800786019DE701006DE2FA4560E0D8
:206D600061E2C20560E062E2BA1D800749E240E41BDA5BE180074FE240E48007C9E140E476
:206D80001BDA5BE18007CFE140E48007C9E140E49CE608008007CFE140E480073E0160E027
:206DA00067E2EA073701800749E240E420DEEFFF5BE180074FE240E4800749E240E417DAC0
:206DC0005BE180074FE240E48007C9E140E417DA5BE18007CFE140E48007C9E140E49CE6E7
:206DE00004008007CFE140E4857D9DE701006CE2CA7560E0E0E1C20560E062E2AA1D800786
:206E000049E240E41BDA5BE180074FE240E48007C9E140E41BDA5BE18007CFE140E48007AE
:206E2000C9E140E49CE608008007CFE140E4D55560E06EE2CA15800749E240E41BDA5BE1FF
:206E400080074FE240E48007C9E140E41BDA5BE18007CFE140E403E280E3F53D60E06BE26E
:206E6000CA3D800709E140E420DEDFFF5BE180070FE140E4800709E140E420DEEFFF5BE106
:206E800080070FE140E4800709E140E417DA5BE180070FE140E4800749E240E420DEEFFF38
:206EA0005BE180074FE240E4800749E240E417DA5BE180074FE240E48007C9E140E417DA95
:206EC0005BE18007CFE140E48007C9E140E49CE604008007CFE140E4FA6760F1FE3F2000D6
:206EE000FD372000FC872000FB8F2000E0076001FA07200023D70100231E0400FA0F20001F
:206F0000FA6760F1E0074801F94760F1E6CF4000E7D74000F94760D13E06591BE0FD3D06C2
:206F2000501BE0FD3C06521BE0FD3B06481BE0FD3906581BE0FD99D701006DD28A4D60D0B6
:206F400061D2BA0DFDD70100C1D29A008007CFD340E405D280D3C57D60D062D2FA0DFDD73D
:206F60000100DAD6000387D29AD6F0009A008007CFD340E404D280D3B56D60D064D2BA0D45
:206F8000FDD701009A009A008007CFD340E405D280D3E55D60D065D2BA5DFCD70100E0D12C
:206FA000B2153BD701009AD701008007CFD340E43BD7010041D27BD70100FCD701005FD2BA
:206FC0007CD70000D54506D280D3A54599D701006CD2EA3D60D0E0D1DA0DFDD70100C1D229
:206FE0009AD601009A008007CFD340E408D280D3F52D60D062D2FA0DFDD70100DAD60003F7
:2070000087D29AD6F0009A008007CFD340E404D280D3E51D60D064D2BA0DFDD701009A0009
:207020009A008007CFD340E40ED280D3951560D063D2EA0DFDD70100DAD6000387D29AD6DF
:20704000F1009A008007CFD340E408D280D3F96760D1FA3F2000F9372000F96760F1E00759
:207060004801FC4760F1E6E74000E7EF4000FC4760E93E06591BE0FD60E866EADA253D0615
:207080005B1BE0FD9DEF010061EACA15800749EA40E417E25CE980074FEA40E4800749E82E
:2070A00040E49DEE080080074FE840E407EA80EBF52D800749EA40E420E6BFFF5CE980074B
:2070C0004FEA40E4D52560E86EEAAA25800749EA40E41BE25CE980074FEA40E48007C9E9AD
:2070E00040E49DEE04008007CFE940E4800749E840E49DEE040080074FE840E4800749EA73
:2071000040E420E6BFFF5CE980074FEA40E4FC6760E9FD3F2000FC372000FC6760F1E00768
:207120004801F84760F1E6C74000E7CF4000F84760C93E064C1BE0FD3C06591BE0FD3D06CD
:20714000541BE0FD3A06561BE0FD9CDF010068DA8A45FADF010062DAD205FADF010061DAC6
:207160009A0D800709D940E49BDE400080070FD940E4FADF010061DA9A1D800709D940E436
:207180009BDE200080070FD940E4800709D940E49BDE100080070FD940E4800709D940E48D
:2071A0009BDE080080070FD940E4800709CC40E419D89B00FACF010061CAEA050ACA5CCFCC
:2071C00000008007380109CA5CCF000080072E019CDF010069DACA65FADF0100FDCF0100A6
:2071E000FBC9E9071901FDC701001BCEFDFFF8C98A1D800709C940E499CE400080070FC92C
:2072000040E400CD800709C440E459C7000000CD41CA01CDFDCF010041CA7DCF0000E56DC9
:20722000FDC701001BCEFEFFF8C9BA2D800709C940E499CE200080070FC940E4800709C91B
:2072400040E499CE100080070FC940E4800709C940E499CE080080070FC940E400CD80074D
:2072600009C440E459C7000000CD41CA01CDFDCF010041CA7DCF00000ACA5CCF0000E53D12
:2072800000CD800709C440E459C7000000CD41CA01CDFDCF010041CA7DCF0000F52D9CDF22
:2072A00001006ADABA2D800749DA40E417CA59D980074FDA40E4800749D840E49BDE0800A0
:2072C00080074FD840E400DD800709CC40E45BCF000000DD41DA01DDFDDF010041DA7DDF2B
:2072E0000000800709D940E420CEBFFF59D980070FD940E40BDA5CDF0000F86760C9F93FB0
:207300002000F8372000F86760F1E0074801800761003D0600A5A5A58007090860E4C10E59
:207320000C0080070F0860E48007090860E4810E400080070F0860E48007090860E4810E67
:20734000C00080070F0860E4200E100080078F0860E4200EFF0080074F0B60E4200EE20089
:2073600080078F0B60E48007CF0060E480070F0160E4200E700080074F0960E4200EEC0058
:207380008007CF0960E48007090860E4C10E8C0080070F0860E48007890860E42B06441B45
:2073A000E0FD6B0F01001F001D0E010080070F0C5EB2400E100080074F0C5EB28007490A4E
:2073C0004CB2220600E05C5B4209810E100080074F0A4CB28007490A4CB2401600100209DF
:2073E00080074F0A4CB28007490A4CB2810E430080074F0A4CB28007490A4CB2810E400080
:2074000080074F0A4CB28007490A4CB22016EFFF420980074F0A4CB28007490A4CB240163B
:207420000200020980074F0A4CB280074F045EB280070FEC5EB21D0E010080070F0C5EB207
:20744000400E100080074F0C5EB28007090A4CB2220600E05C5B4209810E100080070F0AFB
:207460004CB28007090A4CB240160010020980070F0A4CB28007090A4CB2810E4300800776
:207480000F0A4CB28007090A4CB2810E400080070F0A4CB28007090A4CB22016EFFF4209C9
:2074A00080070F0A4CB28007090A4CB240160200020980070F0A4CB280074F045EB2800724
:2074C0000FEC5EB280FFF20240067F002B066705F8FFCBA700002B066905F8FFCBA700005B
:2074E0002B066505F8FFCBA700002B066305F8FFCBA700002B066605F8FFCBBF00002B0638
:207500006805F8FFCBBF00002B066405F8FFCBBF00002B066205F8FFCBBF00007F002B0699
:207520006605F8FFCB3F00002B066805F8FFCB3F00002B066405F8FFCB3F00002B0662050D
:20754000F8FFCB3F00002B066705F8FFCBA700002B066905F8FFCBA700002B066505F8FF8A
:20756000CBA700002B066305F8FFCBA700008007890860E42B06441BE0FD6B0F01001F0034
:207580007F008007E17006E0DC0007D008C8D9003B066D1BE0FD00EA8007490860E4880A14
:2075A000C90520EE8200E52D1C0600FCC90520EE8300852D2B06661BE0FD6BCF00002B0632
:2075C0005C1BE0FD6BD701002B06641BE0FD6BE700000D0A2B066C1BE0FD4B0F00001C060D
:2075E00080FFD105010A5B0F0000C505020A5B0F000080FFA001010A2B066F1BE0FD4B0F64
:2076000000001D504006FF708007E17006E0DC0007D008C8D9003B066D1BE0FD00EA800717
:20762000490860E4880AC90520EE8200D52D1C0600FCC90520EE8300F5252B06661BE0FD9D
:207640006BCF00002B065C1BE0FD6BD701002B06641BE0FD6BE700000D0A2B066C1BE0FD9D
:207660004B0F00001C0680FFD105010A5B0F0000C505020A5B0F000080FF1A012B066F1B2F
:20768000E0FD4B0700001D504006FF708007E17006E0DC0007D008C8D9003B066D1BE0FDD9
:2076A00000EA1C0600FCC90520EE830085752B066A1BE0FD6BCF00002B06681BE0FD6B0799
:2076C00000002B06601BE0FD6BD701002B06641BE0FD6BE700002B066E1BE0FD4B07000016
:2076E0000C0A2B066C1BE0FD4B0F00001C0680FFC1055B070000C505020A5B0F00008007F5
:20770000490860E4880A99458007490860E4840AE1058007490A60E4840AE9158007490A50
:2077200060E4810AE1058007490A60E4820AC90520568500D52D8007490860E4880AF1ED93
:2077400080FF5200C5258007490860E4870AA91D8007490A60E41B12420980074F0A60E441
:207760008007C90960E4810E04008007CF0960E48007490860E4810E040080074F0860E465
:20778000E50520EE8600B50580FF0A001D504006FF708007490860E4810E020080074F087B
:2077A00060E47F008007490860E4810E080080074F0860E47F007F00FA4760F1E1D74000A9
:2077C000231EFCFF63D70100E0D74000F1DF4000F0E74000E6EF4000E7F74000FA4760F14F
:2077E0003E066D1BE0FD3D066C1BE0FD8007C9E160E482E2F905800749E260E482E2E10720
:2078000075028007C9E160E481E2F905800749E260E481E2E1075F028007C9E160E485E29D
:20782000896D800749E260E485E2B9659DE701006DE2BA2D800749E260E417DA5BE1800772
:207840004FE260E4800749E060E49CE6080080074FE060E4A5050000800749E260E484E235
:20786000B9FD800749E260E420DEEFFF5BE180074FE260E4800749E260E417DA5BE180078E
:207880004FE260E48007EE019DE701006CE2EA07E501800749E260E417DA5BE180074FE278
:2078A00060E4800749E060E49CE6080080074FE060E4800709E460E41CD89B00A50500001B
:2078C000800749E260E484E2B9FD800749E260E420D6EFFF5AE180074FE260E4800749E2D3
:2078E00060E417D25AE180074FE260E4800786019DE701006DE2FA4560E061E2C20560E079
:2079000062E2BA1D800749E260E41BDA5BE180074FE260E48007C9E160E41BDA5BE18007FC
:20792000CFE160E48007C9E160E49CE608008007CFE160E480073E0160E067E2EA07370161
:20794000800749E260E420DEEFFF5BE180074FE260E4800749E260E417DA5BE180074FE232
:2079600060E48007C9E160E417DA5BE18007CFE160E48007C9E160E49CE604008007CFE174
:2079800060E4857D9DE701006CE2CA7560E0E0E1C20560E062E2AA1D800749E260E41BDA91
:2079A0005BE180074FE260E48007C9E160E41BDA5BE18007CFE160E48007C9E160E49CE677
:2079C00008008007CFE160E4D55560E06EE2CA15800749E260E41BDA5BE180074FE260E468
:2079E0008007C9E160E41BDA5BE18007CFE160E403E280E3F53D60E06BE2CA3D800709E1E7
:207A000060E420DEDFFF5BE180070FE160E4800709E160E420DEEFFF5BE180070FE160E4B7
:207A2000800709E160E417DA5BE180070FE160E4800749E260E420DEEFFF5BE180074FE2D3
:207A400060E4800749E260E417DA5BE180074FE260E48007C9E160E417DA5BE18007CFE1EA
:207A600060E48007C9E160E49CE604008007CFE160E4FA6760F1FE3F2000FD372000FC8766
:207A80002000FB8F2000E0076001FA07200023D70100231E0400FA0F2000FA6760F1E007B1
:207AA0004801F94760F1E6CF4000E7D74000F94760D13E066D1BE0FD3D06641BE0FD3C06FE
:207AC000661BE0FD3B065C1BE0FD39066C1BE0FD99D701006DD28A4D60D061D2BA0DFDD78B
:207AE0000100C1D29A008007CFD360E405D280D3C57D60D062D2FA0DFDD70100DAD600038C
:207B000087D29AD6F0009A008007CFD360E404D280D3B56D60D064D2BA0DFDD701009A00BE
:207B20009A008007CFD360E405D280D3E55D60D065D2BA5DFCD70100E0D1B2153BD70100F5
:207B40009AD701008007CFD360E43BD7010041D27BD70100FCD701005FD27CD70000D5455B
:207B600006D280D3A54599D701006CD2EA3D60D0E0D1DA0DFDD70100C1D29AD601009A00DF
:207B80008007CFD360E408D280D3F52D60D062D2FA0DFDD70100DAD6000387D29AD6F0007D
:207BA0009A008007CFD360E404D280D3E51D60D064D2BA0DFDD701009A009A008007CFD334
:207BC00060E40ED280D3951560D063D2EA0DFDD70100DAD6000387D29AD6F1009A008007C5
:207BE000CFD360E408D280D3F96760D1FA3F2000F9372000F96760F1E0074801FC4760F1C3
:207C0000E6E74000E7EF4000FC4760E93E066D1BE0FD60E866EADA253D066F1BE0FD9DEF3F
:207C2000010061EACA15800749EA60E417E25CE980074FEA60E4800749E860E49DEE08004A
:207C400080074FE860E407EA80EBF52D800749EA60E420E6BFFF5CE980074FEA60E4D5259F
:207C600060E86EEAAA25800749EA60E41BE25CE980074FEA60E48007C9E960E49DEE040045
:207C80008007CFE960E4800749E860E49DEE040080074FE860E4800749EA60E420E6BFFF12
:207CA0005CE980074FEA60E4FC6760E9FD3F2000FC372000FC6760F1E0074801F84760F1AC
:207CC000E6C74000E7CF4000F84760C93E06601BE0FD3C066D1BE0FD3D06681BE0FD3A0633
:207CE0006A1BE0FD9CDF010068DA8A45FADF010062DAD205FADF010061DA9A0D800709D983
:207D000060E49BDE400080070FD960E4FADF010061DA9A1D800709D960E49BDE200080071A
:207D20000FD960E4800709D960E49BDE100080070FD960E4800709D960E49BDE0800800779
:207D40000FD960E4800709CC60E419D89B00FACF010061CAEA050ACA5CCF00008007380128
:207D600009CA5CCF000080072E019CDF010069DACA65FADF0100FDCF0100FBC9E9071901EC
:207D8000FDC701001BCEFDFFF8C98A1D800709C960E499CE400080070FC960E400CD800796
:207DA00009C460E459C7000000CD41CA01CDFDCF010041CA7DCF0000E56DFDC701001BCEC8
:207DC000FEFFF8C9BA2D800709C960E499CE200080070FC960E4800709C960E499CE100023
:207DE00080070FC960E4800709C960E499CE080080070FC960E400CD800709C460E459C7AC
:207E0000000000CD41CA01CDFDCF010041CA7DCF00000ACA5CCF0000E53D00CD800709C456
:207E200060E459C7000000CD41CA01CDFDCF010041CA7DCF0000F52D9CDF01006ADABA2D4B
:207E4000800749DA60E417CA59D980074FDA60E4800749D860E49BDE080080074FD860E4CE
:207E600000DD800709CC60E45BCF000000DD41DA01DDFDDF010041DA7DDF0000800709D9C8
:207E800060E420CEBFFF59D980070FD960E40BDA5CDF0000F86760C9F93F2000F8372000BE
:207EA000F86760F1E00748018007610040EE60FF200E15007D0F01017D0705017D07090184
:207EC000020A7D0F0D017D071101040A7D0F15017D0719013D0F01012B06441BE0FD6B0FE3
:207EE00001001F0080FF3C0040067F00200E2A002B06000160FF6B0F01007F00200E1500BC
:207F00002B06000160FF6B0F0100400E60FF210F01012C06441BE0FD6C0F01001F007F00EE
:207F20007F008007610040EE60FF7D07A513200E3F007D0FB1137D07B913200E3F007D0F0B
:207F4000BD133D0F79102206FFFFFF0F42094016005002097D0F79109D07090E431C810E8E
:207F600080009D070F0E431C9D07090E431C2206FFFF1F00DD1142099D070F0E431C3D0F5D
:207F8000A5132B06441BE0FD6B0F01001F00210601A5A5A580070F0C5EB2400E0100800783
:207FA0004F0C5EB2800749084AB2220600E05C5B4209810E100080074F084AB28007490827
:207FC0004AB2810E500080074F084AB2800749084AB2810E400080074F084AB280074F0495
:207FE0005EB2210600A5A5A580070F0C5EB280FF480140067F00800721002B06AD00F8FF9F
:20800000CBA700002B06AC00F8FFCBBF0000BFFF0EE140063F00800721002B06AC00F8FFE2
:20802000CB3F00002B06AD00F8FFCBA70000BFFF04E140063F0080072100BFFFBCFF400E58
:2080400060FF210FA5132C06A41360FF810E01006C0F010040063F0080072100400E60FFAB
:20806000210FA5131E122C06A41360FF42096C0F0100BFFFA4FF400E60FF210FA5132C06B1
:20808000441BE0FD6C0F01001F0040063F00400E60FF210F7D102C067C1060FF810E8000EE
:2080A0006C0F01007F00400E60FF210FB5132C06B41360FF810E01006C0F01007F00400EEF
:2080C00060FF210FB5132C06B41360FF810E02006C0F01007F00400E60FF210FB5132C068E
:2080E000B41360FF810E04006C0F01007F00400E60FF210FB5132C06B41360FF810E080038
:208100006C0F01007F00400E60FF210FB5132C06B41360FF810E10006C0F01007F00400E7F
:2081200060FF210FB5132C06B41360FF810E20006C0F01007F007F00231EFCFF63F70100D0
:20814000E6F74000231EFCFF63F70100E7F74000231EFCFF63F7010023F70100231E040056
:20816000FE3F200023F70100231E0400FE37200023F70100231E0400E00748017F00800757
:20818000610040EE60FF7D072519200E3F007D0F31197D073919200E3F007D0F3D193D0F7B
:2081A00079182016FFF04209810E00057D0F79189D07090E471C810E04009D070F0E471C38
:2081C0009D07090E471C2206FFFFFBFF42099D070F0E471C3D0F25192B06441BE0FD6B0F81
:2081E00001001F00210601A5A5A580070F0C5EB2400E010080074F0C5EB2800709084AB2C1
:20820000220600E05C5B4209810E100080070F084AB2800709084AB2810E500080070F080A
:208220004AB2800709084AB2810E400080070F084AB280074F045EB2210600A5A5A58007BE
:208240000F0C5EB280FF480140067F00800721002B06B300F8FFCBA700002B06B200F8FF97
:20826000CBBF0000BFFFB8DE40063F00800721002B06B200F8FFCB3F00002B06B300F8FF34
:20828000CBA70000BFFFAEDE40063F0080072100BFFFBCFF400E60FF210F25192C062419F2
:2082A00060FF810E01006C0F010040063F0080072100400E60FF210F25191E122C0624196C
:2082C00060FF42096C0F0100BFFFA4FF400E60FF210F25192C06441BE0FD6C0F01001F00F3
:2082E00040063F00400E60FF210F7D182C067C1860FF810E04006C0F01007F00400E60FF27
:20830000210F35192C06341960FF810E01006C0F01007F00400E60FF210F35192C063419CC
:2083200060FF810E02006C0F01007F00400E60FF210F35192C06341960FF810E04006C0F3B
:2083400001007F00400E60FF210F35192C06341960FF810E08006C0F01007F00400E60FF55
:20836000210F35192C06341960FF810E10006C0F01007F00400E60FF210F35192C0634195D
:2083800060FF810E20006C0F01007F007F00231EFCFF63F70100E6F74000231EFCFF63F70B
:2083A0000100E7F74000231EFCFF63F7010023F70100231E0400FE3F200023F70100231EEE
:2083C0000400FE37200023F70100231E0400E00748017F008007610040EE60FF7D07A51A7D
:2083E000200E3F007D0FB11A7D07B91A200E3F007D0FBD1A3D0F79182206FFFF0FFF420936
:208400004016500002097D0F79189D07090E471C810E20009D070F0E471C9D07090E471C7F
:208420002206FFFFDFFF42099D070F0E471C3D0FA51A2B06441BE0FD6B0F01001F00210690
:2084400001A5A5A580070F0C5EB2200E000480074F0C5EB28007890945B2220600E05C5B87
:208460004209810E100080078F0945B28007890945B2810E500080078F0945B280078909DE
:2084800045B2810E400080078F0945B280074F045EB2210600A5A5A580070F0C5EB280FFCF
:2084A000480140067F00800721002B06B900F8FFCBA700002B06B800F8FFCBBF0000BFFF8B
:2084C0005EDC40063F00800721002B06B800F8FFCB3F00002B06B900F8FFCBA70000BFFF3A
:2084E00054DC40063F0080072100BFFFBCFF400E60FF210FA51A2C06A41A60FF810E01002B
:208500006C0F010040063F0080072100400E60FF210FA51A1E122C06A41A60FF42096C0FD1
:208520000100BFFFA4FF400E60FF210FA51A2C06441BE0FD6C0F01001F0040063F00400E61
:2085400060FF210F7D182C067C1860FF810E20006C0F01007F00400E60FF210FB51A2C064A
:20856000B41A60FF810E01006C0F01007F00400E60FF210FB51A2C06B41A60FF810E0200A7
:208580006C0F01007F00400E60FF210FB51A2C06B41A60FF810E04006C0F01007F00400EF9
:2085A00060FF210FB51A2C06B41A60FF810E08006C0F01007F00400E60FF210FB51A2C068E
:2085C000B41A60FF810E10006C0F01007F00400E60FF210FB51A2C06B41A60FF810E20001A
:2085E0006C0F01007F007F00231EFCFF63F70100E6F74000231EFCFF63F70100E7F7400098
:20860000231EFCFF63F7010023F70100231E0400FE3F200023F70100231E0400FE37200051
:2086200023F70100231E0400E00748017F0006F07308850A018891007208850A0110820075
:208640007208C10E1F00019893007308C10E1F00019092001108A209E009E70783010208D1
:20866000C52D047D0180C282CF810278C27AAF810178C27A0075CE792F7F0100F37F80007A
:20868000707F0100007D0180C282CF814482207E2000B37930770100EF77C000047D0180D8
:2086A000C282CF810278C27A90792F8701000E816F870100410A81001186FFFFF009A6D555
:2086C000047D0180C282CF810278C27AAF810178C27A0075CE792F7F0100F37F8000707F1D
:2086E0000100F299A33D007D0180C282CF814482207E2000B37930770100EF77C000047D7D
:208700000180C282CF810278C27A90792F8701000E816F8701001370B2715F72047D0180CF
:20872000C282CF810278C27A90792F870100EE87C0006F8701001370B2715F72047D01808A
:20874000C282CF810278C27A90792F870100EE8780006F870100C55D007D0180C282CF816F
:208760004482207E2000B37930770100EF77C000047D0180C282CF810278C27A90792F8770
:2087800001000E816F870100047D0180C282CF810278C27A9079447A00750180C282CE81B6
:2087A00044823087010020761F00B271EE87C0006F87010020761F00B271D371047D018019
:2087C000C282CF810278C27AAF81107E040030870500EE8780006F870100A51D040D028090
:2087E000C282007DCF8130870100207E1F00B279EF87C00061870100207E1F00B279D37975
:208800000485300F0100EF0F8000700F01007F0006F07308850A01788F007208850A018878
:2088200091007208C10E1F00019893007308C10E1F00019092000F08B109E009E707650278
:208840001108A56520762000B37100850110C212C28130170100EE17C00070170100207643
:208860002000B37100850110C212C28130170100EE1780007017010004850110C212D01163
:208880001180C282B01122770100F377C00000850110C212C281301701000E1170170100E2
:2088A00000850110C212D0110286040022170500F31780007017010000850110C212D01146
:2088C0000286040022170500F317C0007017010004850110C212D0111180C282B0112086F1
:2088E0002000B38122770100F077800000850110C212D01102860400221705000E117017E8
:208900000100410A81000F16FFFFE209C69D20762000B37100850110C212C281301701004A
:20892000EE17C0007017010020762000B37100850110C212C28130170100EE17800070170F
:20894000010004850110C212D0111180C282B01122770100F377C00000850110C212C281C0
:20896000301701000E1170170100F299D33D1276010000850110C212D011028604002217D4
:208980000500EE178000701701001276010000850110C212D0110286040022170500EE1722
:2089A000C0007017010004750180C282CE811170C27290712E7701001380B2815F82F07778
:2089C000C21020861F00B281F017800000750180C282CE81107604003087050002816E87FF
:2089E0000100800742011276010000850110C212D0110286040022170500EE178000701702
:208A000001001276010000850110C212D0110286040022170500EE17C000701701000485E1
:208A20000110C212D0111180C282B01120862000B38122770100F077800000850110C212F5
:208A4000D01102860400221705000E117017010004750180C282CE811170C27290714472CB
:208A60002E7701001280B3814182206E20008D81F077C2101280B3814182207620008E8184
:208A8000F0178000F317C00000750180C282CE81107604003087050002816E870100B54543
:208AA0001110C2120085D0112217010012860100F017820812160100E20FC0001110C21228
:208AC0000075CE112217010020762000B371EE17C28020162000B311E2878000046D2D6FD7
:208AE00001001270B3714172206620008C71EE6FC2101270B3714172206E20008D71EE1740
:208B00008000F317C000006D1170C272CD716E0701001170C272006DCD7102680169106988
:208B20006E6F01007F00061082002106701BE0FD07989300419F0000411701007F0082073E
:208B4000E1103C068811E0FD3B060C01E0FD00EA8535FDF60C00DCF102F56408E009F2256E
:208B6000FD360C00DC3180FFE000FDF60C00DCF102F56030FDF60C00DCF102F51B48003D94
:208B8000FDF60C00C6360700DCF16240833A63EF010080FF60021B30003A2046400080FFC9
:208BA0001296FDF60C00DCF102F5840341EA9D002106701BE0FD810F0100E1E9B1CD42064B
:208BC000FF108207E1F006D89B0007D008C0980009C83C06E402E0FD830F0100FB0FD02019
:208BE000430F0000230F0100FA0FB6F0630F010000EA9525FDF60C00DCF102F5230F010034
:208C00000015E111EA152B060801E0FD6BCF0100FD360C00DC3180FF1201FDF60C00DCF152
:208C200002F56408410A840B1B301A3880FFFA0141EA9D002106711BE0FD810F0100E1E92D
:208C4000A1DD4206FFF08A07E10006E00092009AA307CF90000000EAA5653C1709001D085D
:208C6000C50AC209C1C71C00A2253CF705001D08C30A0415C2093C3709001DF0C5F2C6F1EA
:208C80000815A10709800000E2175294F28772941D08C50AC609A10789800000F0977E941B
:208CA000F1975494A307CF900000F50D3CF705001D08C30A0415C209A10709900000F19762
:208CC0005494A307CF9000003C1709001DF0C5F2C2F17008630F04003C1709001DF0C5F2C2
:208CE000C2F17108630F060021060C01E0FD630F0100230E0C00630F090023360000BFFF7D
:208D000012FB3CF7050004151D08C30A009A0092C209A1070F90000041EA9D00FC0F0100F1
:208D2000E1E9C19D4A06FF008A07E10006E00092009AA307CF90000000EAE5553C170900AF
:208D40001DF0C5F2C2F17008630F04003C1709001DF0C5F2C2F17108630F060021060801BA
:208D6000E0FD210F0100630F0100230E0C00630F090023360000BFFFB8F83C1709001D0872
:208D8000C50AC209C1C71C00F21D3CF7050004151D08C30AA307C9900000C209F197529407
:208DA0003C3709001DF0C5F2C6F1BE0789800000F09774940815E2175284F0977094A10740
:208DC0000F900000F50DA307C99000003CF70500F197529404151D08C30AC209A1070F902C
:208DE000000041EA9D00FC0F0100E1E981AD4A06FF008607E17006C8990007E808E09C00A0
:208E000009D883D7250043E70A0063D7080063EF050063DF01000232233E000081FF6E1649
:208E20008A004606FF700608810007107F0006F00708081009989300070D0315889B7F00A9
:208E40008007E1FF06E81FAA00A200E200C200CA00D200B23DF70D00000DE009E2076101DE
:208E600000B23D0F0100610AE207430101D23DF70D0000F56C08610ACA153DDF0D004CDA45
:208E80003DF70D0000F5000D7B0F01003DF70D00000D7B0F09007B0704007DDF0D00A5058A
:208EA00000D261D2D2E53DF70D0000F51D30000DE1C760F90AA0E0A1AA0D3DF70D0000F54D
:208EC00073C03DF70D0000F502E4B50D61A29A0D3DF70D0000F575C03DF70D0000F504E44E
:208EE0001C0602FFA21D1C0603FFF215E0C1BA0501CAC50518A8F50000CA010A7D0F010059
:208F00003DF70D000214000D9C11C412C209010D3DF70D0082E4E54501D23DF70D00040D9B
:208F2000E0099A0D7D0701001D3080FFF40000CA00D2E5353D0F0D0001DEF4FF1C0602FF58
:208F40008A0D3BF7010002E43BF7010073C0F5053BF7010004E43BF7010075C01C0602FF5B
:208F6000E21D1C0603FFB21D00D201CA010A7D0F01003B1704003B0F01009C11C412C209DB
:208F80007B0F01007BE704007DDF0D00E0C1BA0501CAE50500CA18A8F500A50501D261D233
:208FA000D2BD61CAF207C9FED5353D0F1100010654FF8A357D07010001B2C52D3D0F110030
:208FC000E009822D00BA00BA95253D17050017F0C3F2C2F1000D3D171100E111DA151D3063
:208FE00080FF3E003D1705001708C30A3DF70D00C209210F0500010D3DF70D0082047D07D5
:20900000110001B2F50541BA97009D0F0900E1B9D1DD61B2F20741FE15504006FFFF06F019
:20902000000A851D0110EC174002069DD311620701000110EC174002069DD31162070400F3
:209040000110EC174002069DD31162070900410A8100630A81ED7F008007610006E81D3078
:20906000BFFFBEFF7D0701007D070D007D07050040067F008007E17006E807C83B06BC0F70
:2090800001003DE70100E0E1B2151D301938FCC760F90AD062D2CA0D1D301B3E0400FCC716
:2090A00060F91D301B383D0F0100E1C760F94006FF70800721002606CC0F010080FF9404ED
:2090C000005240063F00800721002606DA0F0100013A0042014A80FF7A04005240063F005F
:2090E00006F0000AA505410A41F21E17FFFFE011BAFD01507F00541A06F007800878091019
:2091000023970D00230E0000009AE079CA15C28E0F00698AE705478AE091BA05118E200087
:20912000118E3000410A418FFFFF419A8412E011FAED952D627ACA1D0288818A2B066766E6
:2091400066661170BF72EB8F206A0D90A192AE91410A1288C28AD289C18A8289118E3000CD
:20916000418FFFFF1210419AE011FAE5C50D410AC28E0700118E3000418FFFFF419A8312D3
:20918000E011EAF5E081F205F099D705237600001008CE09950D0075417201755F0A016FA1
:2091A00000004E6FFFFF13705F9AE071DAF54C1A7F0006F00012950D0298C29AC299C19A1D
:2091C0000196D0FF1210D311009D419A019D130FFFFF0106D0FFC6050106C7FFE7ED009D0E
:2091E0005F9A019D02507F00031E84FF634F790063FF690063A7650063AF610063B75D0014
:2092000063BF590063C7550063CF510063D74D0063DF490063E7450063EF410006A0633F55
:209220001D0063470D0000AA00E2E0A1CA0500528007DA028007C0021D06DBFFA22D6AEA60
:20924000AA1D233F1D000D32F4C760F90AD8E0D9CA051C508007B602DBE1233F1D000A32E9
:20926000F4C760F90AD8E0D9CA051C5080079E02DBE1D50D1D30233F1D00F4C760F90AD87D
:20928000E0D9CA051C5080078402DBE18007680223F70D00000B0106D3FF9A0D63071500EF
:2092A000230F0D00410A630F0D00C505015A635F150023F70D00000B20162000209E300033
:2092C0000106D0FFE29F345B435F070023360C00BFFFE2FE6357190023F70D00000B0106F0
:2092E000D2FFCA0D230F0D00410A630F0D0023360C00BFFFC0FE0AB8A50500BA23F70D008F
:20930000000B0106B4FFC205010694FFEA05230F0D00410A630F0D00230E2000630F090063
:2093200000D202CA230F0D00410A630F0D0001EFFFFF1D06A8FFCA0501AA00CAC55D1D0645
:2093400088FFCA0500AA00CAE5551D06A6FFC7051DEEE0FFBD001D06BCFFBA0501CAB54D64
:209360001D06ABFF824D1D06ADFFCA0D230F79001C12430A4209440A630F790021D7FDFF0D
:20938000A53D1D06BDFF9A1D230F79001C12430A4209440A630F79000110230F0900221726
:2093A000FDFF410A630F09004117FFFF23F70900800323D62000F51D1D06B0FFBA0D01AA80
:2093C00000CA085A635F1900205E3000435F0700A5151D06B1FFBA0503CAD50D230F0900F9
:2093E000410A630F090041EFFFFF23F70900800323D62000E0D1DA35230F79001C12430AD4
:209400004209440A215FFDFF630F7900635F110017C061CAFA1502CA235F1100E059AE150D
:20942000230F0900410A630F090020162D004117FFFF230F11008009630F1100E0B9A205E3
:209440005FC2234F1100183819402336080063AF0100BFFFA4FC23F70900800323D620002E
:209460001A30BFFF7EFC0AC0E0B9AA0518B8235F19000BB0B8B1235F1500615ABA15E50DB6
:2094800003370700233F1D00F4C760F90AD8E0D9BA051C50B53DDBE1000016085FB2E0096C
:2094A0008FF5E50D41D21A37FFFF233F1D00F4C760F90AD8E0D9BA051C50852DDBE11808ED
:2094C0005FC2E009D20517085FBAE009CFED0000D50D03370700233F1D00F4C760F90AD836
:2094E000E0D9BA051C50A515DBE116085FB2E0099FF50000230F0D00410A630F0D0001EF6D
:20950000FFFFE0E9FA0735FD1C5023FF690023EF410023E7450023DF490023D74D0023CF34
:20952000510023C7550023BF590023B75D0023AF610023A76500031E7C007F008007E10043
:2095400006E807E01D3080FF160101524006FF00031EDCFF634F210063471D0063FF1100B2
:2095600063EF0D0006E8633F1900230E1800630F05005C0AC10E0700630F0900230F090031
:2095800026063C9501001D4023F60400004D003A630F0100BFFF54FC23FF110023EF0D00F9
:2095A000031E24007F00061007F0000D410A010D4117FFFF000D4107000001527F00031ED6
:2095C000D8FF634F250063FF150063EF11006337050007E863472100230E2000630F0900DE
:2095E000580AC10E0700630F0D00230F0D002606A6950100233E040023F60800004D1D40DD
:20960000630F0100BFFFE4FB23FF150023EF1100031E28007F00031EE0FF634F1D0063479F
:20962000190063FF0D0063EF09006337050007E8230F1D002606A6950100233E040023F684
:209640001800004D1D40630F0100BFFF9EFB23FF0D0023EF0900031E20007F00800761008C
:2096600006E81D3887000532BFFF30BB1D5040067F008007610006E8A50D41EA1D37FFFF09
:20968000BFFFDCFF7F52BA051F52C5151D0F0000E009CAF50D32BFFFC6FF7F52BA051F52BF
:2096A000950D0A32BFFFB8FF7F52BA051F52A505015240067F008607E1FF633709003D0641
:2096C000201FE0FD3C061021E0FD37065E10010036065010010035065C1001003406601083
:2096E00001003C0F0100C10704001530BFFF64FE1630BFFF5EFE000080FFDC040AD8E0D992
:20970000BE05800726041B06E5FFFA053CF70100010A010D800714043CF70100000D610A39
:20972000FA0D1B06A5FFFA053CF70100020A010D8007F8033CF70100010580077A013CF71F
:209740000100000D620AEA076F013CF7010001051B06BFFF8A3D3CF701007308E009F205BF
:209760003CF7010073085F0A830CE5053CF7010083048007B6033CF701007338F03F480205
:20978000204650001E369A011E0E0A00C13980FF968A3C370100633705006337010006366B
:2097A0009A0180FFC886236F0100237F05006D57EA01CA006F57EC013C37010080FFF604EE
:2097C000800768031B06BEFFAA453CF70100740873105F0AE111FE053CF701007308410A3F
:2097E000830CE50D3CF701007408E009F2053CF7010074085F0A830CB50580072E033CF70B
:2098000001007338F03F4802204650001E369A011E0E0A00C13980FF0E8A3C370100633729
:2098200005006337010006369A0180FF4086236F0100237F05006D57EA01CA006F57EC0106
:209840003C37010080FF6E048007E0021B06BCFFBA153C0F0100E10FED01E009B20D173076
:20986000BFFFF0FC3C170100E20FED015F0A620FEC018007B6021B06BDFFDA1D3C0F0100E5
:20988000E117EB01E10FED01E209B9153C0F0100E1F7ED011430010E9A01C1F1003BBFFFA2
:2098A000B2FC3C170100E20FED01410A620FEC0180077802E0D9C2051B0601FFBA05800736
:2098C0006A0269DA8A2D00D2D5051730BFFF84FC41D23C0F0100E10FED01E1D1F6F53C37A4
:2098E000010006369A0180FF0C033C370100633705006337010006369A0180FF7085236F77
:209900000100237F05006D57EA01CA006F57EC01800718021B0681FFB20568DA9A653C0FEE
:209920000100E10FED01E009BA058007FE013C170100E20FEB015F0A620FEA013C170100D0
:20994000E20FED015F0A620FEC013C0F0100E117ED01E10FEB01E209C3353C4F0100E93FBC
:20996000ED0109369A01C731090E9B01E947EB01A741C13980FF8A853C0F0100E1F7EB01D8
:20998000010E9A01C1F180033C0F0100E13FED01260663100100010E9A01C139BFFFB4FBDD
:2099A0003CCF0100F9CFED01D5051730BFFFA4FB41CA3C0F0100E10FEB01E1C9F7F5E50DAC
:2099C000260658100100BFFF8AFB3C0F0100E1F7EB01010E9A01C1F1800380074E016DDAA3
:2099E000B2056ADA8A2D3C37010080FFF2023C0F0100C1C70400C2051530BFFF56FB3C0F90
:209A0000010001369A01E13FEB0180FF4C011630BFFF40FB3C370100003A204650000636BC
:209A20009A0180FF8E873C0F01006107EA016107EC01B57D3C0F0100E10FEB010106B0FFF3
:209A4000D9053C0F01006107EA013C0F0100E117EB01E10FED01E209993D3C4F0100E93F06
:209A6000ED0109369B01C731090E9A01E947EB01A741C13980FF8A843C0F0100E1F7ED01D6
:209A8000010E9A01C1F180DB3C0F0100C1C70400D20D3C0F0100E13FED0126066A10010057
:209AA000010E9A01C139BFFFAAFA3CC70100F8C7ED01D5051730BFFF9AFA41C23C0F01002D
:209AC000E10FEB01E1C1F6F5A5153C0F0100E1F7EB01010E9A01C1F180DB3C0F0100C1C7C8
:209AE0000400D20514301B38BFFF68FA00DA3C170100E20FEB01410A620FEA013C170100CE
:209B0000E20FED01410A620FEC013C0F0100E10FEB010106B0FF990D3C0F01006107EA019A
:209B20003C0F01006107EC01BF07D0FB800721002606581C01002706581C010080FF7E000B
:209B40002106201FE0FD2B061021E0FD6B0F0100005240063F008207E11006E807D8B50530
:209B600041EA5FDA1D0F00000106E0FFA2FD690A82FDE0D9BA050052F51D1D301B382346F9
:209B8000000080FFAC03E051CA0523570100C5151DE0A50541E21C0F00000106E0FFB205B0
:209BA000E0099AFD5C0700001D3826066D100100BFFFA0F91F524206FF10060807102B064E
:209BC000D812E0FD6B0F01002B06DC12E0FD6B1701007F00820721000532233E0300BFFF42
:209BE00048B5E051CA05A3570300A5051F5242063F008007E1F006C800EA00DA26065C1047
:209C00000100BFFF4EF9190F0000E009EA050032003A80FFB803C54D3A06D812E0FD3AD76E
:209C20000100F52D3A370100270685100100064280FF1682E051A205B5253AE7010046E271
:209C4000193080FF288219301C380A4080FFFA81E051EA15E0E9EA051CD81B3080FF0E827B
:209C60000AE81B301C3880FF3E030AC0FDC1AE0518E81C3826068C100100BFFFD6F84CD291
:209C80002106DC12E0FD210F0100E1D1C1CDE0D9E20519301B381D4080FF808119402606C3
:209CA00090100100270650100100BFFFA6F84006FFF08007610006E8260695100100BFFF7E
:209CC00092F81D469A01260690100100270650100100BFFF7EF8005240067F008007E100EE
:209CE00006E8FD0FEB01E0098275FD0F0900650A913D1D364A011D3E9A012046500080FF83
:209D00008281E051A26500E285151C38F03F48021D0E0A000130C731010E5000C1392046A2
:209D2000500080FF028541E264E286F51C08F00F48021D360A00003A20465000C13180FFBE
:209D400072841C08F00F48021D360A001D3E9A01FD47EB01C13180FFCE84050A7D0F0800B7
:209D6000C535FD370900E031E20DF03748021D0EBAFF1D3E9A0120465000C13180FF0481B5
:209D8000E051B225FD0F09007D0F0600FD0F0900F00F48021D360A00003A20465000C13177
:209DA00080FF1084FD0F0900F00F48021D360A001D3E9A01FD47EB01C13180FF6A84FD0F44
:209DC0000900410A7D0F0800FD0F09007D0F06004006FF008007E1F106B807D008C017E8FA
:209DE00000E200DAB56DD5055D07000041EA41E21D0F00000106E0FFB205690ABA05FAE123
:209E0000C1F569DAA11D26069B100100BFFF44F700CAB50D19F0C2F2D8F1003D2606B91076
:209E20000100BFFF2EF741CAFBC9D1F526065C100100BFFF1EF7C545FAE1A10595451D0FAC
:209E400000000106DEFFEA2541EA41E21BF0C2F2D8F101ED41DAF50D1D0F00000106A4FF58
:209E60008A0D1D0F01000106DEFFBA0541EA41E241EA41E21D0F00000106DEFFB205FAE13D
:209E8000C1EDFAE1A105C51D5D07000041EA41E2D5151BF0C2F2D8F101ED41DAB50541EA9F
:209EA00041E21D0F00000106E0FFD205690AB205FAE1E1F5FAE1A105B505FAE1D1951B50D4
:209EC0004006FFF18007E13006D007D800E23D06D812E0FD3DEF010095253D37010027068A
:209EE00085100100064280FF607FE051A205D5153D3701001A381B40463280FF4C7FE0514F
:209F0000CA0D3D1701001BF60600C2F1000BE009CA053DE70900950D4CEA2106DC12E0FD91
:209F2000210F0100E1E9A1DD1C504006FF309207E1F006E007C808C000EAA50541EA1DF014
:209F4000DCF1000B0106E0FFD205690AB205F9E9E1F5E0E9BA051F52C5251C301D38BFFF48
:209F600066FF0AD0E0D1BA051F52B51D23360000003A2046240080FF3A821C301938234691
:209F80000000BFFF52FE0AD8E0D9BA051F52950D1B30233E0000FAC760F97857010000525E
:209FA0005206FFF00610070802F0B50541F2410A009BE099820D019F0000E099C2050093F5
:209FC000F391D2F51E50A2517F008007E11006E007D82606BD100100BFFF78F53D06D812C7
:209FE000E0FD3DEF0100F5153D370100270685100100064280FF527EE051A205B50D3D3F68
:20A0000001002606D41001003D470500463ABFFF42F54CEA2106DC12E0FD210F0100E1E90D
:20A02000C1E526065C100100BFFF28F500524006FF10010A00007F008007E11006D83D063C
:20A040001421E0FD3C061421E0FD80FF8206E051E207A501BFFFDEFF7C070900400EBFFFA0
:20A06000210F05057C0F05000B0A7C0F0D002106031101007C0F11000C0A7C0F15007C0758
:20A0800019007C071D007C0721007C0725001C0E90007C0F29007C0745007C0741007C073E
:20A0A0002D003C0F2D0021087C0F31007C073500200EA7797C0F3E007C0739005C073C00EC
:20A0C0005C073D002106803801007C0F4D007C0751005C0754009C0F5500C60A5C0F54000E
:20A0E000200E20005C0F55005C0756005C0757007C0759007C075D007C0749003C0F2500E7
:20A100001C164000C209E209F2053C0F2500810E00107C0F250020EEA87741EADD0042EA00
:20A12000DD0044EADD0048EADD001DEE1000DD001DEE2000DD001DEE4000DD001DEE800075
:20A14000DD001DEE0001DD00FC0F3F00FD09F2053C0F2500810E00107C0F25007C0781002F
:20A160007C078C007C0785007C07890080FFF4007C0761007C0765007C0769005C076D00C1
:20A180005C076C007C078E005C076E00200E41005C0F6F0021060064D03F7C0F71007C07AC
:20A1A00075007C0779003C0F7900D80A7C0F79003C0F7900810E85027C0F79003C0F250036
:20A1C000810E01007C0F25001F0A7C0F7D003C0F25001B097C0F25002106080AC7FE7C0F41
:20A1E0000900403EBFFF273F050540360400074280FF2C04000000524006FF1080076100A9
:20A200003D061421E0FD80FFC604E051AA0DA50500003D1709002106080AC7FEE1119AFD2A
:20A2200080FFAC04E051EA0D3D0F2500C1064800A20DA50500003D0F2500C1063000B2FDD7
:20A24000A505000080FF8804005240067F00800721000032BFFFE4FDBFFFA4FF40063F00D3
:20A2600021061421E0FD071241179200410793000116B00001F69400DE060300920D80135C
:20A28000881281138812821388128313A50501152016001041179800881241179900410768
:20A2A0009A0041079B0001F69C00DE060300E2058003810382038303A505010501F6A00067
:20A2C000DE060300E2058003810382038303A50501054107A4004107A50080164284411761
:20A2E000A60088124117A7004107A8004107A9004107AA004107AB0001F6AC00DE060300CF
:20A30000E2058003810382038303A5050105018E940001F6AC00DE160300BA05009DD50D99
:20A32000A2F10095C312209E2000E29780009311029DE29FC0001299D389019E9400F3890F
:20A34000F20521172500821600106117250020160326411790008812411791007F0096077E
:20A36000E1FF6337290039061421E0FD19F69C00DE0E0300BA050015D50DA1F1009DC30A9D
:20A3800020162000E19F800082090215E117C000131163171D0019F6A000DE0E0300BA05F5
:20A3A0000015D50DA1F1009DC30A20162000E19F800082090215E117C00013116317050057
:20A3C0006307150000D2430702000000405EBFFF2B5F0505635F1900235F1900795F05009D
:20A3E000B90F910099179100E117B0F80206FDD9EA05B95F9300435F0300B50543070300FF
:20A40000B90F9B0099179B00235F2900E117B0F8E259E9070302A35F0300615AEA07F90168
:20A42000235F290023671D00C45A0BA8CCA9B50F0F0095170F00E117B0F8020801D8DB0098
:20A44000E0D9E207D3016307150015F60400DE060300B20D230F1900800B880A810B880ACC
:20A46000820B880A830BC505235F1900015DB50F0D0095170D00E117B0F8020801E8DD0072
:20A4800015F60800DE0E0300BA050015D50DA1F1009DC30A20162000E19F80008209021510
:20A4A000E117C000131102B8235F05001DF0C2F2CBF1000DE009FA0541EADD00015A435F08
:20A4C000020000D280071001235F05001DF0C2F2CBF100B55FDADB0041EADD00835F030056
:20A4E000E059B225E0D1AA0D16D0235F05001DF0C2F2CBF100B541EADD001AC0980088D271
:20A5000063B7250063BF210000E2B50D2367250023F72100DC618C0F0100DCF1800B41E2D7
:20A52000F8E1D1F5D8B9F555D6C60300E0C1EA3516D082D241DADB0000A2B52DDAC63F00AF
:20A5400086D25FDADB00235F05001DF0C2F2CBF100B563B7090041EADD00235F0900635F5E
:20A56000110063BF0D0000E2D50D23F70D00236711001C08C20AC1F1CC09210F0100010D5F
:20A5800041E2F8E1B1F51808C20AC1B941A2940065A29925E0D9BBD5E51D18583659635F6B
:20A5A0000900235F0900635F110063BF0D0000E2D50D23F70D00236711001C08C20AC1F1DD
:20A5C000CC09210F0100010D41E2F8E1B1F51808C20AC1B9E0D9FB07F3FE235F29000B06F7
:20A5E000E1FF911D80FFFC00235F2900390F2D000112EB17C0002209790F2D00235F2900D2
:20A60000390F31000112EB17C0002209790F310080FFE400235715005606FFFF8007E13024
:20A6200006D807D008E09C003D061421E0FD1C08810AB9057DD705001C08820AB9057DDFFC
:20A6400001001C08830AC91580FF98003D0F2D004016008022097D0F2D003D0F310040164D
:20A66000008022097D0F310080FF8C00000000524006FF303E061421E0FD1A15049D210653
:20A68000080AC7FEE1998A0D0208840AD905120D810E0003130D00527F002B06E812E0FDB2
:20A6A0004B0700002B06E912E0FD4B0700007F003E06E812E0FD6008E0098A0D010A800BD5
:20A6C0002B06E912E0FD4B0700007F0080072100E0574010E051E107040B015040063F0073
:20A6E000800721002106EC12E0FD0130BFFF96A540063F00800721002106EC12E0FD26062B
:20A70000EC12E0FDBFFFA2A540063F0006F0E0F1A20D200E3E00800C010A810C020A840B33
:20A72000850386037F000610000A000001507F008007210080FF562D40063F008207E110F0
:20A7400006D89B003D06504BE0FD3D0F0100650AB2152336000080FF102C3DE70100050AFA
:20A760007D0F01001B3080FFDC3D7DE701002337010080FF142C4206FF103206883EE0FDB8
:20A780003006643EE0FD22065C4BE0FDE217010002F0C1F2330658110100D3F170082B06A9
:20A7A000863EE0FD6B0F000002F0C1F233065A110100D3F17008720F000002F0C2F2330698
:20A7C00090130100D3F1000D700F010002F0C2F2330628110100D3F1000D2B06683EE0FDE6
:20A7E0006B0F010002F0C2F233062C110100D3F1000D2B066C3EE0FD6B0F010002F0C1F218
:20A8000033065C110100D3F170082B062C3EE0FD6B0F00002B06923EE0FD4B0700002B0602
:20A82000933EE0FD4B0700002B068C3EE0FD6B07000002F0C1F2310662110100D1F17098B4
:20A8400002F0C2F22F0698130100CFF1008DE099D315000AF50D0178F37F200201F0F8F7CA
:20A86000400230770100C17AD179CEF1037D410AC100F27F0100EF09F1ED000AB505410AC7
:20A88000C100F27F0100EF09B1FD7F00800721002606243EE0FD80FFD02A40063F008007C8
:20A8A00021000000BFFFE8FF000040063F0080072100000080FF5A01000040063F008007BF
:20A8C0002100000080FF6001000040063F0080072100000080FF7E01000040063F00800740
:20A8E0002100000080FF9801000040063F0080072100000080FFB801000040063F008007AE
:20A90000E1F106C0D80039066C3EE0FD07B89700000000EAD8E6FF0FDC00391701001CF0BC
:20A92000C4F2C2F104DD391701001CF0C4F2C2F106D51B301A3880FF242B6152AA0505EA70
:20A9400061BADA051B301A3880FFD42A1B301A3880FF4C2AE0E9D2051D30BFFFE2FD0000C7
:20A9600000001D504006FFF18007E1F006C0D80039066C3EE0FD000000EAD8E6FF0FDC00E6
:20A98000391701001CF0C4F2C2F104DD391701001CF0C4F2C2F106D51B301A3880FFBE2A6B
:20A9A000E051AA0505EA1B301A3880FF302AE0E9D2051D30BFFF88FD000000001D5040066F
:20A9C000FFF08007E1F006C0D80039066C3EE0FD000000E2D8EEFF0FDD00391701001DF0DB
:20A9E000C4F2C2F104DD391701001DF0C4F2C2F106D51B301A3880FF262AE0E1D2051C301B
:20AA0000BFFF3CFD000000001C504006FFF0800721002606243EE0FD2637010080FF6A291B
:20AA200040063F00800761003D06923EE0FD9D0F01005F0A5D0F00009D0F0100E0098A0D0A
:20AA40002606283EE0FD2637010080FF3C2940067F00800761003D06923EE0FD9D0F0100FB
:20AA6000E009EA052606283EE0FD80FFFC289D0F0100410A5D0F000040067F0080076100DB
:20AA80003D06933EE0FD9D0F01005F0A5D0F00009D0F0100E0099A0D26068C3EE0FDE63716
:20AAA0000100003A80FF7A2840067F00820761003D06933EE0FD9D0F0100E0098A1D233604
:20AAC000000080FFA42880FF7E282B068C3EE0FD6B57000026062C3EE0FDE6370100013AA0
:20AAE00080FF3E282337010080FF9E289D0F0100410A5D0F000042067F003E06404BE0FDFA
:20AB00000000800EFFFF08156412BA157B1033066C3EE0FD339F0100C412D3112217010035
:20AB20006112FA057E107B98CC1202081309C100000001507F003E06404BE0FD21068A3ED2
:20AB4000E0FD2206953EE0FD089D2B06203EE0FD6B9F0100049A099D829F0100419A429F02
:20AB600000006498419A849BE19701003306863EE0FDF39F0100F3918915829F01000C9514
:20AB80005F9AC19AD299E197010073970000E19F01008B9C019A949B00007F00800761009A
:20ABA0003D06404BE0FD3E06953EE0FD60085F0A800B9D0F05005F0A5D0F040000005D07AC
:20ABC00014009D0F0500E009BA1DFD0F0B00FD170900E111EA053DF701006B08E0098215B3
:20ABE000020A7D0F11003DF701006B08E009E2053DF701006B085F0A8B0B80FF9005210652
:20AC0000203EE0FD210F01007D0F1100000040067F003E06943EE0FD60F02206953EE0FD4B
:20AC20008217010021068A3EE0FDE10F0100C2F12206584BE0FD22170100C1F2C2F1800C36
:20AC40007F002206953EE0FD821701003E06943EE0FD60F0C2F12206584BE0FD221701002B
:20AC60005FF2C1F2C2F170082E068A3EE0FD6E0F00007F000610C2003E06803EE0FD7008A1
:20AC80005F0AE111B905000AE50570988299130E0100C10001507F000608C1002206803E1C
:20ACA000E0FDE2170100C1115F120250CA007F008007E11006D8DB003C06404BE0FD000004
:20ACC00000EA80FFC8240A3080FFD0247C571C00FC0F1D00A106FFFFBA0501EA8525E50F6E
:20ACE0004000810EA000E12F20001B3080FF46087C570E0080FFA82380FF54060000000099
:20AD000080FF7E0080FFEE24013280FF4C070000023280FF4407000080FF78250000000086
:20AD20004006FF108007E10006E89D0007E0E50F4000810EA000E12F200080FF7C0800004E
:20AD4000000085058007E10006E09C00000000EA1C30003ABFFFD0FFE0E9D2051D30BFFFD7
:20AD6000DEF90000000000004006FF00000021064E4BE0FDE10F0100000001507F008007D2
:20AD8000E1003D06404BE0FD3C067034E0FD5D070400020A7D0F1100800EFFFF7D0F060035
:20ADA000800EFFFF7D0F0800800EFFFF7D0F0A007D0701005D071400800EFFFF7D0F160026
:20ADC000FD0F1D00E009AA0DFC0F0100810E01007C0F0000010A7C0F0D0080FF920480FF4C
:20ADE000600EBFFF98F980FF5C1E80FFA01480FF1E0800004006FF008007E13021062E3E55
:20AE0000E0FD3A063C3EE0FD811703006112D32500E2811703003A9F01005F12C11202E03B
:20AE2000D3E1FCDF0100810F03005F0A01E8C4EADD00B50D5EE23A0F0100E1E1A9058505CC
:20AE4000FCDF010050EADD00E0D9D2F51B3080FFEE03CAE9DD00C50D3A0F0100E009AA0580
:20AE600085053AF70100703080FFD4030AE81D504006FF308007E1F706B0D60007A808E8C2
:20AE8000DD003C06403EE0FD3B063C3EE0FD3A064C3EE0FD3906503EE0FD3806443EE0FDB2
:20AEA0003706483EE0FD62AAB24D6CAAEA0713013C1701001DF0C3F2C2F1000DE0098A156E
:20AEC0003C1701001DF0C3F2C2F1381701001D08C20AC209210F01005F0A010D950D3C1700
:20AEE00001001DF0C3F2C2F1000D5F0A010D371701001DF0C2F2C2F13C17010000F51D0827
:20AF0000C30AC209210F0100C10AC1F121064A4BE0FDE10F0100800C391701003A9F0100AA
:20AF20001DF0C1F2DE11D3F170F03B9F0100E2170100C1F2D3F170080209800CC54537178B
:20AF400001001DF0C2F2C2F13C17010000F51D08C30AC209210F0500C10AC1F180B43C173D
:20AF600001001DF0C3F2C2F1020D410A030D3C1701001DF0C3F2C2F1381701001D08C20AE7
:20AF8000C209210F01000215E111FA053C1701001DF0C3F2C2F10305391701003A9F0100B1
:20AFA0001DF0C1F2DE11D3F170F03B9F0100E2170100C1F2D3F170080209800CC50580FF1A
:20AFC0003806000000004006FFF78007E1F306B007E8DD003C06403EE0FD3B063C3EE0FDE5
:20AFE0003A064C3EE0FD3906503EE0FD3806443EE0FD3706483EE0FD62B292556CB2EA07B9
:20B000003901371701001DF0C2F2C2F13C17010000F51D08C30AC209210F0100C10AC1F17F
:20B02000800EFFFF800C3C1701001DF0C3F2C2F1000D410A010D3C1701001DF0C3F2C2F100
:20B04000381701001D08C20AC209210F01000015E111FA053C1701001DF0C3F2C2F10105DE
:20B060003CF701001D08C30AC1F1020D0015E111DA15391701003A9F01001DF0C1F2C2F155
:20B0800070081DF0C1F2D3F170F03B9F01002110C1F2D3F170084209800C95553717010049
:20B0A0001DF0C2F2C2F13C17010000F51D08C30AC209210F0100C10AC1F1800EFFFF800C50
:20B0C0003C1701001DF0C3F2C2F1000D410A010D3C1701001DF0C3F2C2F1381701001D0803
:20B0E000C20AC209210F01000015E111FA053C1701001DF0C3F2C2F101053CF701001D085A
:20B10000C30AC1F1020D0015E111DA15391701003A9F01001DF0C1F2C2F170081DF0C1F2D5
:20B12000D3F170F03B9F01002110C1F2D3F170084209800CC50580FFC004000000004006C6
:20B14000FFF30610C2002106803EE0FDE10F0100E111C105800EFFFFF5153206483EE0FD89
:20B160003297010002F0C2F2D2F13206403EE0FD3297010000F50298C39AD299339F010015
:20B18000C19AD3F1700801507F008007E1103D06404BE0FD3B06583EE0FDFD0F0B007D0FCE
:20B1A0000C003D0F0100E009B20D3DF70100060D630AEA053DF70100010A070D0000FD0F8A
:20B1C00009007D0F0A00FD0F0B002206603EE0FD22170100E40F4402C2097D0F0100FDF757
:20B1E0000B003B170100C4F2C2F16A08E009CA05010A5D0F04003DF7010006E53DF701008E
:20B20000030A070D000064E28A1D3D0F0100FDF70B003B9F0100C4F2D3F172F033065C3E4A
:20B22000E0FD339F0100DEF6FF0FC3F2D3F100156117010080FFE61F4006FF100610C200C4
:20B24000000AC20600FFC205480AC1008812C206F000C205440AC10084123E06101101001F
:20B26000C2F16098C1991350CA007F003306403EE0FD000AC50D32063C3EE0FD3297010054
:20B2800001F0C1F2D2F18004410AC10022062E3EE0FDE2170100E209F1ED000AC52D338FC5
:20B2A000010001F0C3F2D1F10105338F010001F0C3F2D1F10305001295153106483EE0FD96
:20B2C000318F010001F0C2F2D1F100F50290C192D2F18096FFFF809441123106443EE0FD98
:20B2E000318F010001F0C2F2D1F10095F211E1E5410AC1003206803EE0FDF2970100F20964
:20B30000F1CD7F000608C1003306503EE0FD339F010032064C3EE0FD3297010001F0C1F29D
:20B32000D3F1701001F0C1F2D2F170F032063C3EE0FD329701002298C1F2D2F17010531195
:20B34000801400007F0000000000850521062E3EE0FD3306641101003206404BE0FDF21788
:20B360001D0002F0C2F2300694130100D0F1008D728F190002F0C1F2D3F170882B062E3EC6
:20B38000E0FD5F8A848A418A6B8F000002F0C1F2D3F170882B06803EE0FD6B8F000002F0FB
:20B3A000C2F23006AC130100D0F1008D2B063C3EE0FD6B8F010002F0C2F2300644110100E0
:20B3C000D0F1008D2B06403EE0FD6B8F010002F0C2F2300634110100D0F1008D2B06443E75
:20B3E000E0FD6B8F010002F0C2F2300638110100D0F1008D2B06483EE0FD6B8F010002F080
:20B40000C2F230063C110100D0F1008D2B064C3EE0FD6B8F010002F0C2F2300640110100E5
:20B42000D0F1008D2B06503EE0FD6B8F01003E066A110100C2F16088418F020002F0C2F254
:20B44000310648110100D1F1000D2B06543EE0FD6B0F01007F008007E13006D09A003C06A8
:20B460007034E0FD00EA3B065C4BE0FDFBDF01001A08610AE105A21D630AD12D9245D55523
:20B480001BF0C1F21C160200C2F1010A800CB50D1DF0C1F21C160200C2F17008610ABA0565
:20B4A00041EADD0061EAD1F5B5451BF0C1F21C160400C2F1010A800CB50D1DF0C1F21C1687
:20B4C0000400C2F17008610ABA0541EADD0061EAD1F5E52D1BF0C1F21C160600C2F1010A34
:20B4E000800CB50D1DF0C1F21C160600C2F17008610ABA0541EADD0061EAD1F5951D1BF0DB
:20B50000C1F21C160800C2F1010A800CB50D1DF0C1F21C160800C2F17008610ABA0541EAB8
:20B52000DD0061EAD1F5C50580FFCE0000004006FF308007E13006D0DA003C067A34E0FD7C
:20B540003B065C4BE0FD00EAFB0F0100610AA1058505FBF70100C1F2DCF180D40032BFFFDF
:20B56000F8FE000AF51501F0C1F2DCF17010E011F20DE0E9EA0501F0C1F2DCF170E8850DCD
:20B5800001F0C1F2DCF17010E2E9A2058505410AC100610A91EDE0E9AA058505000AF505C3
:20B5A00001F0C1F2DCF180EC410AC100610A91FD1D504006FF303E067034E0FD21065C4B34
:20B5C000E0FDE10F01000112E117C00022987010D300531180140110C1121E9E0A00D3113F
:20B5E000620700000110C2121E9E0C00D311029A629F01007F0080072100E50F4000810EC9
:20B60000A000E12F200080FF442F85052106F012E0FD32066211010031067C3EE0FD300628
:20B62000323EE0FD33065C4BE0FDF39F010013F0C1F2D2F17010E011C23513F0C1F22F06A1
:20B640005E110100CFF170102B06903EE0FD6B17000013F0C2F22F0630110100CFF10015D9
:20B660002B06783EE0FD6B17010013F0C2F22F06A4130100CFF100157117010013F0C1F2CB
:20B680002F0660110100CFF170102B068E3EE0FD6B17000013F0C1F2D2F1701070170000E7
:20B6A0000012D50D317701000278C37A0FF0CEF18003807EFFFF817C4112C200F07F010077
:20B6C000EF1191F500007F008007E1F006E807E0DC003A06404BE0FD38067C3EE0FD00CA15
:20B6E0001CF0ECF740022206783EE0FD22170100C2F170D8381701003A0F11001CF0C3F2BE
:20B70000C2F19D171100030D21068E3EE0FDE10F0100E111890D9DF711003D171500C1F297
:20B72000C2F180E49D0F110038170100410A5D0F10009D0F11001CF0C3F2C2F1800BFDCF96
:20B740000900FD0F0900E1D9830D1C301B400C3ABFFF24F77DDF0800FA0F0700E1D9F30595
:20B760007ADF0600FA0F0B007A0F0800381701001CF0C3F2C2F181CC4006FFF08007E1F027
:20B7800006E807E0DC003A067C3EE0FD3906404BE0FD00DA1CF0ECF740022206783EE0FDB4
:20B7A00022170100C2F170C03A170100390F11001CF0C3F2C2F19D171100030D21068E3E85
:20B7C000E0FDE10F0100E111890D9DF711003D171500C1F2C2F180E49D0F11003A1701002C
:20B7E000410A5D0F10009D0F11001CF0C3F2C2F1800B80FF521B0A30BFFFA0F40AD8183024
:20B80000BFFF74F40A30013A80FF161B990F0500410A590F04003A1701001CF0C3F2C2F1B3
:20B8200081DC4006FFF006F00708C10022067C3EE0FD3106404BE0FD0092919F1500619A80
:20B84000CA25228701000198C39AD099318711007387050033068E3EE0FDF39F01007080C3
:20B86000F381F9051098C19A0285D099730F00007030228701000198C39A41328034E60094
:20B88000D099C60053370000228701000198C39AD099739702007F008007E1F006E007D83E
:20B8A000DB003A067C3EE0FD1BF0ECF740022206783EE0FD22170100C2F170C83A17010074
:20B8C0001BF0C3F2C2F171C000EA3E064A4BE0FD70F02206583EE0FD22170100C4F2C2F186
:20B8E0007408F909C30520EE3100D5253A1701001BF0C3F29C0F1100C2F16010E111B2052F
:20B9000005EA951DF8C9830DFC3F09000C32BFFFBCF67CC708009C0F11003A1701001BF0DF
:20B92000C3F25F0A5C0F1000C2F180031BF0C3F2C2F103051D504006FFF08007E17006D06D
:20B9400007E8DD003B067C3EE0FD3B1701001DF0C3F2C2F171C800E23B1701001DF0C3F24B
:20B960009A0F1100C2F16010E111B20505E2D51D1930BFFF02F30A30003A80FFA4193E0678
:20B98000404BE0FD64085F0A840B9A0F11003B1701001DF0C3F25F0A5A0F1000C2F18003F4
:20B9A0001DF0C3F2C2F103051C504006FF7006100798D3003E067C3EE0FD000A008D13904C
:20B9C000C392D191E28F010092970100F191B205050A851D3206544BE0FD92970100619259
:20B9E0009A15E2970100008D5F92629700001390C392D191520700001390C392D191720721
:20BA0000050001507F008007E10006E0DC00000000EA22065C4BE0FDE2170100DC0E00F0BD
:20BA20008C0AE111C20520EE1500850DDCE6FF0FDC001C3080FF1A000AE8E0E9D2051D3092
:20BA4000BFFFFCEC000000001D504006FF008207E1F106E8DD003906404BE0FD3706783ECE
:20BA6000E0FD00E200C2F90F17002206643EE0FD22170100F80F400201D8C2D939D7010077
:20BA8000DDEEFF0FDD001DF0ECF7400237170100C2F170E02336000080FFCE181DF0ECF7BE
:20BAA000400237170100C2F1020D610AD105F215620AF205951D1A301D38BFFF0EFCF51565
:20BAC000390F1100620AEA051A301D38BFFFB0FCD5051B301D38BFFF50FD950D1B301D38E2
:20BAE000BFFF46FDC505BFFF10FB00002337010080FF961818504206FFF18007E10006E03C
:20BB0000DC00000000EA22065C4BE0FDE2170100DC0E00F08C0AE111C20520EE1500850DDB
:20BB2000DCE6FF0FDC001C3080FF1A000AE8E0E9D2051D30BFFF08EC000000001D50400630
:20BB4000FF008207E1F006E8DD003B06404BE0FD38067C3EE0FD00E2FB0F17002206643E76
:20BB6000E0FD22170100F80F400201D0C2D13BCF0100DDEEFF0FDD002336000080FFEA1767
:20BB80001DF0ECF740022206783EE0FD22170100C2F1020D610AD105E21D620A820D9525C7
:20BBA00019301D38BFFFF4FC0AE0C51D381701001DF0C3F2C2F1020D620AFA0519301D3890
:20BBC000BFFF7AFD0AE0E5051A301D38BFFFE2FD0AE0850D1A301D38BFFFD6FD0AE0A505E0
:20BBE0000000E0E1EA25381701001DF0C3F2C2F18003381701001DF0C3F2800EFFFFC2F1DC
:20BC0000810CBFFFF6F17B570600FB370700BFFF34F57B570800FB0F0B00FB170900E111FE
:20BC2000820D9B0F0500E009CA050000E00700012337010080FF52171C504206FFF08007B9
:20BC4000E1FF3B06404BE0FD3706603EE0FD36065C3EE0FD3406583EE0FDFBD71D001AF04A
:20BC6000C2F222064C110100C2F1000D740F01001AF0C2F2220650110100C2F1000D760FB9
:20BC800001001AF0C2F22206A8130100C2F1000D770F01001AF0C1F2220666110100C2F1AA
:20BCA00070087B0F20001AF0C1F2220668110100C2F170082B06823EE0FDC10EFF0F6B0FB3
:20BCC00000001A08C30A22068813010001A8C2A91AF0C1F2220662110100C2F170C0E0C1C0
:20BCE000F31500EA9515371701001DF0E4F744021D08F80F2002C2F135170100C10AC20947
:20BD00000B0D41EADD00FB0F2100E1E9D1ED00EA95551D08E40F44023717010001E0C2E14B
:20BD2000341701001D08C40A01C8C2C9F9F7050036170100C3F2C2F1000D7C0F0100F9F73C
:20BD4000050036170100C3F2C2F1020D7C0F05005C070A005C070B00F90F09007C0F08000A
:20BD6000FB0F0F00F9170D004209F21D9C0F0B00410A5C0F0A00040A7C0F0D001D30FC4787
:20BD80000900023ABFFFF0F0FB0F0700A106FFFFD205FC170900E111B30D7BEF0800FC0FE8
:20BDA00009007B0F0600C505020A7C0F0D0041EADD00FB0F2100E1E9D1AD00004006FFFFBD
:20BDC0008207E17006E8DD003B06404BE0FD3A06603EE0FD3906583EE0FD00E2233600006D
:20BDE00080FF86153A1701001DF0E4F74402C2F1391701001D08C40AC209E10F07006A1076
:20BE0000E111E1052337010080FF7E1504E2E0E19A551DF0E4F744023A170100C2F16A08A2
:20BE2000410A8A0BFB0F0B00E1E9AA0D1DF0E4F744023A170100C2F16B08410A8B0B1DF0F8
:20BE4000E4F744023A170100C2F1060D620A9A0D1DF0E4F744023A170100040AC2F1070D41
:20BE6000391701001D301DF0C4F2023AC2F17440BFFF04F0391701001DF0C4F2FB0F0700E7
:20BE8000C2F17410E111A3157BEF0800391701001DF0C4F2C2F174087B0F06009B0F0500CD
:20BEA000E009CA050000E00700012337010080FFD8141C504206FF708207E1003D06404BC1
:20BEC000E0FD00E2E0E18A652336000080FF9A1400003DF701006B08E009E2053DF70100C0
:20BEE0006B085F0A8B0B3DF701006A08E009E2053DF701006A085F0A8A0B3DF701006A080D
:20BF0000E009E2053DF70100040A070DD5053DF70100020A070DFDF70B002206603EE0FD29
:20BF200022170100E4F744020232C2F17438BFFF9CF03DF701009003FD0F0B002206583E2C
:20BF4000E0FD221701003DF70100C40AC209E10F0900840CFD0F0B00FD170900E111BA0D86
:20BF6000BFFF98EE7D570600FD370700BFFFD6F17D5708005D0704000000E007000123375D
:20BF8000010080FF04141C504206FF008207E17006E0DC003D06404BE0FD3A06603EE0FD54
:20BFA0003906583EE0FD00DA2336000080FFBA133A1701001CF0E4F74402C2F139170100CD
:20BFC0001C08C40AC209E10F07006A10E111A10DFD0F0B00E1E1E2052337010080FFAA133C
:20BFE00004DAE0D9AA7D00003DF701006B08E009E2053DF701006B085F0A8B0B3DF701002F
:20C000006A08E009E2053DF701006A085F0A8A0B3DF701006A08E009E2053DF70100040A7F
:20C02000070DD5053DF70100020A070DFDF70B003A170100E4F744020232C2F17438BFFFFA
:20C040008CEF3DF701009003FD0F0B00391701003DF70100C40AC209E10F0900840C1CF0D2
:20C06000E4F744023A170100C2F16A08410A8A0B1CF0E4F744023A170100C2F1060D620A97
:20C080009A0D1CF0E4F744023A170100040AC2F1070D391701001C301CF0C4F2023AC2F157
:20C0A0007440BFFFD2EDFD0F0B00FD170900E111BA0DBFFF46ED7D570600FD370700BFFF9E
:20C0C00084F07D5708005D0704000000E00700012337010080FFB2121B504206FF70820777
:20C0E000E11006E8DD0007E03B06603EE0FD2336000080FF74121DF0E4F744023B17010002
:20C10000C2F1060D640ADA05010A7C0F0100A50D1DF0E4F744023B170100C2F1060D7C0FF1
:20C1200001002337010080FF60124206FF108007E11006E0DC0007D8000000EA1C301B38B9
:20C14000BFFF9EFFE0E9D2051D30BFFFF2E5000000001D504006FF108007E10006E0DC0016
:20C16000000000EA1C30BFFF5AFC0AE8E0E9D2051D30BFFFCAE5000000001D504006FF0077
:20C180008007E10006E0DC00000000EA1C30BFFF32FC0AE8E0E9D2051D30BFFFA2E500002F
:20C1A00000001D504006FF0080076100000000EABFFF08FD0AE8E0E9D2051D30BFFF80E536
:20C1C000000000001D5040067F008007E11006D83C06404BE0FD000000EAFC0F1D00FC1708
:20C1E0000B00CC0A02097B0F0000E0E9D2051D30BFFF4CE5000000001D504006FF108207A2
:20C20000E1003D06404BE0FD000000E2E0E1EA1D2336000080FF5211BFFFE0EB7D5706004A
:20C22000FD370700BFFF1EEF7D570800FD0F0B00FD170900E111E2055D0704000000E007C0
:20C2400000012337010080FF4011E0E1D2051C30BFFFECE4000000001C504206FF00800706
:20C26000E10006E0DC00000000EAE0E9DA051C30BFFF1CFD0AE8E0E9D2051D30BFFFC0E425
:20C28000000000001D504006FF002106F012E0FD3206404BE0FD3106343EE0FD3006383E14
:20C2A000E0FDF29F1D0013F0C2F22F0620110100CFF100157117010013F0C2F22F069C13DC
:20C2C0000100CFF100157017010013F0C1F22F0654110100CFF1701072171E00311701007F
:20C2E000E011C2150012E50D0278EC7F4002307701000FF0CEF10105030584148514411253
:20C30000C200F27F1F00EF1181F500007F008207E1F006E0DC0007C03D06343EE0FD00DA87
:20C320002336000080FF42101CF0ECF740023D170500C2F17508FC09BA0505DA95251CF0B0
:20C34000ECF740022206343EE0FD22170100C2F170D02206743EE0FD221701001AF0C4F263
:20C36000C2F100CD1CF0ECF740023D17050019301A40C2F1003D80FF8E09785701002337E0
:20C38000010080FF04101B504206FFF08407E1F706D0DA003D06343EE0FD3906743EE0FDF4
:20C3A00000C21AF0F4F740022206703EE0FD22170100C2F100B52336040080FFAC0F391748
:20C3C00001001AF0C4F2C2F100BD391701001AF0C4F2C2F174D880071E011B0601FFCA0586
:20C3E00001C2800712011BF0ECF740023D17050017381A40C2F1003580FF0C09F651AB7DC3
:20C400001BE01BF0ECF740023D170500C2F175D8391701001AF0C4F2C2F184DC1B0601FF53
:20C42000A20D1BF0ECF740023D170500200EFF00C2F1840C1CF0ECF740023D170500C2F117
:20C4400084E41CF0ECF740023D170500C2F185E41CF0ECF740023D170100C2F1040DE0099B
:20C46000A2152337050080FF200F1CF0ECF740023D170100C2F1040DE1C760F92336040050
:20C4800080FFE60E1CF0ECF740023D170500C2F1020DE00983351CA8ECAF40023D3F05001A
:20C4A000C7A915F000351CF0ECF740021A40C7F1023D80FF120875570100391701001AF08F
:20C4C000C4F2C2F17408630F0200391701001C301AF0C4F2233E0200C2F1024580FF2A00A0
:20C4E00039170100E30F03001AF0C4F2C2F1840CA50501C2E0C1F207E5FE2337050080FF2B
:20C50000880E4406FFF70668CD00076008802106383EE0FD009A22065E4BE0FDE21701005F
:20C52000E269897D0DF0ECF7400221970100D2F1008D2096FF00EC170100F181C9258525BC
:20C54000020601FFBA05019AB51D02F0ECF7400221770100CEF1007DF079911502F0ECF7D7
:20C560004002CEF1007DF179AB0D029002F0ECF7400221770100CEF17510A505019A619A55
:20C580008AE5B5258525020601FFBA05019AB51D02F0ECF7400221770100CEF1007DF0791F
:20C5A000890D02F0ECF74002CEF1007DF179AB0D029002F0ECF7400221770100CEF17510EA
:20C5C000A505019A619A8AE50DF0ECF7400221770100CEF184940DF0ECF74002217701005F
:20C5E000CEF18514120601FF920D12F0ECF7400221770100CEF1856CB5056C6F000002061F
:20C6000001FF820D02F0ECF74002210F0100C1F1846C00007F000610C20007882106383E1E
:20C62000E0FD33065E4BE0FDF39F0100F311C93502F0ECF7400221870100D0F1749002F052
:20C64000ECF74002217F0100CFF17598120601FF920D12F0ECF74002217F0100CFF1859CE7
:20C66000B505719F0000130601FF820D13F0ECF74002217F0100CFF1849402F0ECF7400290
:20C68000217F0100CFF1841402F0ECF74002210F0100C1F1851400007F008407E13006E00D
:20C6A000DC003D06343EE0FD3A06743EE0FD00DA2336040080FFB20C1CF0ECF740023D1744
:20C6C0000500C2F17508FC09BA0505DA85251CF0ECF740022206343EE0FD22170100C2F143
:20C6E00070E83A1701001DF0C4F2C2F17408630F02001C30233E0200BFFF1EFF3A1701004E
:20C70000E30F03001DF0C4F2C2F1840C2337050080FF760C1B504406FF308407E1F706E091
:20C72000DC0007C008A83D06343EE0FD3906743EE0FD00D21CF0ECF740022206343EE0FDCC
:20C7400022170100C2F170D81BF0F4F740022206703EE0FD22170100C2F100BDE0D19A5D67
:20C760002336040080FF020C1CF0ECF740023D170500C2F17508FC09F2052337050080FF3B
:20C78000080C07D2E545391701001BF0C4F2C2F100B5163018381B4080FF6C05F7519B0D37
:20C7A0001CF0ECF740023D170500C2F101C5B50D1CF0ECF740023D1705001708D809410ADF
:20C7C000C2F1010D1CF0ECF740023D170500C2F103AD391701001BF0C4F2C2F17408630FF8
:20C7E0000200391701001C301BF0C4F2233E0200C2F10045BFFF12FD39170100E30F03006B
:20C800001BF0C4F2C2F1840C2337050080FF7A0B1A504406FFF70698D30007103E06703E8D
:20C82000E0FD1390EC9740023106343EE0FD318F0100D191F20F01000190F4974002008D1D
:20C84000D19132970100629701000190F4974002008DD19132970500629709000190F49779
:20C860004002008DD19132970900629705007F008407E1F306D8DB0007C008B83D06343EE4
:20C88000E0FD3906743EE0FD00E2E0C1BA0508E2B50D1BF0ECF740022206343EE0FD22171F
:20C8A0000100C2F170D0E0E1CA4D2336040080FFB80A1BF0ECF740023D170500C2F1750855
:20C8C000FB09F2052337050080FFBE0A07E2953D3D1705001BB0ECB74002C2B1391701002F
:20C8E0001AF0C4F218381A40C2F1003580FFD803765701001BF0ECF740023D170500C2F182
:20C9000003BD391701001AF0C4F2C2F17408630F0200391701001B301AF0C4F2233E0200E4
:20C92000C2F10045BFFFE2FB39170100E30F03001AF0C4F2C2F1840C2337050080FF4A0AE9
:20C940001C504406FFF38007E11006E0DC0007D8000000EA1C301B38BFFFB6F90AE8E0E965
:20C96000D2051D30BFFFD8DD000000001D504006FF108007E11006E0DC0007D8000000EA5B
:20C980001C301B38BFFF92FEE0E9D2051D30BFFFAEDD000000001D504006FF108007E1004A
:20C9A00006E0DC00000000EA1C30BFFFF0FC0AE8E0E9D2051D30BFFF86DD000000001D5068
:20C9C0004006FF008007E13006E0DC0007D808D0000000EA1C301B381A40BFFF96FE0AE8DA
:20C9E000E0E9D2051D30BFFF56DD000000001D504006FF308007E13006E0DC0007D808D066
:20CA0000000000EA1C301B381A40BFFF10FD0AE8E0E9D2051D30BFFF26DD000000001D505B
:20CA20004006FF308007E17006C8D90007D83C067034E0FD00EA193080FF60070AD0193024
:20CA400080FF0807FC0F01000112FA17C000820002097C0F00001AF0C2F21C160C00C2F191
:20CA6000010A010D5B070000E0E9920DE0D9B2055BEF00001D30BFFFC6DC00004006FF70B7
:20CA80008007E11006D8DB0007E0000000EAE0E9EA051B3080FFB4065C070000E0E9920D8D
:20CAA000E0E1B2055CEF00001D30BFFF92DC000000004006FF108207E17006D0DA0007C88C
:20CAC0003C067034E0FD00001A3080FFCE060AD800EA2336000080FF9008FC170100010A9B
:20CAE000FB0FC0004209A22561CAB105F20DC51D1A30023A80FF6606E051B2FD1BF0C2F288
:20CB00001C160C00C2F10105A5151A30013A80FF4C06E051B2FD1BF0C2F21C160C00C2F17E
:20CB2000010A010DC50503EAA50503EA2337010080FF5608E0E9D2051D30BFFF02DC0000CD
:20CB400000001D504206FF708007E100000080FF3C060AE81D3080FF42060AE000001C502C
:20CB60004006FF008007E110000000E200DA00EAE50D22067034E0FDE2170100010AFD0FA6
:20CB8000C0004209A20541E241EADD0061EAA1F5E0D9D2051B30BFFFA6DB000000000000BD
:20CBA0001C504006FF108007E11006D89B003D067034E0FD3C065C4BE0FD00000332BFFF46
:20CBC00098E8E50F4000810EA000E12F2000FC170100010AE20FC0002110FD0F0100C20072
:20CBE00042097D0F0000000AB51D01F0C1F21D9E0200D3F1800401F0C1F21D9E0400D3F1B2
:20CC0000800401F0C1F21D9E0600D3F1800401F0C1F21D9E0800D3F18004410AC100610ABD
:20CC2000D1E5FCF701001D9E0A00C1F2D3F18004FCF701001D9E0C000212C2F2D3F101152D
:20CC400085052106F012E0FD3206743EE0FD3106963EE0FD33065C4BE0FDF39F010013F042
:20CC6000C2F2300624110100D0F100152B06703EE0FD6B17010013F0C2F23006A0130100DE
:20CC8000D0F100157217010013F0C1F2300656110100D0F17010711700000012F50D327F52
:20CCA00001000280C48210F0CFF1010503052086FF00848407054112C200F1870100F01195
:20CCC000F1ED7F00069807900888D10011F0F4F740023006703EE0FD30870100D0F10015E4
:20CCE000C112020E01001210D311E111CB051210D311F5051280D381017E01001010AF1142
:20CD000002507F00061007980888D10011F0F4F740023006703EE0FD30870100D0F1000DB7
:20CD2000C10A01960100F311CB051308A209F5051380A281127E01000F08D00901507F00F5
:20CD40008007E11006E8DD0000DA22065C4BE0FDE2170100DD0E00F08C0AE111C20520DEE8
:20CD60001500E51DDDEEFF0FDD00E0D99A1D2206743EE0FD221701001D08C40A01E0C2E10E
:20CD80003C0F01007C0F05003C3701001D40013ABFFF34FF7C5701001D30BFFFF2F51B5089
:20CDA0004006FF108207E10006E8DD0007E02336000080FFB4052206743EE0FD2217010080
:20CDC0001DF0C4F21D08F40F4002C2F12206703EE0FD22170100C209210F01000015410A2A
:20CDE000E117FE0A7C0F01002337010080FF9A054206FF008207E1F106D8DB0007D008B83C
:20CE00003806703EE0FD00E21BF0F4F7400238170100C2F1000D3A170100E111B30508E239
:20CE2000852D1BF0F4F7400238170100C2F100ED2336000080FF32052206743EE0FD221719
:20CE400001001BF0C4F2C2F1000D1D160100E20FFECA3A1701001D08D909A209FD0FFE0A4B
:20CE6000770F01007ACF01002337010080FF1A051C504206FFF18207E11006D8DB00000011
:20CE800000EA22065C4BE0FDE2170100DB0E00F08C0AE111C20520EE1500B525E0E99A2555
:20CEA0002206743EE0FD221701001B08C40A01E0C2E12336000080FFB0043C0F01007C0FA9
:20CEC00005003C3701001B40013ABFFFFAFD7C5701002337010080FFB0041B30BFFFB0F47F
:20CEE000E0E9D2051D30BFFF56D8000000001D504206FF108007E11006E0DC0007D800007C
:20CF000000EA1C301B38BFFF9EFEE0E9D2051D30BFFF2CD8000000001D504006FF10800736
:20CF2000E13006E0DC0007D808D0000000EA1C301B381A40BFFFC0FE0AE8E0E9D2051D3029
:20CF4000BFFFFCD7000000001D504006FF303E060001BFFF030521067F380100010DDE3F49
:20CF600020007F008007610080FF22020AE8210600DA0100E11F2008E50F4000810E008028
:20CF8000E12F2000000AC50D01F0C2F23306183FE0FDD3F122061CD301000115410A01062F
:20CFA00000FDB9F5000AC50D01F0C2F23306983EE0FDD3F12206F0D101000115410A010643
:20CFC000E0FFB9F51DF0C8F23306043B9AFFD3F11F12011540067F00067007102E9F0D00B5
:20CFE000E20F0900828F010022870500E27F0B00E079CA550106E0FFE10501F0C1F25EF6CF
:20D00000FCFFD50501F0C1F25EF6F8FF7090D296F0FF80940106E0FFE10501F0C1F25EF61D
:20D02000FCFFD50501F0C1F25EF6F8FF7090206E1000B169CD000D9180940106E0FFE10529
:20D0400001F0C1F25EF6FCFFD50501F0C1F25EF6F8FF7090D2963FFF80940106E0FFF91566
:20D060000106E0FFB10D1390CE922D060041FCFFCD9101F0C2F2D2F1F50501F0C2F22D0602
:20D080000020F8FFCDF170901391809401F0C2F22D06183FE0FDCDF101857F008007E1F0DC
:20D0A0003D06C431E0FD38065C4BE0FDF8DF0100BFFFB4FE00E2E51D1BF0C2F222062C1149
:20D0C0000100C2F100151C08C40A01D0C2D11C08EC0F40021BF0C2F2220614130100C2F10E
:20D0E000001501C8C2C91A301938BFFFEEFE41E2DC001BF0C1F2220658110100C2F1700808
:20D10000E1E1B1DD010A2B063C4BE0FD6B0F0100F80F0100E009EA151D082B06244BE0FD12
:20D120006B0F01003D0E10002B06344BE0FD6B0F01003D0E34002B06384BE0FD6B0F010086
:20D14000A50500004006FFF00608C1007F000610C2000000050A01507F000698D300071063
:20D16000010A00006112D105C20D6212E205A50DE00720010000850DE00720010000C50513
:20D18000B505000A000001507F00E00F4010C1161F000250CA007F000610C200E011BA05A3
:20D1A000000AC505800EFFFF000001507F000610C200E011BA05000AC505800EFFFF000057
:20D1C00001507F0080072100000080FF7613E5FD80076100EE0F4000840AC1EE090020362C
:20D1E000120080FF6013E0E9FAFD40067F008505850580072100210601A5A5A52B0610177B
:20D2000098FF6B0F01002B06801198FF6B0701001E00BFFF3CFD40063F002206404BE0FD06
:20D22000E50F4000810EA000E12F2000220F0100210F01001C9A01F053F11EF694FF5CF218
:20D24000210646B30100010DE20F0B003306583EE0FD339F0100C40AD309210F01005CF2FB
:20D26000010D5CF221060080F103010D000D3306FFFFF8FF5309010DE20F0B003306244B60
:20D28000E0FD339F0100C20AD30961F701007F00010A2B061401BFFF4B0F0000F0070001FD
:20D2A0007F003E06543EE0FD00F5000D1C122C061C4BE0FD42096C0F01007F003E064A4B77
:20D2C000E0FD70F02206244BE0FD22170100C2F2C2F1000D2D061C4BE0FD6D0F01007F007C
:20D2E0003E064A4BE0FD70F02206244BE0FD2217010021061C4BE0FD210F0100C2F2C2F167
:20D30000010D7F000610079808901208E29FEE08E20F0000E009E25700007F0085050698E8
:20D32000D3000790000013100206F0FFB9050012E505200E1000A2090110C2000208E17791
:20D3400020107F000012EE0F4010C19E3F00E099F205200E10000110B311C200B5052016EC
:20D36000100002507F0006F0E50F40000198D3162000E011FA05E50F4000810EA000E12F9D
:20D38000200001157F000610E0118A0DE50F4000209E5FFF5309E12F20007F008207E10075
:20D3A00006E807E0000023360000BFFFBCFF1D06E0FFE1051DF0C1F25EF6FCFFD5051DF0E8
:20D3C000C1F25EF6F8FF7008C10E7FFF800C23370100BFFFB4FF4206FF008207E10006E893
:20D3E00007E0000023360000BFFF7EFF1D06E0FFE1051DF0C1F25EF6FCFFD5051DF0C1F221
:20D400005EF6F8FF7008810E8000800C23370100BFFF76FF4206FF0001527F008207E1009D
:20D4200006E807E0000023360000BFFF3CFF1D06E0FFE1051DF0C1F25EF6FCFFD5051DF0E7
:20D44000C1F25EF6F8FF7008C10EFFEF800C23370100BFFF34FF4206FF00060807980000CD
:20D460000106E0FFE10501F0C1F25EF6FCFFD50501F0C1F25EF6F8FF7010AC128112B90595
:20D480000112A505001202507F007F0000000000000000000000000000000000000000006D
:20D4A00000000000000000000000000000000000000000000000000000000000000000006C
:20D4C00000000000000000000000000000000000000000000000000000000000000000004C
:20D4E00000000000000000000000000000000000000000000000000000000000000000002C
:20D5000000000000000000000000000000000000000000000000000000000000000000000B
:20D520000000000000000000000000000000000000000000000000000000000000000000EB
:20D540000000000000000000000000000000000000000000000000000000000000000000CB
:20D560000000000000000000000000000000000000000000000000000000000000000000AB
:20D5800000000000000000000000000000000000000000000000000000000000000000008B
:20D5A00000000000000000000000000000000000000000000000000000000000000000006B
:20D5C00000000000000000000000000000000000000000000000000000000000000000004B
:20D5E00000000000000000000000000000000000000000000000000000000000000000002B
:20D60000E1476011E11740002106FFFFFFBF4111E20F2000E5174000E1676011E0074801CE
:20D62000E1476011E51740008216A000E22F2000E1676011E1476011ED174000C2160F002F
:20D640006012B2056112D225E1676011BFFF56FC2606204BE0FD661F010027061C4BE0FD03
:20D66000273F01000718BFFF24DBBFFF52FC26061C4BE0FD261F0100E6676039E6072000B2
:20D68000E70F2000E66760F9E1676011E0074801E1676011BF076CFFE1476011E517400026
:20D6A0008216A000E22F2000E1676011E1476011E64760F9E0374000E13F4000E6476039AC
:20D6C00035061C4BE0FD751F0100BFFF16FCBFFFD4FB2606204BE0FD661F010027061C4B4B
:20D6E000E0FD273F01000718BFFFA2DABFFFD0FB26061C4BE0FD261F0100E6676039E6077B
:20D700002000E70F2000E66760F9E1676011E00748010000E1476011E51740008216A00037
:20D72000E22F2000E1676011E1476011E64760F9E0374000E13F4000E647603935061C4BC1
:20D74000E0FD751F0100ED174000C216FF0FC2122106183FE0FDC209210F010061000000A1
:20D76000E1476011E51740008216A000E22F2000E1676011E1476011E64760F9E03740003C
:20D78000E13F4000E647603935061C4BE0FD751F0100ED174000C216FF0FC2122106183FD3
:20D7A000E0FDC209210F01006100000026061C4BE0FD261F0100E6676039E6072000E70F90
:20D7C0002000E66760F9E1676011E0074801000026061C4BE0FD261F0100E6676039E60711
:20D7E0002000E70F2000E66760F9E1676011E00748010000E1476011E51740008216A00057
:20D80000E22F2000E1676011E1476011E44760F9E2374000E33F4000E647603935061C4BDE
:20D82000E0FD751F01002206003B9AFF22170100E01762135F12C2122106983EE0FDC209EA
:20D84000210F01006100000026061C4BE0FD261F0100E6676039E6172000E71F2000E4670C
:20D8600060F9E1676011E00748010000000000000000000000000000000000000000000066
:20D88000000000000000000000000000000000000000000000000000000000000000000088
:20D8A000000000000000000000000000000000000000000000000000000000000000000068
:20D8C000000000000000000000000000000000000000000000000000000000000000000048
:20D8E000000000000000000000000000000000000000000000000000000000000000000028
:20D90000000000000000000000000000000000000000000000000000000000000000000007
:20D920000000000000000000000000000000000000000000000000000000000000000000E7
:20D940000000000000000000000000000000000000000000000000000000000000000000C7
:20D960000000000000000000000000000000000000000000000000000000000000000000A7
:20D98000000000000000000000000000000000000000000000000000000000000000000087
:20D9A000000000000000000000000000000000000000000000000000000000000000000067
:20D9C000000000000000000000000000000000000000000000000000000000000000000047
:20D9E000000000000000000000000000000000000000000000000000000000000000000027
:20DA000080070C4300000000000000000000000080070000000000000000000000000000A9
:20DA20008007000000000000000000000000000080070000000000000000000000000000D8
:20DA4000BF0758FC800700000000000000000000BF07D0FBBF07F0FF0000000000000000DF
:20DA6000800700000000000000000000000000008007000000000000000000000000000098
:20DA800080070000000000000000000000000000BF0740F700000000000000000000000002
:20DAA000800700000000000000000000000000008007000000000000000000000000000058
:20DAC000800700000000000000000000000000008007000000000000000000000000000038
:20DAE000BF070EF7000000000000000000000000BF0704FD00000000000000000000000094
:20DB0000BF0714FC000000000000000000000000BF0704FC00000000000000000000000069
:20DB2000BF07F4FB000000000000000000000000BF07E4FB0000000000000000000000008B
:20DB4000BF07D4FB000000000000000000000000BF07C4FB000000000000000000000000AB
:20DB6000BF0700FC000000000000000000000000BF07F0FB00000000000000000000000032
:20DB8000BF07E0FB000000000000000000000000BF07D0FB00000000000000000000000053
:20DBA000BF07C0FB000000000000000000000000BF07B0FB00000000000000000000000073
:20DBC000BF07A0FB000000000000000000000000BF0790FB00000000000000000000000093
:20DBE000BF0780FB000000000000000000000000BF0770FB800721000032BFFF46F140069E
:20DC00003F00800721000132BFFF50E540063F00800721000232BFFF42E540063F008007A5
:20DC2000E1703D061C4BE0FD3C06953EE0FD3B06244BE0FD3A064A4BE0FD3906344BE0FD40
:20DC40009C0F0100E009BA0DFAF701003B1701003D0F0100C2F2C2F1010DA50D9CF701001B
:20DC6000391701003D0F0100C2F2C2F1010D2B068A3EE0FD6B0700003E06683EE0FD00F58D
:20DC8000000D1C1242097D0F010027061C4BE0FD271F0100BFFFA2CE00000000BFFF58FF76
:20DCA000E50F4000810EA000E12F20003E06543EE0FD00F5000D1C1242097D0F01002706E9
:20DCC0001C4BE0FD271F0100BFFFD4CE9C0F0100E009BA0DFAF701003B170100C2F2C2F151
:20DCE000000D7D0F0100A50D9CF7010039170100C2F2C2F1000D7D0F0100BFFFB2FA000088
:20DD00004006FF708007E1703D061C4BE0FD3C06953EE0FD3B06244BE0FD3A064A4BE0FDBE
:20DD20003906344BE0FD9C0F0100E009BA0DFAF701003B1701003D0F0100C2F2C2F1010DE5
:20DD4000A50D9CF70100391701003D0F0100C2F2C2F1010D010A2B068A3EE0FD6B0F00000F
:20DD60003E06683EE0FD00F5040D1C1242097D0F010027061C4BE0FD271F0100BFFFBACDD3
:20DD8000000080FFCA07E50F4000810EA000E12F20003E06543EE0FD00F5000D1C12420972
:20DDA0007D0F010027061C4BE0FD271F0100BFFFEECD9C0F0100E009BA0DFAF701003B1705
:20DDC0000100C2F2C2F1000D7D0F0100A50D9CF7010039170100C2F2C2F1000D7D0F0100A9
:20DDE000BFFFCCF900004006FF708007E1703D061C4BE0FD3C06953EE0FD3B06244BE0FD0D
:20DE00003A064A4BE0FD3906344BE0FD9C0F0100E009BA0DFAF701003B1701003D0F0100C7
:20DE2000C2F2C2F1010DA50D9CF70100391701003D0F0100C2F2C2F1010D020A2B068A3E0F
:20DE4000E0FD6B0F00003E06683EE0FD00F5080D1C1242097D0F010027061C4BE0FD271FDD
:20DE60000100BFFFD4CC000080FF0007E50F4000810EA000E12F20003E06543EE0FD00F582
:20DE8000000D1C1242097D0F010027061C4BE0FD271F0100BFFF08CD9C0F0100E009BA0DC8
:20DEA000FAF701003B170100C2F2C2F1000D7D0F0100A50D9CF7010039170100C2F2C2F11E
:20DEC000000D7D0F0100BFFFE6F800004006FF708007E1703D061C4BE0FD3C06953EE0FD06
:20DEE0003B06244BE0FD3A064A4BE0FD3906344BE0FD9C0F0100E009BA0DFAF701003B17A8
:20DF000001003D0F0100C2F2C2F1010DA50D9CF70100391701003D0F0100C2F2C2F1010DE5
:20DF2000030A2B068A3EE0FD6B0F00003E06683EE0FD00F50C0D1C1242097D0F010027067C
:20DF40001C4BE0FD271F0100BFFFEECB000080FF1C06E50F4000810EA000E12F20003E0647
:20DF6000543EE0FD00F5000D1C1242097D0F010027061C4BE0FD271F0100BFFF22CC9C0F1B
:20DF80000100E009BA0DFAF701003B170100C2F2C2F1000D7D0F0100A50D9CF701003917F4
:20DFA0000100C2F2C2F1000D7D0F0100BFFF00F800004006FF708007E1703D061C4BE0FD95
:20DFC0003C06953EE0FD3B06244BE0FD3A064A4BE0FD3906344BE0FD9C0F0100E009BA0D19
:20DFE000FAF701003B1701003D0F0100C2F2C2F1010DA50D9CF70100391701003D0F010036
:20E00000C2F2C2F1010D040A2B068A3EE0FD6B0F00003E06683EE0FD00F5100D1C124209DB
:20E020007D0F010027061C4BE0FD271F0100BFFF08CB000080FF4205E50F4000810EA000E1
:20E04000E12F20003E06543EE0FD00F5000D1C1242097D0F010027061C4BE0FD271F01001D
:20E06000BFFF3CCB9C0F0100E009BA0DFAF701003B170100C2F2C2F1000D7D0F0100A50D87
:20E080009CF7010039170100C2F2C2F1000D7D0F0100BFFF1AF700004006FF708007E1703E
:20E0A0003D061C4BE0FD3C06953EE0FD3B06244BE0FD3A064A4BE0FD3906344BE0FD9C0F62
:20E0C0000100E009BA0DFAF701003B1701003D0F0100C2F2C2F1010DA50D9CF701003917F2
:20E0E00001003D0F0100C2F2C2F1010D050A2B068A3EE0FD6B0F00003E06683EE0FD00F542
:20E10000140D1C1242097D0F010027061C4BE0FD271F0100BFFF22CA000080FF5E04E50FA1
:20E120004000810EA000E12F20003E06543EE0FD00F5000D1C1242097D0F010027061C4BF1
:20E14000E0FD271F0100BFFF56CA9C0F0100E009BA0DFAF701003B170100C2F2C2F1000DA8
:20E160007D0F0100A50D9CF7010039170100C2F2C2F1000D7D0F0100BFFF34F6000040064C
:20E18000FF708007E1703D061C4BE0FD3C06953EE0FD3B06244BE0FD3A064A4BE0FD390641
:20E1A000344BE0FD9C0F0100E009BA0DFAF701003B1701003D0F0100C2F2C2F1010DA50DEE
:20E1C0009CF70100391701003D0F0100C2F2C2F1010D060A2B068A3EE0FD6B0F00003E06F4
:20E1E000683EE0FD00F5180D1C1242097D0F010027061C4BE0FD271F0100BFFF3CC9000001
:20E2000080FF8403E50F4000810EA000E12F20003E06543EE0FD00F5000D1C1242097D0FAB
:20E22000010027061C4BE0FD271F0100BFFF70C99C0F0100E009BA0DFAF701003B1701008D
:20E24000C2F2C2F1000D7D0F0100A50D9CF7010039170100C2F2C2F1000D7D0F0100BFFF67
:20E260004EF500004006FF708007E1703D061C4BE0FD3C06953EE0FD3B06244BE0FD3A0688
:20E280004A4BE0FD3906344BE0FD9C0F0100E009BA0DFAF701003B1701003D0F0100C2F2CF
:20E2A000C2F1010DA50D9CF70100391701003D0F0100C2F2C2F1010D070A2B068A3EE0FD5D
:20E2C0006B0F00003E06683EE0FD00F51C0D1C1242097D0F010027061C4BE0FD271F010021
:20E2E000BFFF56C8000080FFBA02E50F4000810EA000E12F20003E06543EE0FD00F5000DBF
:20E300001C1242097D0F010027061C4BE0FD271F0100BFFF8AC89C0F0100E009BA0DFAF7E2
:20E3200001003B170100C2F2C2F1000D7D0F0100A50D9CF7010039170100C2F2C2F1000D7D
:20E340007D0F0100BFFF68F400004006FF708007E1703D061C4BE0FD3C06953EE0FD3B06CF
:20E36000244BE0FD3A064A4BE0FD3906344BE0FD9C0F0100E009BA0DFAF701003B17010063
:20E380003D0F0100C2F2C2F1010DA50D9CF70100391701003D0F0100C2F2C2F1010D080A50
:20E3A0002B068A3EE0FD6B0F00003E06683EE0FD00F5200D1C1242097D0F010027061C4B8A
:20E3C000E0FD271F0100BFFF70C7000080FFD601E50F4000810EA000E12F20003E06543E65
:20E3E000E0FD00F5000D1C1242097D0F010027061C4BE0FD271F0100BFFFA4C79C0F0100AB
:20E40000E009BA0DFAF701003B170100C2F2C2F1000D7D0F0100A50D9CF70100391701006F
:20E42000C2F2C2F1000D7D0F0100BFFF82F300004006FF7080072100BFFF96C440063F00AE
:20E4400080072100BFFF7AC440063F0080072100BFFF7EC440063F0080072100BFFF62C4DA
:20E4600040063F0080072100BFFF66C440063F0080072100BFFF4AC440063F00820721005F
:20E480000032013A0142BFFF3EE50132013A0542BFFF34E52606B83B030080FFD6B9260603
:20E4A000DC13010080FF3E2226068817010080FF600926069415010080FF7E1D0032013A7C
:20E4C00080FFA4220132013A80FF9C220032033A80FF50230132033A80FF48232336030035
:20E4E000003A014280FFBC1E23360300013A014280FFB01E2336030080FF021E23360300C8
:20E50000013A80FFAA1DBFFFA2DCE051A205850542063F0080072100BFFF90DCE051A205AB
:20E52000850540063F008007210080FF1C0280FF2602BFFF76DCE051A205850540063F00E9
:20E540007F000608810000007F007F008007210080FFBAD50032013A80FF0C220032033A70
:20E5600080FFC02240063F007F008007210080FF4ED440063F007F008007210080FF90D35F
:20E5800040063F008007210080FF90D50132013A80FFD4210132033A80FF882240063F006A
:20E5A0007F008007210080FF24D440063F00501A634F0D00634709000608633F0500E007C0
:20E5C0001001031E10007F008007610006E826061413E0FD263701001D38084280FF9E3327
:20E5E0001E0040067F008007E11006E0DC0007D801EA26060C13E0FD80FFEE02023227063C
:20E600002413E0FD80FF86BE1D504006FF108A07E11006D8DB0007E001EA080A430F1200DE
:20E62000020A630F1000200E0001630F0D0023F600008603820381038703010A800B83034D
:20E640008503050A840B230E0000630F0900200E0001630F0D002337090002423C3F010017
:20E66000463280FF18330232233E080080FF1EBE1D504A06FF108007E17006C8D90007D03E
:20E680003C062413E0FD3B060C13E0FD01EA3A3701001B3880FFA2017CDF01001C38023231
:20E6A00080FFEABD1D504006FF708407E11006D8DB0007E001EA23F6000080038103820366
:20E6C00083038403850386038703233600003C3F0100044280FFA63223360000BFFFECFE1F
:20E6E0003E061413E0FD00F5010A880B1D504406FF108407E11006D8DB0007E001EA23F659
:20E700000000800381038203830384038503860387033CF701006008430F0400233600007A
:20E72000BFFFA8FE3E061413E0FD00F5020A880B830F0500610ADA050332003ABFFF72FE1B
:20E740001D504406FF1080072100003280FF981D40063F0080072100003280FFB41D4006F0
:20E760003F0006F00708081060986190F397B0F81298619F000062986390F397B0F81298AF
:20E78000629F00007F008007C11006E89D0007E0DC000850EA0023F70D0009D89B001C084A
:20E7A000C40ADD160F00026801690D98930093000D08880A0190920092000D08900A0110CE
:20E7C000820082000A08A80A01788F008F000A708E008E000F08A40AC1860F009000CF0EBC
:20E7E0000F00C40A0E60A462CC660F000C8801899100CE0E0F00C40A8100011182000062A8
:20E800001B58000A33098100320981002209810031098100300981002C0981002B09810076
:20E820000148809B81938213838B84838563865B874B4006DF108407E1F106C007B83906C5
:20E840003013E0FD1830233E040023460600BFFF14FF230F0400E009FE0502D2E3E70500E6
:20E8600080E1DC00C50504D2E3E70500230F06002B06676666660110BF12EB0F209A13E859
:20E88000A2EAA2E91D0668F7C70520DE9808950D1D069808CE0520DE68F7B5051DD8FB0036
:20E8A000994F01001A301C381B4063BF0100BFFFD8FE99170100020E1000C10001060FFF18
:20E8C000C90559070000D50501108200591700004406FFF121063013E0FD2B063013E0FD5B
:20E8E0004B0700007F0006F021063013E0FD819F010013161000C20002060FFFC9054107C2
:20E900000000D50502989300419F0000810F0100860B000A60983309810061983309810079
:20E92000629833098100639833098100649833098100659833098100669833098100870BA8
:20E940007F008007E13006D0DA0008D807E0DC0001EA00001C301B3880FF38030AE861EACC
:20E96000D2153E063413E0FD00F51C08F40F40020AF5C1F16108E009920D1CF0C2F2220660
:20E980000435E0FDC2F1010A010D1D504006FF300610C20008900798D300010A0000015075
:20E9A0007F008007E1F306B0D6003A063413E0FD07E0DC0001EA3AF701001C08F40F400244
:20E9C0000AF5C1F106CD3AF701001C08F40F40020AF5C1F16008E10E380022061817010080
:20E9E00001C0C2C13AF701001C08F40F40020AF5C1F174B8E0C9AA0D38DF0900E0D9D2054B
:20EA00001730FBC760F90AE8A505000000001D504006FFF30610C2000798D300010A0150AD
:20EA20007F008007E17006C8D90008D03C060435E0FD07E8DD003E063413E0FD00F51D085A
:20EA4000F40F40020AF5C1F106DD61DAEA1D1DF0C2F2DCF1000DE009FA0D1DF0C2F2DCF182
:20EA6000010A010D1D301A3880FF1E031DF0C2F2DCF10105950D20363300003A204642009D
:20EA80000A4ABFFF6469A50500004006FF708007E1F106E8DD003B060435E0FD3906341337
:20EAA000E0FD07E0DC0038061835E0FD08B8970000001CF0C2F2DBF1000D610ADA351CF0D8
:20EAC000C2F2DBF1020A010D39F701001C08F40F40020AF5C1F106D5E0D1BA1D1D3080FF22
:20EAE00010011DF0C2F2D8F1000D620A9A151DF0C2F2D8F1010539F701001D08C20A08F5A4
:20EB0000C1F16008E009C2051D3080FF3202A50500001CF0C2F2DBF1000D610AD2051CF09A
:20EB2000C2F2DBF101054006FFF18007E1F006D8DB0008C039063413E0FD07E0DC0001EA2F
:20EB400039F701001C08F40F40020AF5C1F106D5E0D1BA251B30183880FF90010AE861EA17
:20EB6000B21D39F701001C08F40F40020AF5C1F16108E00992151BF0C2F222061835E0FD71
:20EB8000C2F1010A010D1CF0C2F222060435E0FDC2F1010A010DA50500001D504006FFF093
:20EBA0000698D300079008880980010A3E063413E0FD00F51378F47F40020AF5CFF10615B2
:20EBC0000000000001507F000698D3000710C200089092003E063413E0FD00F50288F48F87
:20EBE00040020AF5D1F1060D000000007F000690D20030063413E0FD2F060435E0FD2D0640
:20EC00001835E0FD12F0C2F2CDF1000D009A610AFA3D30F70100701006F5C212C2F100F5EE
:20EC20001210C312C2F160700012C52D30F70100706006F5C262CCF100F51260C362CCF139
:20EC400002F50260C162CCF1708811F0C2F2CFF100656362BA05030A019A11F0C2F2CFF108
:20EC600000656162BA05010A019A11F0C2F2CFF100656262AA05020AE099A205D505411261
:20EC80008200EE11C1D512F0C2F2CDF1010D7F008007E1F106D8DB0007B838063413E0FD29
:20ECA00001EA38F701001B08F40F40020AF5C1F16008E10E380022061817010001D0C2D1D5
:20ECC00038F701001B08F40F40020AF5C1F174C83AE71500E0E1E20519301738FCC760F91D
:20ECE0000AE81D504006FFF18007E1F106D8DB0007B838063413E0FD01EA38F701001B080E
:20ED0000C20A08F5C1F16108E10E380022061817010001D0C2D138F701001B08C20A08F510
:20ED2000C1F171C83AE71100E0E1E20519301738FCC760F90AE81D504006FFF18007E170ED
:20ED400006E0DC0039063413E0FD39F701001C08C20A08F5C1F16108E10E380022061817D7
:20ED6000010001D8C2D939F701001C08C20A08F5C1F171D03BEF1900E0E9C2051A30FDC72C
:20ED800060F94006FF708007E1F006E0DC0007C039063413E0FD39F701001C08F40F400287
:20EDA0000AF5C1F16008E10E380022061817010001D8C2D939F701001C08F40F40020AF5AE
:20EDC000C1F174D03BEF1D00E0E9D2051A301838FDC760F94006FFF0000AA50D01F0C2F209
:20EDE00033060435E0FDD3F10105410AC100650AE1F50012A50D02F0C2F232061835E0FDDD
:20EE0000D2F101054112C2006512E1F57F008007610006E82B063413E0FD6BEF0100BFFF04
:20EE2000BAFF40067F003E063413E0FD00F570507F000608C10000007F000608C100071084
:20EE40008200000000007F008007E1F106D8DB0007B83A063413E0FD01CA00EAA53D3AF7B4
:20EE60000100700806F5C20AC1F100F51B08C30AC1F102F51D08C10AC1F170C001E23AF72C
:20EE800001001808F40F40020AF5C1F1060DE009C205650A920DF50D1B3018381740BFFFD8
:20EEA000A4FA0AE0950D1B3018381740BFFFE4FA0AE0A5050000E0E1AA0D00CA1BF0C2F205
:20EEC00022061835E0FDC2F1010A010D41EA9D003AF70100700806F5C20AC1F100F51B0811
:20EEE000C30AC1F16008E1E9B1BD19504006FFF18007E1F006D0DA003B063413E0FD01E204
:20EF00003BF70100700806F5C20AC1F100F51A08C30AC1F160C800EAA51D3BF701007008B8
:20EF200006F5C20AC1F100F51A08C30AC1F102F51D08C10AC1F170C01A301838BFFF66FA41
:20EF40000AE0E0E1A205D50541EA9D00F9E9E1E51C504006FFF08007E11006E0DC0001EA4F
:20EF60003E063413E0FD00F51C08F40F40020AF5C1F102F570D800001B301C38BFFF98FAEC
:20EF80000AE81D504006FF108007E1F006D8DB0007C03C063413E0FD3CF70100700806F5D8
:20EFA000C20AC1F100F51B08C30AC1F160D000EAF5153CF70100700806F5C20AC1F100F5FE
:20EFC0001B08C30AC1F102F51D08C10AC1F170C81B3019381840BFFF4CFA41EA9D00FAE91B
:20EFE00091ED4006FFF08007E10006E8DD003E063413E0FD00F51D08F40F40020AF5C1F1B3
:20F0000002F570E01C301D380042BFFF84FA4006FF008007E13006E0DC0007D001EA3E06E5
:20F020003413E0FD00F51C08F40F40020AF5C1F102F570D81B301C381A40BFFFF0FA0AE8CB
:20F040001D504006FF300698D3000770086822063413E0FD019222F70100700806F5C20A3E
:20F06000C1F100F51308C30AC1F16088000AA51D22F70100706006F5C262CCF100F513606D
:20F08000C362CCF102F50160C162CCF1708022F701001060F46740020AF5CCF1067D410AB5
:20F0A0008100F109E1E512507F000698D30022063413E0FD07788F0022F70100700806F5D6
:20F0C000C20AC1F100F51308C30AC1F16090000AA51D22F70100707006F5C272CEF100F58A
:20F0E0001370C372CEF102F50170C172CEF1708822F701001170F47740020AF5CEF10685B6
:20F10000410A8100F209E1E57F000698D30007700868CD00096022063413E0FD019222F75D
:20F120000100700806F5C20AC1F100F51308C30AC1F16088000AA51D22F70100705806F5BD
:20F14000C25ACBF100F51358C35ACBF102F50158C15ACBF1708022F701001058F45F400270
:20F160000AF5CBF1067D410A8100F109E1E512507F008007E17006E0DC0007D808D009C8C2
:20F1800001EA00001C301B381A401948BFFF14FA0AE81D504006FF708007E11006E8DD0007
:20F1A00007D89B003E063413E0FD00F51D08F40F40020AF5C1F102F570E01C301D381B401A
:20F1C000BFFF08FA4006FF1006F0079008889100010A089DF2171100629A920D0280C28241
:20F1E0002F06C4140100CF81F00F0100840C7F008607E1FF06D8DB003E063C13E0FD00F517
:20F200001B08F00F4402021501D0C2D11B08E100E10E14002206F034E0FD01E8C2E91B0824
:20F22000E100E10E14002B068015010001C8CBC99ABF0D001BF0FE00FEF614002B06801589
:20F240000100CBF1706063670200BFFF02F226068034E0FDD7312706B0140100D739E347B2
:20F26000030080FF1827BFFFF2F1BA5F1500435F01009AE71500E5153E063C13E0FD00F566
:20F28000FC0E1C00061501C0C2C1F8B7010038A7150000AA14301638154080FF6A0C41E29C
:20F2A0009C00A35F0100EBE181ED99170D009D0F0D00C216040002095D0F0C00390F110047
:20F2C0007D0F1100F90F01007D0F0000DD8F0C00DD9F0C00DDA70C007D0704007D0702005E
:20F2E00000004606FFFF8607E1F106D8DB003E063C13E0FD00F51B08F00F4402021501E8DF
:20F30000C2E91B08E100E10E14002206F034E0FD01E0C2E19DC70D00FCBF010001D2210667
:20F320008034E0FDD809630F010063BF08006307050001CA3D0F0100E009B20D1B3604003A
:20F34000C600233E00003D0F0100E1C760F90AC8E0C99215DC1F0C007C070A00FD370F003F
:20F36000233E0000BFFFE4FAE051BA0500D2B505DC9F0C001A504606FFF106F007980888C2
:20F380009100000A7410E011C20574105F1284147410E0118A15010AF397110008156212BE
:20F3A000A20D1210C2123006C4140100D011E217030084146C80D01610008200E089DA0578
:20F3C0000206F0FFAA05010AE009F2057380E081CA05F3870900838401507F008607E1F0C1
:20F3E00006D8DB001B08E100E10E14002206F034E0FD01E8C2E93E063C13E0FD00F51B0808
:20F40000F00F4402021501E0C2E19CCF0D00FDC7010021068034E0FDD909630F010063C798
:20F4200008006307050001D23C0F0100E009B20D1B360400C600233E00003C0F0100E1C71E
:20F4400060F90AD0E0D1A21DDD1F0C00FC370F00233E0000BFFFF4F9E051EA0D9D170D00CA
:20F46000C20E100081000106F0FFBA05DDA70C007D070A00B505DD9F0C0000004606FFF0DB
:20F480008007E1F706D007A8D50009B883B729003806A834E0FD08C8D90000DABFFFB0EFB8
:20F4A0001A08620AD205650AB205690ABA25B70709E0000062D2C20D1F321F3A2046400075
:20F4C000B64180FFAA330A0841E10B0841E919F0C3F2D8F1BE07099000003C913D9913913C
:20F4E000820D1908C30AD809A1070FE0000001DAA5050000BFFF64EF0000000000001B5016
:20F500004006FFF78207E1F706A8D50036063C13E0FD36F701001508FC0F4002061501E8C7
:20F52000C2E9FDCF09003DE7150036F701001908F00F440202F5C1F16CC0FDBF01006CE29E
:20F54000B225E0E192251C08620AD205650AB205690ABA0D1708C30A2206A834E0FDC209FD
:20F56000A10709D00000C50500D200DA00001D381A401B4821068034E0FDD809630F010076
:20F58000003280FF300B4206FFF70608C10007780890920009708E003E063C13E0FD00F55D
:20F5A0000198F09F4402028D1310D1110198F300F39E14003106F034E0FD13F0D1F1E29F9A
:20F5C0000900018A08857368E069FA05E091D205086D646AA205839C820481040000005239
:20F5E0007F008207E1FF86004337030000EA857D3E063C13E0FD00F51D08F00F440202154E
:20F6000001D0C2D1BABF1900E0B9836D9ADF1900BFFF54EE1D08E100E10E14002206F03484
:20F62000E0FD01E0C2E13CB711009C0F0D00C1CE01009900BFFF3CEE85153E06CE140100DB
:20F64000DBF160A83E062E35E0FDD5F16008E009A205D50541DA9B00F7D981F5F7D9B92510
:20F6600061CAC23DBFFF00EEDC070C00BFFF04EEA35F0300E059A2351D30BFFF76FB62B270
:20F68000D20565B2B20563B29A2D9C0F0D00820AC10E010001A094001C301A381440BFFFF0
:20F6A0002AFBC51D61CAAA1DBFFFBCEDDC870C00BFFFC0ED9C0F0D00C1C60800980068C207
:20F6C000BA0DBA0F2500E009D205FA370F00BFFF22F8DC9F0C007C07060041EADD0061EA3A
:20F6E000818D4206FFFF8607E1FF06D8DB00633F090020E6800061DAD93D3E063C13E0FD9E
:20F7000000F51B08FC0F4002061501E8C2E93DBF1500FDCF09001908E100E10E14002206C2
:20F72000F034E0FD01B0C2B1FDAF0300FDA701009D0F0D0017301538234F09001440630FC2
:20F740000100BFFF3EFD0AD0E0D1C2051B30BFFFB6FDD6C70C00E20D00C23D5F1900635FD0
:20F7600005001930233F050018401A48BFFF1EFE0AE0000000001C504606FFFF0610C200C8
:20F7800007980890D200200E80000000000001507F008007E1F006D0DA0020EE80003E0608
:20F7A0003C13E0FD00F51A08FC0F4002061501E0C2E13CCF15009CDF0B001B0601FFF21D44
:20F7C0009C0F0F00610AB21D1BF0C1F22206CC140100C2F170C01908620AD205650AB20501
:20F7E000690ACA0D1A301838C33A210618150100C13980FFEA0B0AE80000000000001D5006
:20F800004006FFF08007E10006E0DC001C3080FF580C0AE81D504006FF008007E1F006C098
:20F82000D80001EA18E6FCFFDC001C08E100E10E14002206F034E0FD01C8C2C9990F0D00F6
:20F84000C1DE01009B0061DA8A15990F0D00C1D608009A0068D2DA05D9270C0000EAD505BC
:20F860001C30BFFF84FA0AE81D504006FFF08007E1F306D89B0038063C13E0FDE0D900EA8B
:20F88000920D38F701001B0EFFFFC10A18F5C1F170E8E52D1D08E100E10E14002206F03429
:20F8A000E0FD01D0C2D19A0F0D00C1E601009C0061E2CA1D38F701001D08F00F4402021532
:20F8C00001B8C2B900B200CA3A0F1100650A8A0D1A3017381640BFFFA4FA0AC8A505000051
:20F8E000E0C9C2051D30BFFFF6FA41EADD0038F701001B08C10A18F5C1F17008E1E9B1CDF8
:20F900004006FFF38607E1F706B8D70007C001DA17EEFCFFDD001D08E100E10E1400220605
:20F92000F034E0FD01D0C2D1FACF01003E063C13E0FD00F51D08F00F4402021501B0C2B18E
:20F9400096AF0D009A0F0D00C1E601009C0061E29A25F80F0900E1C9DB1D63CF0800210646
:20F960008034E0FDD509630F010063070500BFFFDEEA383701001940233F010080FFFE1FE8
:20F98000E30F0900780F0800BFFFD0EADA1F0C0000DA1B504606FFF70690D200120EFCFF56
:20F9A000C1003E063C13E0FD00F50110F0174402028D0298D1990110E200E21614003106FA
:20F9C000F034E0FD02F0D1F16C88D116010082006112EA0D8304F38F1300B106FFFF8A0D42
:20F9E000338F1D00648ACA05F38F0900838CDE9F0C007F008007E1F706A8D50007C03606E4
:20FA0000A834E0FD3E063C13E0FD00F51508F80F4002041501D8C2D920EE8000FBBF0B0082
:20FA20001708C30A2206D034E0FD01D0C2D19A0F0700C1E604009C0064E2B22DFBCF010086
:20FA4000BFFF0CEA3B0F1100620AF20D650AB205690ABA151908C30AD609A10709900000B6
:20FA6000B8070F900000A50D18301938C33AD639084280FF081FA5050000BFFFDEE99A1701
:20FA80000700C20E01008100610ADA0500EAB50520EE810000001D504006FFF78007E1700F
:20FAA00006E0DC0007C83E063C13E0FD00F51C08C50A001501D8C2D91C08C30A2206D034B7
:20FAC000E0FD01D0C2D101EA3B0F0100E009820D1C3019383B0F0100E1C760F90AE8E0E993
:20FAE000B205DA1F0600000000004006FF708607E1FF06E0DC003E063C13E0FD00F51C08E3
:20FB0000C50A001501D8C2D91C08C30A2206D034E0FD01D0C2D19BCF0D001CF0C3F22B06C6
:20FB200040150100CBF170A0BFFF24E926068834E0FDD9312706CF140100D939144080FF13
:20FB40003C1EBFFF16E99B5F0F00435F0300BBEF0D00E5153E063C13E0FD00F5FD0E1800A7
:20FB6000041501C0C2C1F8BF010038B7110000AA16301738154080FF8E0341EA9D00A35F02
:20FB80000300EBE981EDDA970600DA9F06001CF0C3F22B0640150100CBF170087A0F000025
:20FBA0004606FFFF0710C2000608089893007F000608C1003E063C13E0FD00F50198C59A36
:20FBC00000951310D211009A7F000608C1003E063C13E0FD00F50198C59A00951310D211AA
:20FBE0000198C39A3206D034E0FD13F0D2F1870381047F008007E13006E0DC0007E83E0615
:20FC00003C13E0FD00F51C08C50A001501D8C2D9BFFF3CE89BD70D003D3F01002606883481
:20FC2000E0FDDA31FD47090080FF521DBFFF2CE8FD0F09001CF0C3F22206D034E0FDC2F13D
:20FC4000800C00004006FF308007E1F106B807D8F70F0100FB17050001E0A2E1DC009BD7DD
:20FC60000D009BCF0F00BBEF0D0095153E063C13E0FD00F5FD0E1800041501C0C2C1183070
:20FC80001C381A40BFFF20FF41EA9D00F9E9F1ED00004006FFF18007E1F306B0960000EA8A
:20FCA000E54D3E063C13E0FD00F51D08C50A001501C0C2C198CF1100E0C9F33DB8E70F0061
:20FCC0001D08C30A2206D034E0FD01D0C2D19A0F0700C1DE01009B0085153E06C014010027
:20FCE000DCF160B83E062E35E0FDD7F16008E009A205D50541E2DC00F9E181F5F9E1A9151A
:20FD000061DAB21DBFFF60E7DA070600BFFF64E71D30BFFF9EFEE0B182151D30BFFFD2FD3B
:20FD2000C50D61DAAA0DBFFF3EE7DA870600BFFF42E71D30BFFF96FE41EADD0064EAA1B583
:20FD40004006FFF38007E1F106D8DB0007D03E063C13E0FD00F51B08C50A001501C8C2C9C2
:20FD60001B08C30A2206D034E0FD01B8C2B9F9C70500F90F070001E8D8E9DD00970F07004E
:20FD8000C1E601009C0061E29A15FA0F0900F809D10DFA0F0900FD099B0D1B301A38BFFF21
:20FDA00056FE1B301A38BFFFF6FC4006FFF18007E1F106C8990038063C13E0FDE0C900EAAF
:20FDC000920D38F70100190EFFFFC10A16F5C1F170E8D5251D08C30A2206D034E0FD01E079
:20FDE000C2E138F701001D08C50A001501B8C2B99C0F0700C1DE01009B0061DAEA0D9C0F29
:20FE00000700C1D608009A0068D2FA051C301738BFFF38FEDC9F060041EADD0038F7010021
:20FE20001908C10A16F5C1F17008E1E9C1D54006FFF18007E1F100EA95453E063C13E0FD7E
:20FE400000F51D08C50A001501C0C2C1B8E70F0098CF1100E0C983351D08C30A2206D034BB
:20FE6000E0FD01D0C2D19A0F0700C1DE02009B0085153E06C0140100DCF160B83E062C3518
:20FE8000E0FDD7F16008E009A205D50541E2DC00F9E181F5F9E1990D62DAE20DDA0F060002
:20FEA0001D30BFFF0EFD850D62DAEA05DA8F06001D30BFFF18FD41EADD0064EAF1BD400696
:20FEC000FFF10670078891000E981178817A1196FFFF9200000AB5151210A111820002F01F
:20FEE000D3F160800168D3698D6F010002F0D3F1806B01F0D3F18083410A8100EF09D1EDE1
:20FF00007F007F008007E11007E8DD0006E008D8DB00BFFF3AE51C08620AD205650AB20594
:20FF2000690AAA151D08C30A3E06A834E0FDC1F12206F0140100C209A10709900000BE07F0
:20FF40000F900000A5050000BFFF10E5000000004006FF109007E1FF63371100633F150077
:20FF600063470D000092009AA3078F9100006307080043070100230F1100630ABA1523EF86
:20FF80001500FDE70900BD5F0D00435F03009DAF0F00BDD70F003DA71500015A435F01009C
:20FFA000A5050000A35F0100E059F27D68D2E8D7165B435F0200235E1800635F0500E0A1FD
:20FFC000EA05830F03009C09410AA5051C08C100630F0A00BFFF78E423370500E3670900D6
:20FFE000233F0D00E30F0B0083470300CC31C13980FF8A19BFFF64E4E0A1AA0D2337050012
:020000040002F8
:20000000E30F0900833F0300C131BFFFB8FEA30789310000A347030080FF54280AC00BC8D1
:200020001F321F3A20464000B54180FF42280A9058910B985999A3078F91000069D2DA3565
:20004000A35F0300D50E070001D8CBD99B00BFFFFEE3E0A18A0D235F0D001CF6F8FFCBF18E
:200060006008D50523F70D00DCF1600801C001C8BFCABFFFE6E30842BB412036FF00003A73
:2000800080FFEC270A0841C10B0841C9A30789B100001540BB411830193880FF10280AB15D
:2000A0000BB9A3078FB10000A307895100005006FFFF9407E1FF63371100633F1500A30733
:2000C0008F41000023BF550063070C0043070000230F1100E009DA1523D71500FAEF07003F
:2000E000BAA70B009A5F0D00435F0200BAE70D003A5F1100635F0500015A435F0000A50524
:200100000000835F0100E059E20713011440A3078931000080FF9627A3070F52000023C6DE
:2001200020001D0E010001B0BCB1D6001C08DD0901AEFFFFD500235F0500E059F5B7340B48
:20014000C100630F0A0069E2E8E7125B435F01001DF0D7F1080AB4092016FF00E1178208DD
:2001600060104111980F01000209580F0000835F0300D459CBDE07009B00E0D9822D200EB0
:20018000FF00FB0FC2C8990069E2D90DE3F70B00D7F160101CF6FFFFD8F16008591102092F
:2001A000800BD51583470300A30789310000BB4180FFBC268A0043570300E3F70B00D7F168
:2001C0006008A36F030059090D09800B235F0500E0598A0DE3370D00A33F0100D831BFFF77
:2001E000E4FC235F0500E059FA05A35F01001D0E0100AB09A5051D08C100630F0E00BFFFAF
:200200004EE2E3370F00E33F0D00A3470100D731D83980FF6817BFFF42E25406FFFF06F024
:2002200007080810DE170C00219F1D00099D0000000000007F008007E10006E03D063813B8
:20024000E0FD2B063C13E0FD6BE7010080FFF40380FF4604BFFFAEFC26062E35E0FD003AC4
:20026000024280FF661826062C35E0FD003A024280FF5818010A7D0F010000004006FF0089
:20028000800761003D063813E0FD26062E35E0FD003A024280FF341880FF66032B063813F2
:2002A000E0FD6B070100000040067F008007E13006D007D89B0000EAE5151DF0A3F2DAF1F0
:2002C0006010DD0E0700E117A208C1E601009C003E062E35E0FDDDF161E2E20F0000800BC5
:2002E00041EADD0062EAA1ED1B30BFFFACF91B30BFFFF2F200004006FF308007E11006D8B6
:2003000000EAE5151DF0A3F2DBF16010DD0E0700E117A208C1E601009C003E062C35E0FDC1
:20032000DDF161E2E20F0000800B41EADD0062EAA1EDBFFF00FB00004006FF108007610058
:2003400006E8DD003E062C35E0FDDDF1010A800BBFFFE2FA000040067F008007610006E8B7
:20036000DD003E062C35E0FDDDF18003BFFFC6FA000040067F0021063813E0FD2A063813C0
:20038000E0FD2A5701007F008007E10006E001EA1C301D40003A80FF321700004006FF0056
:2003A0000710C200069808889100C29607000182F287C2088100E089820D02F0A3F2D3F1BC
:2003C000609001918093950D02F0A3F2D3F16090218090005091809300007F008007E1108F
:2003E00006E0DC0007D820EE80001C301B38BFFFF8F20AE8000000001D504006FF1080074C
:20040000E13006E0DC0007D808D0DA0020EE80001C301B381A40BFFF66F30AE800000000E8
:2004200000001D504006FF308007E11006E0DC0007D820EE800064E2E9051C301B38BFFFA2
:20044000B6F50AE8000000001D504006FF100610C20007980890200E800000000000000080
:20046000000001507F000610C200200E8000000001507F000610C200200E8000000001507F
:200480007F008007E10006E0DC0020EE80001C30BFFF02F30AE800001D504006FF008007FB
:2004A000E10006E0DC0020EE80001C30BFFF58F30AE800001D504006FF008007E10006E0C4
:2004C000DC0001EA1C30BFFF54F30AE800001D504006FF000608C1000710820000000000F8
:2004E00000007F008007610006E89D0021063813E0FD21063813E0FD210F0100610AEA05E1
:2005000061EAC9051D30BFFFA8F840067F008007610006E89D0021063813E0FD210638131E
:20052000E0FD210F0100610AEA0561EAC9051D30BFFF3EF340067F0006108200210638132F
:20054000E0FD00007F008007E11006E0DC0007D801EA1C301B38BFFFAEF30AE8000000004B
:200560001D504006FF108007E10006E8DD0007E01D301C38BFFFD0F7000000000000400633
:20058000FF000608C100071082000000000000007F008007610006E8DD001D30BFFFFCF3C8
:2005A0000000000040067F000608C100071082000000000000007F000610C2000798089080
:2005C000D2000988010A000000000000000001507F000610C20007980890010A00000000C3
:2005E000000001507F000610C200079808900988010A000000000000000001507F00000AA6
:20060000C50D0198C39A3206D034E0FD1310D211C2870600410AC100640AC1F5000AE50D78
:200620000190F200F29614003106F034E0FD1298D199D3870C00410AC100610AA1F57F005D
:20064000800721002606D034E0FD2706401501002046200080FF26132606F034E0FD2706CA
:20066000801501002046140080FF121326068034E0FD2706B0140100084280FF001326060F
:200680008834E0FD2706CF1401002046200080FFEC1240063F00800721002606A834E0FD9B
:2006A0002706F01401002046280080FFD012000040063F000608C100071033064413E0FD41
:2006C000339F01000190C592339F190012F0D3F1089D629F01007F000608810000007F007A
:2006E0007F008007E10006E021064013E0FD21170100E011E2252B064413E0FD6BE70100ED
:200700006107010000EA951D1DF0C2F222064035E0FDC2F1020A010D1DF0C2F22206383576
:20072000E0FDC2F101051DF0C2F222063035E0FDC2F1010541EA9D0062EAF1E580FF7E0553
:200740004006FF0021064013E0FD21170100E0119A0D2B064413E0FD6B07010001126117C9
:2007600001007F008007E11006E09C0007D801EA1B08610AD115D205630AD10DF20585150E
:200780001C3080FF4E030AE8D50D1C3080FF86030AE8850D1C3080FFD4030AE8B50501EA58
:2007A00000001D504006FF100610820007F0010A0298C29A32064035E0FDD299339F01001F
:2007C000019D000A01507F008007E17006D8DB0007D001EA3E064413E0FD00F51B08C50AEF
:2007E0000C1501C8C2C901E2390F1900E009EA05FA0F0900680AA30500E2E0E1F2051B3057
:200800001A3880FFD8050AE8950D20363C00003A0542204E3E00BFFFD04B1D504006FF70DC
:200820008007E17006D89B0007C83D063835E0FD1DD001E21BF0C2F23D160800C2F1000D61
:20084000610AAA25BFFFF0DB1908610AD105A20D630AF20DD5151BF0C2F2DAF1010500E2FC
:2008600095151BF0C2F2DAF1010A010D00E2A50D1BF0C2F2DAF1030A010D00E2B50501E273
:200880000000BFFFBEDB1C504006FF700610820007F0010A0298C29A32063835E0FDD29963
:2008A000339F0100019D000A01507F000610010A01507F008007E13006D89B003D06303543
:2008C000E0FD1DD000E2BFFF6EDB1BF0C2F2DAF100E51BF0C2F2DAF10105BFFF66DB1C50FB
:2008E0004006FF308007E1F106B8D7003D063035E0FD3A06F812E0FD39064413E0FD39F746
:2009000001001708C50A0C1501E0C2E1FCC7070039F701001808C30A08F5C1F160D81BF069
:20092000C2F23D161000C2F1000D610ADA0DBFFF06DB1BF0C2F222063035E0FDC2F1010A08
:20094000010DBFFFFEDA9CF70500C2F2DAF1000DE009A20D9CF70500FC370900C2F2DAF1E4
:20096000000DE1C760F94006FFF18207E17006E807E039064413E0FD9D3F070023360100D4
:2009800080FF34053DDF0100A3F701002206B8130100C3F2C2F161F02206D4130100C3F275
:2009A000C2F1FD0F050000F5C10AC1F170D01A301B382346020080FF5002E051CA2D39F790
:2009C0000100E30F03000AF5F80F4002C1F16208E009821D39F70100E30F03000AF5F80F09
:2009E0004002FC170900C1F17408E111B90D20363C00003A20461400204E3D00BFFFEA49D1
:200A0000E505E33703001C3880FF7003BFFF28DABFFF30DA4206FF708207E11006D89B0057
:200A20003D063035E0FD3C06C81301001B382336030080FF8204BFFFFED9A3F70300220605
:200A40003035E0FDC2F2C2F10105A3F703003D161000020AC2F2C2F1010DA3F7030048EA97
:200A6000010AC2F2DDF1010DBFFFD8D93C0F0100E009F205A33703003C0F0100E1C760F916
:200A80004206FF108207E11006D89B0007E83C06CC1301001B382336030080FF1A04BFFFF1
:200AA00096D9A3F7030022064035E0FDC2F2C2F101EDBFFF8ED93C0F0100E009820DA33798
:200AC00003001D383C0F0100E1C760F94206FF108007E17006C8990001EA1908C30A2206DA
:200AE000B813010001E0C2E1BCDF0100BCD703001BF0C3F22206B0130100C2F11A30013A90
:200B0000000DE1C760F9E051AA0500EA1D504006FF708007E17006D89B0001EA1B08C30AAF
:200B20002206B813010001E0C2E1BCD70100BCCF03001AF0C3F22206B0130100C2F1193074
:200B4000033A000DE1C760F9E051DA0DBFFFE8D81BF0C2F222063835E0FDC2F10105BFFF0C
:200B6000E2D800EA1D504006FF708007E1F306D89B003D063835E0FD1DB83606B013010079
:200B800001E21B08C30A2206B813010001D0C2D1BACF0100BAC703001BF0C2F23D16080002
:200BA000C2F1000D630AEA1519F0C3F2D6F11830023A000DE1C760F9E051BA25BFFF78D8D4
:200BC0001BF0C2F2D7F1010A010DBFFF76D800E2851D19F0C3F2D6F11830023A000DE1C727
:200BE00060F9E051EA0D1B3080FFAA00BFFF48D81BF0C2F2D7F1010A010DBFFF46D800E2C4
:200C00001C504006FFF38007E17006D8DB0007D008C801EA00E201E2E0E1F2051B301A38F3
:200C2000194080FFA4000AE81D504006FF708207E17006D8DB0007D008E83E064413E0FD52
:200C400000F51B08C50A0C1501E0C2E13CCF19001B30233E0000BFFF5EFA00000000230FF0
:200C600001007D0F0500FA0F09005D0F0A00FC0F03009D170B00E111D305FC0F03005D0F49
:200C80000A007DDF08003A0F01007D0F01004206FF708007610006E89D00BFFF9AD71DF0A9
:200CA000C2F222063035E0FDC2F101051D30BFFF2AFABFFF8ED740067F0080072100BFFFE0
:200CC00022FA40063F008007E1FF06A8D50007C008A036064413E0FD01E236F7010015087C
:200CE000C40A061501C8C2C9F9BF050000EA952539170D001DF0C1F2C2F170D836F7010010
:200D00001B08F80F40020A1501D0C2D13A0F11003A170D005809E111AA0D1B301838144033
:200D200080FF1A000AE0E0E1AA05D50541EADD00F7E9F1DD1C504006FFFF0610C200079809
:200D40000890010A31064413E0FD318F01000280F8874002318F150010F0D1F10A8DE089EA
:200D60009A0D408E0040F199C905000A72170000A505000001507F008607E13006D0DA000B
:200D800007E03B06F412E0FDBC07099000003C0F0900A3070F90000023F60000050D3E06E0
:200DA0004413E0FD00F51A08F80F40020A1501E8C2E9BDF70300C2F2DBF1000DE009C20DF0
:200DC000BDF70300233E0000FD370700C2F2DBF1000DE1C760F94606FF308807E1FF06C082
:200DE000D800633F010021063835E0FD39064413E0FD01EA01E239F701001810C5120C9DED
:200E000002B8D3B9F7B7070039F701001610C312089D02D0D3D19ADF01001BF0C2F2219E98
:200E20000800D3F100156112BA3D1BF0C2F221063835E0FDC1F1000D630A9A2D1B08C30A54
:200E40002206B813010001A8C2A9BFFFEAD51830233F010023460400BFFFD6FDB5A7010007
:200E600014F0C3F22206B0130100C2F1FA370300233E0400020DE1C760F90AE0E0E1BA0507
:200E800000EAA50501EABFFFBAD5A51520363C00003A0542204E4600BFFF4E45950D2036BC
:200EA0003C00003A0542204E4600BFFF3C451D504806FFFF06F007108200000AE50D0198A5
:200EC000C39A3206B8130100D299B39F0300F311AA05D505410A8100620AA1F5800B7F008C
:200EE0000698000AB30901105311800EFFFFE111EB05020600FFE807020BB50D3006FFFFB2
:200F0000FF00F01120961800208E1000F28F360BE11782F0310658180100C2F2D1F1009566
:200F2000D20901507F0006981310800EFFFFE111EB05020600FFE807020BB50D3006FFFFDE
:200F4000FF00F01120961800208E1000F28F360BE11782F0310658180100C2F2D1F1009526
:200F6000D20901507F008007E13006E807E008D03D0F01000106E0FF910D7C0701003D0FE0
:200F80000100820A7A0F0100D52D3D370100BFFF98FF5D52010AEA0FC00001DEFFFF3D0FD2
:200FA0000100DB097D0F01003D370100BFFF7AFF7C5701003C0F01003D1701005D0AE1173F
:200FC0008208580A7A0F01003C0F01005C0A7C0F01001B08C10021103D0F010042097D0F24
:200FE00001004006FF308007E11006E8DD0007E008D81D06E0FF810D7C0701001D08820AAC
:201000007B0F0100B5151D30BFFF1EFF7C5701003C0F01005D0AE1EF8208580A7B0F010085
:201020003C0F01005C0A7C0F01004006FF108007E17006E807E008D03CF701003A17010012
:201040001D0E0800C1F11F0AE20FC000601001C842C900DAE0C9A325190600FFF11D1930CD
:20106000BFFF80FE7A5701003C3701003A3F01001D16140006F0C3F2C7F1C1F2C2F17008EC
:20108000E009E0DF04DBA245C332C731C13206F0C2F1700801D8DDD9953D3C0F0100FD3700
:2010A00007001F12410AE117C2084131BFFF34FE7C5701003C0F0100E009E3256C0AC92514
:2010C0003CF701001D0E0800C1F16030BFFF14FE7A5701003C3701003A3F01001D16140090
:2010E00006F0C3F2C7F1C1F2C2F17008E009E0DF04DBC20DC332C731C13206F0C2F1700858
:2011000001D8DDD9B5057C0701001B504006FF700608079008100998F28F070002F0C3F255
:20112000D3F1C1F201861400D0F1808C02F0C3F2D3F1C1F201861400D0F17088E089E215FE
:2011400002F0C3F2D3F1C1F201861400D0F17088E089BA0500F2850D02F0C3F2D3F1C1F253
:20116000D0F170F0C1F18204C51D018AF38FC000318001F60800C2F1608890005089808BA8
:2011800001F60800C2F16088E089BA0D018AE28FC0003180E18F0700D0005089618F060002
:2011A00072070400720706007F008407E10006E807E0FC370300233E000023460400C63673
:2011C000FCFFC600BFFF22FEFC0F0700E0098215FC0F0700E0090130C600E00F040BC20527
:2011E000C6000608DD09FC17050061170400FC170500E011D20DFC170500E011E00F040BB2
:20120000B2050208DD09FC17070061170600E0E10012C2051C10BD11C20023F70100239764
:201220000500C3F2D2F1C1F21D961400D2F17098E299EA3D23F70100239F0500FC1707004E
:20124000C3F2D3F1C1F21D9E1400D3F1801423F70100239F0500C3F2D3F1C1F21D9E14005E
:20126000D3F17010E011CA25239F050023F701000112F317C00022981D160800C2F1601073
:2012800093005311801323F701001D160800C2F16010E011DA0D239F01000112F317C000D3
:2012A0002298FD170700D30053117D1706007C0704007C0706004406FF008407E10006E8D5
:2012C00007E06307010063070500FC370300233E000023460400C636FCFFC600BFFF0AFDC7
:2012E0007C07040023F7010023170500C3F2C2F1C1F21D161400C2F170087C0F060023F7D5
:20130000010023170500C3F2C2F1C1F21D161400C2F17008E009F21D23370100233F050046
:201320001D16140006F0C3F2C7F1C1F2C2F17008E009BA0500F2850DC332C731C13206F023
:20134000C2F170F0DDF1E0E1000AC2051C08BD09C100820CE0E1000AC2051C08BD09C100A4
:2013600023F70100239F0500C3F2D3F1C1F21D9E1400D3F1800C2317050023F70100010ADB
:20138000E20FC000011082001D0E0800C1F160080209800B23170100010AE20FC00001101E
:2013A000C200FD0F070002097D0F06004406FF0006980710089000F2E28F03001280D0005D
:2013C000D18EFCFF1108B009C100680A91255C0AC100028E040012F0D1F1818E0100818C5C
:2013E000E28703001C7A4F81027E04001088CF89E0110082C2050280B381D0008084E0F112
:201400000082C2051E80B381D000718700001E507F008007E1F306B807C8360659FA592A02
:2014200000E217E8E0E9BA0501E2E565DD060300B20502E295658016FFFFE2C9E0079603DC
:20144000B90503E2955D190614FFB10503E2C5553D0F0100F609BA0504E2E54D1D30003A66
:201460002046DC0080FF64067DB701007DCF04001DD6E0007A0700007A0702001ADE0800E5
:20148000E0D1000AC2051A08BD09C1007B0F00007B0704007B0706001908C100010E14FF85
:2014A000C100C10EF8FFC1007B0F0200FB0F03001C1242091B16040001C0C2C1E0D9000A96
:2014C000C2051B08BD09C100780F0000020A780F02007DCF0400FB0F03007D0FD400FB0FB8
:2014E00003007D0FD6007D07D80017301B3E040080FF8C010AE01C504006FFF38607E1F38C
:2015000006B007C800DA00D216E8E0E9CA0501DA80073401DD060300C20502DA8007280134
:201520003D170100210659FA592AE111C20504DA800714018016FFFFE2C9E0079603C90599
:2015400003DA80070201E0C9BA0503DAC57D68CA080AE105190E0700C10EF8FFC100630F4C
:20156000090023360800233E000023460400BFFFF8F91D30233E000023460400BFFFB2FAFF
:201580000AE0E0E1826523170900FD0FD700C216FCFFC200C2097D0FD600230F0900FD1782
:2015A000D900E111D905230F09007D0FD800234701001D301C38234F0500BFFF56FBFC0F46
:2015C00003001C1242091C16040001B8C2B91D301C3823470900BFFFDAFD0AC0E0C192156A
:2015E0001D301838BFFFD6FCFC170300E30F0900C21602000209C10EFEFF7C0F0200D50595
:20160000DC870200D78F02001CD604001D0EDC00E1E1F115FD0F0500DD095C0AE1E199156B
:20162000FC0F0300DC091D16E000E209A10DFC170300DC11FD0F0500DD095C0AE111B10503
:2016400001DA00D200001A504606FFF38007E13006D007E008D81A301B38FC3F2202BFFF46
:201660009EFE0AE8E0E9820D1D301B40FC472202003A80FF56041D504006FF308007E1F028
:2016800006C007C800D218E019EEFCFFE0E1CA0501D280071401DC060300C20502D28007E3
:2016A00008013C170100210659FA592AE111B20504D2A57DE0C9BA0501D2E5751C0EDC0094
:2016C000E1E9F115FC0F0500DC095C0AE1E99915FD0F0300DD091C16E000E209A10DFD17B3
:2016E0000300DD11FC0F0500DC095C0AE111B10501D2A55DFD170300FC0FD700C216FCFF55
:20170000C200A2097C0FD600DD0702007D0704007D070600FD0F03001C1242091D16040044
:2017200001D8C2D9DBC70200F20D1C301B38BFFF7CFAFB170300FD0F0300C216FCFF441272
:20174000C2097D0F0200DDCF0200821DFD0F0100E009E0DF04DBB20501D8DCD91C301B386B
:20176000BFFF4AFAFD170300FB0F0300C216FCFF4412C2097B0F02001BE81C301D38BFFF61
:201780003CFBFD0F03001C1242091D16040001D8C2D9DB0F0200E0E9000AC2051D08BC096F
:2017A000C1007B0F00001A504006FFF006980710000A13F0E0F1BA05010AD515DE06030011
:2017C000B205020A8515008D320659FA592AF289B205040A850DE011BA05010AC5057290B8
:2017E0006297010001507F0006980710000A13F0E0F1BA05010AE515DE060300B205020A1E
:201800009515008D320659FA592AF289B205040A950DE011BA05010AD505FE97D5006297A9
:20182000010001507F0006980710000A13F0E0F1BA05010AE515DE060300B205020A95152C
:20184000008D320659FA592AF289B205040A950DE011BA05010AD505FE97D7006297010010
:2018600001507F008007E1F306B007B800E216E8E0E9BA0501E28565DD060300B20502E212
:20188000B55D3D170100210659FA592AE111B20504E2A555E0B9BA0501E2E54D00C200DA52
:2018A000FD0F0700E009C245FD370700BFFF7AF60AD01DF60800DAF16030BFFF6CF60AC87A
:2018C000190600FFD1351A0600F0A1351AF0C3F2D9F1C1F21D161400C2F17008E009E0F790
:2018E00004F3920D1AF0C3F2D9F1C1F2C2F17008DD0901F0F5151A08C50A01108312F91763
:20190000220202C0C1C1F8D9A90518D873080110C200E009BA05000AC5050208C100DD0975
:2019200001F0E0F19AEDDB0EF8FF01D8DB001B08C100770F01001C504006FFF30698071006
:20194000000A13F0E0F1BA05010AE515DE060300B205020A9515008D320659FA592AF2897B
:20196000B205040A950DE011BA05010AD505FE97D9006297010001507F00068007700868C6
:201980000EF010080D98D0990110DE12A2150196030082921210C212F311B305800718016B
:2019A000E505609041970000410A41F2E209A1FD1E90DE92BA2D1306EFFF0092E0171213B4
:2019C000C9051396F0FF121095150095619701000295619705000495619709000695619786
:2019E0000D001EF61000010E1000E209F1ED139082921210C212F50544F23E97FDFF440AD2
:201A00006197FDFFE20991FDE555DE7E0300DE8E03001190C392DE660300045A8B610C8836
:201A2000C38A1306EFFFE0171213B9051316F0FF1E6082620CF0C2F2952D0065025DF2676F
:201A40008000F15FC0000B61616701000265045DF2678000F15FC0000B616167050004656E
:201A6000065DF2678000F15FC0000B61616709000665085DF2678000F15FC0000B616167F0
:201A80000D001EF61000010E1000E209F1D5136082620C10C212C50D0065025DF26780008F
:201AA000F15FC0000B616167010044F2440AE209C1F5CFF1E505606041670000410A41F22C
:201AC000F309A1FD10507F000688078008781008810011F00F98D199647A810D0092C50585
:201AE000C80A100941926492C1FD1E10DE12E20D1E76030082720E10C212F311A305952584
:201B0000B505800B41F2E2F1D1FD1306EFFF0072E0171213C9051376F0FF0E10F505010DAB
:201B2000030D050D070D1EF61000E2F191FD137082720E10C212B505010D44F2E2F1D1FDE2
:201B4000B505800B41F2F3F1D1FD11507F000680077008680EF010080D98D0990110DE12E9
:201B6000F2150196030082921210C212F311B30580075801B50D6090818F0100F289C20519
:201B8000015280076001410A41F2E209D1F51E90DE928A3D1306EFFFE0171213B9051316EC
:201BA000F0FFC51D0095218F0100F2898A150295218F0500F289BA0D0495218F0900F28999
:201BC000EA050695218F0D00F289C2050152800714011EF61000010E1000E209C1E5139016
:201BE00082921210C212B50D44F23E97FDFF440A218FFDFFF289B2050152C575E209D1F5A8
:201C0000C565DE7E0300DE8E03001190C392DE660300045A8B610C88C38A1306EFFFE01766
:201C20001213B9051316F0FF1E6082620CF0C2F2B5350065025DF2678000F15FC0000B6194
:201C4000215F0100EC59AA250265045DF2678000F15FC0000B61215F0500EC59FA15046590
:201C6000065DF2678000F15FC0000B61215F0900EC59CA0D0665085DF2678000F15FC0004E
:201C80000B61215F0D00EC59B2050152B52D1EF61000010E1000E209D1CD136082620C10DB
:201CA000C21285150065025DF2678000F15FC0000B61215F0100EC59B2050152B51544F2CD
:201CC000440AE20981F5CFF1A50D6060815F0100EC59B2050152E505410A41F2F309E1F5B9
:201CE00000527F00800721002606801198FF003ABFFFAA302606001098FF003ABFFF9E30AC
:201D00000132BFFFAE8F005240063F00000800100018002000280030003800400048005006
:201D200000580060006800700078008000880090009800A000A800B000B800C000C800D063
:201D400000D800E000E800F000F8E0072000E00F2000E0172000E01F200020362000E62F24
:201D60002000E06F2000E0772000E0872000E08F2000E0A72000E0E72000E0EF2000E017D3
:201D80002008E01F2008E0272008E05F2008E0672008E0372010E0472010E00F4010C10E43
:201DA0000700600AEA1D24065093E0FD2506808E010023060000E1FD210600020100E1274E
:201DC00020082A0600000100EA1F2008E55740002B06008000000B51EA2F2000BF072416B7
:201DE0008505C505660701004432E639CBFD7F00231EFCFF63F70100E6F74000231EFCFF55
:201E000063F70100E7F74000231EFCFF63F70100850500007F0000001E58E041A21506F065
:201E2000070F0000800B41F2E009BA055FF2D505413AE8061300D505800341F2E8060500FC
:201E400006500BF07F001E5806F00052E041C20D600841F287570100413A8151DA05E00975
:201E6000B205E80613000BF07F001E5806F0000B41F2E009DAFDA6F11E56FFFF0BF07F0043
:201E800000525F42960D86570100875F01004132413AAB51F2F57F00031EECFF63FF110018
:201EA00063E70D0023E60C0063D7090063DF050063EF010080EF040006D05DDEFEFF3BDE3F
:201EC00048E15D0EFEFF210E48E1FB09B20580FF04005D0EFEFF210E48E1FB09B20580FFE1
:201EE00004001A3080FFA4071E3003F006E508FD00ED02DD04D506F0031E14007F00E731D2
:201F0000E27DE041C27D0708A609E809E9074D01210600000000E009EA075101060864420E
:201F2000810DB515879F0100413A419F0000410A08985F42E099FAF5A565879F0100413A27
:201F40005F42419F0000410AC1060300FAF5C7960300B26DC3920798829AC29A68428145A1
:201F6000336F01000806ECFF993D1E3813F00265139E10000485F26F8258067D008AB28962
:201F8000087501F0F167C2680B69F2678000016DF187C2680C69036DF2878268010E10008D
:201FA000F17FC2800D810585F27F82800E68F177C2881089078D07F05042D5D5338705009D
:201FC000F26F8278449A008AB2895C42F187C2880F89618F0100440A1068684289F5088A9A
:201FE000F197C002F505929F0100419F0000410A019AD39108985F42E099EAF506507F00D3
:202000001E4807F0009D619F0100029D619F0500049D073E1000619F0900069D504209F0F4
:20202000619F0D00010E10000806F0FFA1ED6442910D279F0100443A619F0100440A5C4273
:20204000F5F508985F42E099A2DD879F0100419F0000410A413AE5F50808C709A6095F0ABE
:20206000E809B905800708008007BC011E580898C7990808C6096442E915F505B397FFFFA3
:202080005F9A4197FFFF5F0A08905F42E091FAF506500BF07F00B397FFFF5F9A5F424197E5
:2020A000FFFF5F0AC1060300FAF5D3960300D265C39213F082F2C2F26842E13D007D08068A
:2020C000ECFF893D1E3850F20675503A046D009AB299028DF37FC260008521F6F0FF500A54
:2020E000F27782780C79F377C000077DF26F82780E79F36FC270057DF28F82780E79037DD0
:20210000F38FC0001078F28782981199019D07F05042E5D53E8FFDFF009AB299F37FC28075
:202120005CF25C42F28F82981099619FFDFF5C0A1178684289F5088A1298F19FC002DE9957
:2021400008905F42E091D2A5B397FFFF1FF24197FFFF5F0AD5F533F6F0FF06956197FDFF55
:2021600004956197F9FF02956197F5FF0095509A50426197F1FF500A0806F0FFD1ED850DB3
:202180003397FDFF5C9A5C426197FDFF5C0A644289FDF505B397FFFF5F9A4197FFFF5F0AE5
:2021A00008905F42E091F207EBFED5F500000000084806580650C73EFF008059CB5E0300BC
:2021C000920DAB49832D0000463F00004132EB060700E73FD0F8E73F90F007600768094019
:2021E000844AD20DA6070F600000A6078F60000006361000E9061100C8460F000848824AF5
:20220000A20D663F01004432E9060700C8460300CA057F006042E205463F00004132E8062F
:2022200007007F000608C65E0300CA2D2759CB5E0300CA3D08708472D215A70709500000DD
:20224000A70789600000073E1000A6070F500000A6078F60000006361000EE062100C8467B
:202260000F0008708272E23D27570100443A665701004432EE060D00C8460300BA35015041
:202280007F00065808488059CB5E0300AB49A32D07670000413A466700004132EB060D0041
:2022A00009402759CB5E0300E2C50848824AA21D87570100A75F010087670300A76F0300B7
:2022C000EB57D0F8EC579070ED5790F8443A665701004432E9062500C8460300BA050150FE
:2022E0007F00E041A20D0000075F0000413A465F00004132E8060D0001507F00FF4760F92C
:20230000E1476009E6476071064807300938BFFF16FFE6676071E1676009FF6760F97F0088
:20232000031E9CFF63FF610063E75D0023E65C0063CF590063D7550063DF510063EF4D00C6
:2023400080EF04001E5003F01B3D19451D4D5D5E00002B5E1004135D5D6600002C666CFE02
:2023600009655D6E00002D6EE0FE0F6D5D76FEFF2E76BCDC11755D7EFEFF2F7EBCDC0B7DF8
:2023800006F006855DCEFEFF0A9539CEBCDC048DEFC90E7D0275089D0C0D03F0230503052A
:2023A00000DA2505E0CF04CB1F05EF0921050AF0E22D1BD00188B3895D8601003086E4EA38
:2023C000E181B105F079BB0500DAB1D9E161B105EC79AB151180CC8163871100D169636F56
:2023E0001D005D0EFEFF210EBCDCD109630F2100E0C9A205D1C9F359B105EB91BB1DF29959
:20240000921D0B08B109630F2500C5155D5EFEFF2B5EBCDCAE5903F0035D2106800E0100E6
:20242000B109215D3A0600000000230DB0D125D50AF05D5E01002B5EE4EADB59635F010075
:202440005D6601002C6614EBDB6163670D005D0E0100210E14EBE009D205DB09630F19004B
:20246000851D63671900D5151E4803F00C5D2C3701002C3F05002C470900EB61087DE0D753
:20248000120B0C760C00017509F0C131EFC760F9235F0D0023670100EB61FAE55D5E010020
:2024A0002B5E14EBDB59635F01005D6601002C6630F0DB6163670D005D0E0100210E30F059
:2024C000DB09630F1900A52D235F0D001A08EB61B105230F05001E4803F0008502750E8DE1
:2024E0003037010030470900303F05004C820185C1311535174509F0CE39F1C760F9E0C9DA
:20250000D20D235F0D0023670100EB61F10523372900233F2D00F9C760F9235F1900236730
:202520000100EB61AAD5235F15005D0EFEFF210EBCDCEB09C2455D5E01002B5E30F0DB5975
:20254000635F01005D6601002C6630F0DB6163670D005D0E0100210E30F0DB09630F190005
:20256000852D235F0D001A08EB61B105230F05001E4803F000850275108D30370100303FF6
:202580000500304709004C820185C131053509F0CE39F1C760F90A38E0C9B20D235F0D00EC
:2025A00023670100EB61D10523370900F9C760F9235F190023670100EB61CAD55D0E010075
:2025C000210EE4EADB095D9E0100339EE4EADB995D7E01002F7EE4EADB79E19992453206D7
:2025E00000000000B2D1DA99953D0F870000D0963000A492C292C391328F3D002197010052
:202600001E30D28911F0629061680373D092C86A0D916068417A440AD87206F00E910D915F
:20262000CA0510708872A11DD0760300C272C3712E773D00E071A215D0860800A205C2929F
:20264000CE91E081A205A29211F0809388928193889282938892839306F0F309FAC51E4827
:2026600003F01A35183D1C45125D09F0EBC760F91E3003F02EE530FD26ED28DD2AD52CCD5E
:2026800006F0031E64007F00031EECFF63FF110063E70D0023E60C0063D7090063DF0500CB
:2026A00063EF010080EF040006D880FFA00140D6E0FD3AD76139F5053A0F0100E1C760F973
:2026C0003AD70500E0D19AFD5D0EFEFF210E58D95D9EFEFF339E58D9E199B20580FF040026
:2026E00080FF6C011B38023280FF4A0080070000501A1E3803F007FD05E523E6080003D58D
:2027000006D001DD07F040DEE0FD80FF40013B0F61397BD761397A0F050080FF32011E30F5
:2027200003F004E506FD00DD02D506F0031E10007F005C1A63FF010061020052FF0238ECAD
:202740000000D9050A3080FF0A011F5223FF0100441A7F00031ED0FF63FF2D0063E7290074
:2027600023E6280063CF250063D7210063DF1D0063EF190080EF040006D0633F050008C8EC
:202780005DDEFEFF3BDE88D85D0EFEFF210E88D8FB09B20580FF04005D0E0000210ED600E3
:2027A000FB09B20580FFAA005D0EFEFF210E88D8FB09B20580FF04005D0EFEFF210E88D809
:2027C000FB09B20580FF04005D0EFEFF210E88D8FB09B20580FF04005D0EFEFF210E88D88F
:2027E000FB09B20580FF04005D0EFEFF210E88D8FB09B20580FF04005D0EFEFF210E88D86F
:20280000FB09B20580FF0400E0D1BA151E3003F08203230E0200090D0B0523CE08000705D6
:20282000235E1000035D01D28303410A050D06F0405EE0FD6BCF65391A30233F050019409E
:20284000BFFFA4F40A30BFFF52F67F007F007F00405EE0FD6B3769397F002A066839E0FD79
:202860007F004056E0FD2A5769397F000806C0FF008A11708115087EE0FFEF3F8288E07960
:20288000AE0DE83F8270E83782602F48E93FC288C18A0C8911500E587F00E0490860EA4792
:2028A000000080410C41BF07C6FF0806C0FF006A0D888115087EE0FFEF37C288E079AE0D34
:2028C000E83FC288E837C2682F48E937827081720E890D5011587F00E0490860EA47000024
:2028E00080410C41BF07C6FF069893001308C40A2206AC27030001F0C2F100156408610A97
:20290000CA05820F0900B505E20F090001507F008007E13006D89B0007D0DA001B08C40A17
:202920002206AC27030001E8C2E9BFFF8A2C3DE70D001C30013A80FF20033D0F09003DF7AE
:2029400001002108D00A1A09010D1C30003A80FF0803BFFF7A2C4006FF300688D1000012E8
:202960001108C20A32065C2803000198D299930F03003206AC270300C40A01F0D2F10095E5
:202980006408610ACA05920F0900B505F20F0900F38701005009C100E009A2050112025099
:2029A0007F008007E1F006C8D90007C098001908C20A22065C28030001E0C2E19C0F03006C
:2029C0002206AC270300C40A01D8C2D9BFFFE82BFC1701001D08E20F90F001E8E0C1EA05C3
:2029E0001D08E00FD0F001E8F505FC1701001D08E20FD0F001E83BD70D001A30013A80FF2A
:202A000058023BF7010001ED1A30003A80FF4A02BFFFBC2B4006FFF08007E1F306B0D6002B
:202A200000C21608C20A22065C28030001E0C2E19C0F03002206AC270300C40A01C8C2C9E9
:202A400039DF0100990F0500610ACA15BFFF682BFC0F01003B171D0001D042D1E0D1DA0526
:202A6000FC0F01005B0F04009BEF0900BFFF602BD51DBFFF422BFC0F01003B171D0001D097
:202A800042D1E0D1FA0D39BF0D001730013A80FFC801FC0F01007B0F04001730003A80FF02
:202AA000B801FBEF0900BFFF262BFC0F010041E9DD00E0E9A20501C218504006FFF30688E7
:202AC000000A11F063983206AC270300C49A1310D211229F0100829705006192CA05930F3A
:202AE0000900B505F30F090070905209C1006290F20FA2901208C10001507F008007E1F0C4
:202B000006C007E0DC0018D0BA0F03002206AC270300C40A01D8C2D9BFFF9C2A9A0F030008
:202B2000E1E7C23807E0DC00FA1701001D08E20F90F001E83B0F090021105C111D08E20F78
:202B4000D0F001E83BCF0D001930013A80FF0A013BF7010001ED1930003A80FFFC00BFFFCA
:202B60006E2A4006FFF006F0200E3B00800C200E7800810C010A840B050A850B86037F0029
:202B80008007E1F006D09A0007C8D90008C0D8001A08C40A2206AC27030001E0C2E1BFFFF5
:202BA000162A3C0F0900211058111D08E20F90F001E83C0F0900211059111D08E20FD0F0A3
:202BC00001E83CDF0D001B30013A80FF8C003CF7010001ED1B30003A80FF7E00BFFFF029D8
:202BE0004006FFF00680D00000121008C20A33065C28030001F0D3F162083206AC27030067
:202C0000C40A0198D29933970100328F01001108C10070784F09C100E009A2050112025085
:202C20007F000680000A10F063103206AC270300C4120298D29933970100328F0100110883
:202C4000C10070104209C1006210E20FA2100208C10001507F0006980710820013F0C2F289
:202C6000C5F19E07090B3403E009A215E0118A0D8007498C5EB2219011085209950D6112E0
:202C8000EA05800749945EB21209A505000AE0098215320601A5A5A580070F945EB2800799
:202CA0004F0C5EB2320600A5A5A580070F945EB27F008007E13006D800EAE0D9BA0501EA06
:202CC000950D3B17010021062801DF0EE111A20501EAE0E9FA5584078FD855FF840789F0DC
:202CE00055FF040D8407CF0855FF840789F055FF060D84070F0955FF00E2A5151C10C212BB
:202D000004F0C2F18407890855FF010E1000C209210F01009E074F0955FF41E2DC0063E2EC
:202D2000E1ED013280FF82050AD08036FFFF0638014280FFB212003280FFF2050AE8E0E9D7
:202D4000CA0580FF1E080AE8E0E9DA05013280FFDC050AE88036FFFF0638004280FF881293
:202D600080FFA605E0D1CA05003280FF3C05E0E9DA05013280FF2605D5050132013ABFFF2C
:202D8000FA254006FF308207E1F306E0DC0007B000EAA407850800FFE009BA0501EAE5151B
:202DA000840789F055FF020DE1E1B10501EAE50D1CF0EEF740028407C91055FFC2F1700841
:202DC000C10E0100D00AAA0501EAE0E9AA3D1CF0EEF740028407C91055FFC2F171C81CF01C
:202DE000EEF740028407C91055FFC2F172C01CF0EEF740028407C91055FFC2F173D819F01D
:202E0000ECF740021808F40F5002C5F19E07C91133FF01B8C2B9BFFF2E2AF70F03005B09FA
:202E2000E1D9CA0520D6FF00A50500D2193018381B40164863D7010080FFB209BFFF202AC9
:202E40004206FFF3BE07E1F3031E10FF00CAA407850800FFE009AA0501CAE0C9EA07AD01C3
:202E600000E2852D00EA95251CF0FE00FEF614002316F400DDF1C1F2C2F180041CF0FE0019
:202E8000FEF6140023167C00DDF1C1F2C2F180041CF0FE00FEF6140023160400DDF1C1F2ED
:202EA000C2F1800441EADD001D06ECFFE9DD41E2DC0063E281DD00DAD55D1B08EE0F4202ED
:202EC0008407C91055FF01C0C2C1F80F0100C10E0100D00AEA4DF8E70300F8EF0500F8D770
:202EE00007001CF0ECF740021D08F40F5002C5F19E07C91133FF01B0C2B1F60F07005A0926
:202F0000E1D1FA351CF0FE00FEF614002316F400DDF1C1F2C2F170081A09800C1CF0C2F276
:202F2000C4F19E0749B955FF1DF0E6F74802D7F171101CF0FE00FEF61400239E7C00DDF147
:202F4000C1F2D3F170085A110209800C1DF0E6F74802D7F173101CF0FE00FEF61400239E2E
:202F60000400DDF1C1F2D3F170085A110209800C41DA840789F055FF020DE1D9B905E0C9EB
:202F8000D29DBFFFC22800E2C53D00EAF52D1CF0FE00FEF614002316F400DDF1C1F2C2F1B7
:202FA0007008E00992251C08E100E1F614002316F400DDF1C1F2C2F17040E1F614002216D5
:202FC00088FFDDF1C1F2C2F17048E1F6140023160400DDF1C1F2C2F170081C301D38630F97
:202FE000010080FF8C1041EADD001CF0ECF74002C5F1BE07670933FFE1E9A1CD41E2DC0028
:2030000063E2C1C5BFFF5828031EF0007E06FFF306F0E0F1C20D200E3B00800C200E7C00EB
:20302000810C010A840B050A850B86037F008007E1F006D8DB0007E800E2A407850800FFA9
:20304000E009BA0501E2C56D840789F055FF020DE1D9B10501E2C5651BF0EEF74002840712
:20306000C91055FFC2F17008C10E0400C100640AA20501E27FEA921DE0E9F2156AEAD21549
:203080001BF0EEF740028407C91055FFC2F11D08840AC1000112E117C2087410C1004209BA
:2030A000D00ABA0501E2C53D7FEAD21DE0E9B21D6AEA921DDD0E0F00610ADA151BF0EEF75B
:2030C00040028407C91055FFC2F11D08840AC1000112E117C2087610C1004209D00A8A25DF
:2030E00001E2E51D7FEAC21DE0E9A21D6AEA821DDD0E0F00630ACA151BF0EEF74002840725
:20310000C91055FFC2F11D08840AC1000112E117C2087510C1004209D00AAA0501E2E0E1C8
:20312000EA351BF0EEF740028407C91055FFC2F171D01BF0EEF740028407C91055FFC2F1F5
:2031400072C81BF0EEF740028407C91055FFC2F173C0BFFFF2261A301938014280FF880E9C
:203160001A301938184080FF300ABFFFF2261A30193818401D4880FF820BBFFFCA261A3071
:203180001938004280FF600EBFFFD4264006FFF08007610006E8DD001D30003A054280FFC2
:2031A0008E0540067F008007610006E8DD001D30013A064280FF780540067F008207E1F712
:2031C00006D8DB0000EAA407850800FFE009BA0501EAE515840789F055FF020DE1D9B105B1
:2031E00001EAE50D1BF0EEF740028407C91055FFC2F17008C10E0100D00AAA0501EAE0E9D0
:20320000BA4D1BF0EEF740028407C91055FFC2F171D01BF0EEF740028407C91055FFC2F12C
:2032200072C81BF0EEF740028407C91055FFC2F173E01AF0ECF740021908F40F5002C5F109
:203240009E07C91133FF01B0C2B11AF0C2F2C4F19E0749A955FF19F0E6F74802D5F17108CC
:203260005C09E1E1BA0501BAA50500BABFFFD825F60F03005C09E1E1CA0520C6FF00A50501
:2032800000C21A3019381C40174863C7010080FF5C05BFFFCA254206FFF706088100840706
:2032A0008D0800FF7F00069092008007099F04A71308C40A9C0AB205010AA505000A2206CC
:2032C00001A5A5A580074F1309A76192BA0D8007091704A7408E000F111180070F1704A702
:2032E000B50D8007091704A73106FFFFFFF0511180070F1704A7220600A5A5A580074F13DC
:2033000009A701507F00210601A5A5A580074F0B09A7400E000F8007CF0809A7210600A54E
:20332000A5A580074F0B09A77F008007E13006D09A0000E2E0D1FA2D00EAF50D00F2BDF1E5
:20334000C1F2C5F1BE0767DC1CFF1B30003A80FF9E000AE041EADD0063EAB905E0E1F2EDA2
:2033600000EAB51500F2BDF1E6F74002C5F1BE07A7DB1DFF1B06E2FFE2051B30003A80FFD4
:203380006E000AE041EADD001D06ECFFD12DE0E1A2EDA52D00EA85151DF0FE00FEF6060016
:2033A000C5F1BE0787DC1CFF1B30013A80FF40000AE041EADD001D06ECFFB105E0E1D2ED99
:2033C00000EAE50D1DF0C1F2C5F1BE0727DC1CFF1B30013A80FF18000AE041EADD0063EA5C
:2033E000B905E0E182F51C504006FF308007E1F706C8D90007A8950000DA01EAD5551DF0B0
:20340000ECF74002C5F1BE07450933FF680ADA053706B4340200C50537060C3502001DF0BD
:20342000C2F2C4F19E0749B155FF00E285351DF0ECF740021C08F40F5002C5F19E07C911B4
:2034400033FF01D0C2D119F0C2F21A160200C2F17008E009A21DE0A98A0D19F0C2F21A1607
:203460000200C2F171C0950D1C08E60F480219F0C1F2D609C1F170C01D301938FA47010004
:203480001848F7C760F90AD841E2DC001DF0ECF74002C5F1BE07670933FFE1E1B905E0D94C
:2034A000F2C541EADD0063EAB905E0D992AD1B504006FFF70690D2000788D1000880D00083
:2034C0000978CF000F98930001121208EC0F4002C5091070C6728107890933FFCE091170CE
:2034E000C272C5718E07C9F61EFFC1F1809B000AF5056070F371AA050012410AC100010618
:20350000CEFFB1056112E2F502507F000690D2000788D1000880D0000998D300011212084C
:20352000EC0F4002C5091078C67A8107890933FFCF091178C27AC5798F07C9F61EFFC1F16D
:20354000809C000AF5057078F379AA050012410AC1000106CEFFB1056112E2F502507F0085
:203560008007E1FF00D2840709C955FF00E2B5351CF0C1F2C5F1BE07270F1DFFE009922D61
:203580001C08C80A22060040EDFF01B8C2B901DA00EAB51D1CF0C1F2C5F1BE07270F1DFF8A
:2035A0005B09E1D9BA0D1CF0C3F2DDF1D9F160C01730183880FF28010AD044BA1B08C10AA8
:2035C00001D8DB0041EADD0068EAB905E0D1B2E541E2DC006DE2D1CD00E2B5451CF0C1F250
:2035E000C5F1BE07C7081EFFE009923D1C08C80A41B6EDFF19F66800DCF160C016301838D9
:2036000080FFDC000AD001DA00EAD5251CF0C1F2C5F1BE07C7081EFF5B09E1D9EA151C084F
:20362000C80A410EEDFF1D10C312C20901AE04001CF0DDF1C1F219167A00C2F170A01530BF
:20364000143880FFC2000AD01B08C10A01D8DB0041EADD0061EAB905E0D192DD41E2DC0031
:203660001C06EEFFB105E0D1A2BDE0D1DA35A507070B1EFFE009823536060069BFFF99C777
:203680009F001630183880FF56000AD001DA00EAF51DA507070B1EFF5B09E1D9BA151D0882
:2036A000C30A22060469BFFF01A8C2A91DF0C1F21916A000C2F170A01530143880FF48002C
:2036C0000AD01B08C10A01D8DB0041EADD0068EAB905E0D1F2DD1A504006FFFF06F0079893
:2036E00093000112809B000AF5056090F391AA050012410AC1000106CEFFB1056112E2F5F0
:2037000002507F0006F00798D3000112809C000AF5057090F391AA050012410AC1000106E5
:20372000CEFFB1056112E2F502507F008207E1F306D8DB0007E09C0008B0960000EAA4076F
:20374000850800FFE009BA0501EAC515840789F055FF020DE1D9B10501EAC50D1BF0EEF7EC
:2037600040028407C91055FFC2F1DECF0000AA0501EAE0E99A3D1BF0EEF740028407C9101F
:2037800055FFC2F171C81BF0EEF740028407C91055FFC2F172C01BF0EEF740028407C91084
:2037A00055FFC2F173D01C0601FFAA1519F0C2F2C4F19E0749B955FF18F0E6F74802D7F17A
:2037C00070085A09E1D1BA0501E2A50500E2BFFF7620193018381A4063E70100024A80FFD1
:2037E0000C00BFFF7A204206FFF39407E1FFC60063371A00C700633F1C0008D0DA0009A056
:20380000015A435F0200E3371B000142E33F1D0080FFD407E3F71B00ECF74002C5F19E0723
:20382000896133FF63670900E3F71B00ECF74002C5F1BE07456133FF4367030004EA20E68B
:203840001300E3F71B00E3671D00ECF74002F4675002C5F19E07C91133FF0CC8C2C900DA87
:2038600080077A011CF0FE00FEF60600C5F1BE0787AC1CFF1CF0FE00FEF60600C5F1BE07FA
:20388000A75C1CFF635F040015F0C2F219160200C2F170085A09E1D1EA07370115F0C2F238
:2038A00019160200C2F17158635F1800E35F0500AB06FFFFEA1DF90F010015F0C2F2235F40
:2038C0000900C5F19E07C9C61EFFC60ACB09C1C11DB0C1B223161E00C2B1A337030018387B
:2038E0001A40E34F190080FF960676570000C51DE3F70500F90F0100235F0900C2F2C5F17C
:203900009E07C9BE1EFFC60ACB09C1B91DB0C1B223161E00C2B117301A38E347190080FFDB
:20392000A206765700001508610AC125C205630AF245D54D61A28A0D1DF0C1F223161E0066
:20394000C2F180D4E515E0A18A0D1DF0C1F223161E00C2F18004D50D1DF0C1F223161E0007
:20396000C2F170085A09E1D1BA0501A2A50500A2F52D835F5500E0598A0D1DF0C1F2231637
:203980001E00C2F18004B51D835F5500615A8A0D1DF0C1F223161E00C2F180D485151DF0B2
:2039A000C1F223161E00C2F170085A09E009D705015A435F5400B50543075400950D1DF052
:2039C000C1F223161E00C2F180D4A50500005FEADD005FE2DC0041DADB0064DAF10789FE36
:2039E000045A635F0C0000B2F51D16F0FE00FEF60A00835F5500C5F1BE07270C1DFFEB09E0
:203A00009A1516F0FE00FEF60A00C5F1BE0747141DFF1408C100E111DA0563B70C004307E5
:203A2000020041B2D60065B2D905835F0300615AD2DDE35F0D00615ADA1DE3F71B00C2F2CD
:203A4000C4F19E07496155FF63671100E30F1D00235F1100E60F48021DF0C1F223161E003B
:203A6000C2F1CB09E10F3D00800C055A635F0E00850D045A635F0E0041EADD0041E2DC0010
:203A8000E35F0D00010AEB0FC258635F0600CB00CB00635F060000DAA5751CF0FE00FEF6A0
:203AA0000600C5F1BE0787AC1CFF1CF0FE00FEF60600C5F1BE07A75C1CFF635F040015F0CF
:203AC000C2F219160200C2F170085A09E1D19A551CF0FE00FEF60600E35F0700C5F1BE070A
:203AE000C70C1CFF4B09E159CA45E35F0500AB06FFFF9A25F90F010015F0C2F2235F090039
:203B0000C5F19E07C9C61EFFC60ACB09C1C11D58C15A23F61E00CBF163F715001838A3375C
:203B200003001A40704880FF5604236715006C570000F51DE3F70500F90F0100235F0900B0
:203B4000C2F2C5F19E07C9BE1EFFC60ACB09C1B91D58C15A23F61E00CBF163F7150017305B
:203B60001A38704080FF5C04236715006C57000041EADD0041E2DC0041DADB00E35F0F00B4
:203B8000EBD9C18DE3371B000042E33F1D0080FF56045406FFFF8407E1FF06A0D400C70080
:203BA000633F060008C0D80014F0ECF74002C5F19E0789A933FF14F0ECF74002C5F1BE0731
:203BC000455933FF435F030014F0ECF74002E35F0700C5F19E07C91133FFF45F50020BD80F
:203BE000C2D902EA00E2E52D1DF0C1F2C5F1BE0727D41CFF1AF0C2F21B160200C2F17008DD
:203C00005809E1C19A1D1AF0C2F21B160200C2F171B8FB0F01001AF0C2F2C5F19E07C9CE62
:203C20001EFFC60AD509C1C9A337030019381840174880FF4A03E0E9B2055FEADD0041E2B5
:203C4000DC0063E2A1D520EE130000E2A5551DF0FE00FEF60600C5F1BE0787D41CFF1DF0CD
:203C6000FE00FEF60600C5F1BE07A75C1CFF635F04001A06E2FF923D1AF0C2F21B1602002C
:203C8000C2F170085809E1C18A351AF0C2F21B160200C2F171B8E35F0500AB06FFFFCA1595
:203CA000FB0F01001AF0C2F2C5F19E07C9CE1EFFC60AD509C1C9A33703001938184017480F
:203CC00080FFBC02A515FB0F0100C60AD509E3F70500C2F2C5F19E07C9B61EFFC1B11630F2
:203CE0001838174080FFDC025FEADD0041E2DC006BE2E1AD4406FFFF8C07E1FF06A8D50082
:203D000009A0C700633F160008D0DA0043070300015A435F040015F0ECF74002C5F19E07F6
:203D2000895933FF635F09007FA28A0D1530E33F17001A4080FFEA010AA0805EFFFF635F62
:203D4000060000DAB5151BF0FE00FEF60A00C5F1BE0707141DFFD40E0F00E111DA0563DFFC
:203D600006004307040041DADB0065DAD905835F0500615A92EDE35F0700AB06FFFFCA05F4
:203D8000015A435F0300BFFFBE1AA35F0300E059EA07830115F0ECF74002C5F1BE07455997
:203DA00033FF435F0500E35F0700010AEB0FC2B0D60000EA85751DF0FE00FEF60600C5F1F5
:203DC000BE0787CC1CFF1DF0FE00FEF60600C5F1BE07A75C1CFF635F140015F0ECF7400212
:203DE000E35F1700C5F19E07C91133FFF45F50020BB8C2B919F0C2F217160200C2F1700809
:203E00005A09E1D1EA451DF0FE00FEF60600C5F1BE07C70C1CFF5609E1B1BA3D010AF90FF5
:203E2000C0005409B2051AC0A50500C2E35F1500AB06FFFFEA15F70F010019F0C2F2235F1D
:203E40000900C5F19E07C9E61EFFC60ACB09C1E1A33705001C381A40184880FF2201951DAB
:203E6000E3F71500F70F0100235F0900C2F2C5F19E07C96E1EFFC60ACB09636F1100CD0901
:203E8000630F1100233711001A38184080FF340141EADD001D06ECFFF98D00EA953D1DF071
:203EA000C1F2C5F1BE0727CC1CFF19F0C2F217160200C2F170085A09E1D18A2D15F0C2F22A
:203EC000C4F19E07495955FF635F0D00E30F1700235F0D00E60F480219F0C1F2CB09C1F1AA
:203EE00070C0F70F010019F0C2F2235F0900C5F19E07C9E61EFFC60ACB09C1E1A3370500F7
:203F00001C381A40184880FF760041EADD0063EAF1C5BFFF4A19A35703004C06FFFF0670AF
:203F2000CE000768CD000888D1000EF0C2F2C4F19E07498155FF0012000AC51D01F0FE00FF
:203F4000FEF60600C5F1BE0787941CFF0162F267C298D3000D60E667480212F0C1F2D061E3
:203F6000CCF1707811604F61EC89AA051311410AC1000106ECFFB9E502507F000698930095
:203F800007F00890D2000988D1001306F0FFBA057010A505601012085109E191DA0512081E
:203FA0000209C100E5053280D00010084209C1001306F0FFBA05800CA505800B02507F004C
:203FC0000710C20006F00890D2000208D00A0288528911980199008D1108C100C100019D56
:203FE00001507F000688D1000780D00008989300000A8507499233FF850789171FFFD21138
:204000008507C9F71FFFD2F1B106FFFFC205B006FFFFFA05619A8A252106F824F70BC51D73
:204020001170EC7740021068F46F5002C5718E07C97133FF0D78CE792F0F9100E009C20DA3
:20404000619ACA0500750E09F505E099DA05006D21700D084E092E0601A5A5A56277010050
:20406000010D2E0600A5A5A5627701007F00AA07E1FFC60063372200C700633F2600C8004C
:2040800063472400C900634F2800E33723000142E33F2700BFFF50FFE3F72300ECF74002B7
:2040A000C5F19E07896133FF63670900E3F72300ECF74002C5F1BE07456133FF4367010096
:2040C00004EA20E61300E3F72300E3672700ECF74002F4675002C5F19E07C91133FF0CB86E
:2040E000C2B96307160000C2800764011CF0FE00FEF60600C5F1BE07875C1CFF635F0400D4
:204100001CF0FE00FEF60600C5F1BE07A75C1CFF635F0C00E3F7050017160200E3672500B7
:20412000C2F2C2F170080CC841C9D900E0C9E2071301E3F7050017160200C2F2C2F17160FD
:2041400063672000E35F0D00AB06FFFFFA1DE3F70500F70F0100235F0900C2F2C5F19E07E0
:20416000C9B61EFFC60ACB09C1B11DD8C1DA23164A00C2D9A337010016381940E34F21000A
:2041800080FF4E037B570000C51DE3F70D00F70F0100235F0900C2F2C5F19E07C9AE1EFF7F
:2041A000C60ACB09C1A91DD8C1DA23164A00C2D915301938E3472100BFFF08FE7B570000CC
:2041C000E30F0500610AC11DC205630AA225853DE35F25001DF0C1F2239E4A00D3F1700874
:2041E0002B10C2004209800C1DF0C1F223164A00E35F2900C2F170080B09800CA5251DF09B
:20420000C1F223164A00C2F17058635F1600951DE35F25001DF0C1F2239E4A00D3F17008F5
:204220002B10C2004209800C1DF0C1F223164A00E35F8100C2F170080B09800CA50500002F
:204240005FEADD005FE2DC0041C2D80064C2F1079FFEE30F4D00E3174F0021084111E30F90
:2042600051004209630F500001DA6307060000D2956D00A21AF0C1F223162A00C2F1200E1E
:204280001000800CE35F25005B59825DE35F29005B59EBD9DA05015A635F1100B505630774
:2042A0001100E35F17005B59EBD9DA05015A435F0300B50543070300045A635F0E00015AAD
:2042C000435F0200F51D14F0FE00FEF60A00A35F0300C5F1BE07270C1DFFEB099A1514F0B2
:2042E000FE00FEF60A00E35F1100C5F1BE0747141DFFEB11DA0563A70E004307020041A25B
:20430000D400835F0300615AF2DDE35F0F001AF0C1F223162A00C2F1010AEB0FC000800CE5
:20432000E35F0F00615AAA0DE35F0700415A635F0600CB00CB00635F0600C1DADB0041D227
:20434000DA00A35F0100EBD1D195E35F0700E059D21DE3F72300C2F2C4F19E07496155FFE4
:2043600063671900E30F2700235F1900E60F48021DF0C1F223164A00C2F1CB09E10F3D0070
:20438000800C055A635F1400850D045A635F140041EADD0041E2DC0000C2800718011CF021
:2043A000FE00FEF60600C5F1BE07875C1CFF635F04001CF0FE00FEF60600C5F1BE07A75C44
:2043C0001CFF635F0C0000CA01DA00D2E525E35F25005B59E21DE3F7050017160200C2F297
:2043E000C2F170085B09E1D9CA151C08E100E10E06001A10C11223F62A00C2F17010C5095A
:20440000A107C70C1CFF4209E111BA051BC9D900C1DADB0041D2DA00A35F0100EBD181DDCD
:20442000E0C9A245E35F0D00AB06FFFFAA25F70F0100235F0900C60ACB09E3F70500C2F256
:20444000C5F19E07C9B61EFFC1B11D58C15A23F64A00CBF163F71D001638A337010019404B
:20446000704880FF6C0023671D006C570000C51DE3F70D00F70F0100235F0900C2F2C5F16A
:204480009E07C9AE1EFFC60ACB09C1A91D58C15A23664A00CB61153019380CF07040BFFF46
:2044A00022FB6C57000041EADD0041E2DC0041C2D800E35F1500EBC1F107E7FEE33723001D
:2044C0000042E33F2700BFFF1EFB6A06FFFF0698930007F00890D2000988D1001306F0FF10
:2044E000BA057010A50560103280D00010084209C100128051811009C1001306F0FFBA05B8
:20450000800CA505800B02507F008007E11006D83B0F150084078F0A55FF00EAA51D3E06EC
:20452000B8370300DDF160E01CF0C2F2C4F19E0709F201FF000DE009B20D1CF0C2F2C4F13C
:204540009E0709F201FF1B30000DE1C760F941EA62EAE1E500EA951D3E06B8370300DDF185
:2045600060E01CF0C2F2C4F19E0709F201FF020DE009A20D1CF0C2F2C4F19E0709F201FF2A
:20458000020DE1C760F941EA62EAF1E500EA951D3E06B8370300DDF160E01CF0C2F2C4F169
:2045A0009E0709F201FF1E0DE009A20D1CF0C2F2C4F19E0709F201FF1E0DE1C760F941EA2C
:2045C00062EAF1E54006FF108007E10000EAB52D3E06B8370300DDF160E01CF0C2F2C4F177
:2045E0009E0709F201FF040DE009A20D1CF0C2F2C4F19E0709F201FF040DE1C760F91CF03F
:20460000C2F2C4F19E0709F201FF060DE009A20D1CF0C2F2C4F19E0709F201FF060DE1C716
:2046200060F941EA62EAD1D54006FF008007E13006E09C0007D0DA00FC0E1C0084078912A8
:2046400055FF01D8C2D99BEF19001DF0C2F2C4F19E0709F201FF120DE009C20D1DF0C2F241
:20466000C4F19E0709F201FF1C301A38120DE1C760F94006FF308007E17006E09C0007D081
:2046800008C8D900FC0E1C008407891255FF01D8C2D99BEF19001DF0C2F2C4F19E0709F2A4
:2046A00001FF140DE009D20D1DF0C2F2C4F19E0709F201FF1C301A381940140DE1C760F9E2
:2046C0004006FF708007E11006E09C00FC0E1C008407891255FF01D8C2D99BEF19001DF067
:2046E000C2F2C4F19E0709F201FF160DE009B20D1DF0C2F2C4F19E0709F201FF1C30160D61
:20470000E1C760F94006FF108007E13006D89B0000EAFB0E1C008407891255FF01D0C2D145
:204720009AE719001CF0C2F2C4F19E0709F201FF0C0DE009C20D1CF0C2F2C4F19E0709F2E4
:2047400001FF1B300C0DE1C760F90AE81D504006FF308007E11006E89D00FD0E1C0084076B
:20476000891255FF01E0C2E19CDF19001BF0C2F2C4F19E0709F201FF080DE009B20D1BF056
:20478000C2F2C4F19E0709F201FF1D30080DE1C760F93C0F0500E009E2053E067639E0FDBD
:2047A000DDF180034006FF108007E13006E09C0007D0FC0E1C008407891255FF01D8C2D94E
:2047C0009BEF19001DF0C2F2C4F19E0709F201FF0A0DE009C20D1DF0C2F2C4F19E0709F23B
:2047E00001FF1C301A380A0DE1C760F94006FF3006F0200E3B00800C200E7900810C010A64
:20480000840B050A850B86037F008007E13006E09C0007D0FC0E1C008407891255FF01D8F8
:20482000C2D99BEF19001DF0C2F2C4F19E0709F201FF0E0DE009C20D1DF0C2F2C4F19E0736
:2048400009F201FF1C301A380E0DE1C760F94006FF308007E13006E09C0007D0FC0E1C0017
:204860008407891255FF01D8C2D99BEF19001DF0C2F2C4F19E0709F201FF100DE009C20DBC
:204880001DF0C2F2C4F19E0709F201FF1C301A38100DE1C760F94006FF308007E10000EA7F
:2048A000951D3E06B8370300DDF160E01CF0C2F2C4F19E0709F201FF180DE009A20D1CF024
:2048C000C2F2C4F19E0709F201FF180DE1C760F941EA62EAF1E54006FF008007E100BFFFF1
:2048E0009E0F00EA951D3E06B8370300DDF160E01CF0C2F2C4F19E0709F201FF1A0DE00906
:20490000A20D1CF0C2F2C4F19E0709F201FF1A0DE1C760F941EA62EAF1E5BFFFA40F4006A7
:20492000FF008007E100BFFF560F00EA951D3E06B8370300DDF160E01CF0C2F2C4F19E07F3
:2049400009F201FF1C0DE009A20D1CF0C2F2C4F19E0709F201FF1C0DE1C760F941EA62EAE5
:20496000F1E5BFFF5C0F4006FF000688000AA5153E06B8370300C1F160906192AA0D12F01D
:20498000C2F2119E0400D3F1001584070F1255FF410A620AE1ED840709F255FF000A951DBC
:2049A0000015029DBE8717006182DA0D8086FFFF628788017A80738700009E87170053879D
:2049C0000400C5057480628788011EF61C00410A610AF1E57F00840709F255FF009AB56DD2
:2049E0000015020D74903288E2971D00D100519162971C007490E28F19003290D200519173
:204A000078881191629718007490E18F09003290D200519175881191619708007490E18FDD
:204A20000D003290D20051917688119161970C0074903288E1971100D1005191619710004D
:204A400074903288E1971900D10051916197180074903288E2971100D10051916297100040
:204A600074903288E1971500D1005191619714007490E28F1D003290D20051917988119181
:204A800062971C007490E28F01003290D20051917788119162970000E19721007488119144
:204AA000619720007C9074883191629784011EF61C00419A619AD1957F008207E1FF8407B7
:204AC00089EA55FF00DAB56D3DD715009DB7190061B2AA65BD0F1100E009BA4DBA0F0300C2
:204AE000E009FA453DE701003CCF09009A0F0300E009BA153CF70D00FC0F1500800C3C0FBA
:204B00000100E009F205FC0F01005F0A790F0000E52579070000B5259A5F0100435F0300B4
:204B2000A3F70300FCF740029DF100C5380F0100E009E20D38BF0900F7AF01003CA70100A5
:204B40001530143880FFFE0579570000B505790700003CF70D00FC0F1500800C3E0682394D
:204B6000E0FDDBF180033E067C39E0FDDBF18003BD0F1100610ABA0DBA0F0300E009FA0521
:204B80003E068239E0FDDBF1010A800B3E067639E0FDDBF180031DEE1C0041DA66DAD195D0
:204BA0004206FFFF840709F255FF009AB53D000D021574906197880174903288E1971D004D
:204BC000D100519161971C007490E18F19003290D20051917888119161971800749032889B
:204BE000E2970900D10051916297080074903288E2970D00D100519162970C0074903288C5
:204C0000E1970100D10051916197000074903288E2972100D1005191629720001EF61C001C
:204C2000419A619AD1C57F008407891255FF000AD52D829719006192EA2522F70100088D20
:204C4000E089820D088DD13F0000088D918F01001F00049D068D7107000073070000310685
:204C60007639E0FDC1895107000031068239E0FDC18901825187000031067C39E0FDC1897F
:204C80005107000002161C00410A660AB1D57F008207E1FF06E89D00C700633F020000B2B7
:204CA000FD0E1C008407891255FF01E0C2E13CC715003C0F0D00620A8A0D1D30E33F0300EA
:204CC00080FFB60A80076001980F0300E009DA5D3CDF01003BCF0900B80F01008407091246
:204CE00055FFE10E1C0001A8C2A935D7010000BA41EA9D001CE61C00BFFF840BF9A70100A6
:204D00003CDF01003BCF09003E068239E0FDDDF16008610ADA0DFA0F1D00FB1705000209B8
:204D20007A0F1C003E068239E0FDDDF18003FA0F0900FB1705004209D00ADA0D1430E33F06
:204D4000030080FF000479570000FB0F050001B9D700A50501B241EA9D001CE61C0066EACA
:204D6000B9053CC7150066EAD905980F0300E0098ACD7ABF0400BFFF480B61B2CA55023291
:204D8000013ABFFFF605F54DB80F01008407091255FFE10E1C0001A8C2A93CDF010035D7D4
:204DA0000100985F0100435F0100A3F70100FCF740029CF100BD37CF0900BFFFC20AF9A704
:204DC00001003BCF09003E068239E0FDDDF16008610ADA0DFA0F1D00FB17050002097A0F8A
:204DE0001C003E068239E0FDDDF18003FA0F0900FB1705004209D00ADA0D1430E33F0300CC
:204E000080FF420379570000FB0F05007A0F0400A50501B2BFFFAA0A61B2DA050232013A32
:204E2000BFFF58054206FFFF8207E1FF06E89D0007C808A0D40000AAFD0E1C0084078912DB
:204E400055FF01E0C2E13CBF1500970F0300E009AA7DB70F01008407091255FFE10E1C00E5
:204E6000C209630F010023B7010036B701003CDF01003BC70900FBD70500BFFF020AF60F5E
:204E80000900FB1705004209D00AAA0DE0C9D2055FCA78CF0000D50578070000A50501AA78
:204EA000BFFF1E0A41EA9D001CE61C00BFFFD0093CDF01003BC709003E068239E0FDDDF1BE
:204EC0006008610ADA0DF60F1D00FB1705000209760F1C003E068239E0FDDDF18003F60F01
:204EE0000900FB1705004209D00ADA0DE0C9820D1930143880FF4E0278570000B50D7807DA
:204F00000000850DFB0F05002108C10041D1DA0001AA41EA9D001CE61C0066EAB9053CBF80
:204F2000150066EAD905970F0300E009AAC576D70400BFFF8C0961AAAA0D0232013ABFFF9A
:204F40003A04D5051D301438BFFF48FD4206FFFF8007E1F106E89D00FD0E1C008407891226
:204F600055FF01D8C2D93BC71500B80F01008407091255FFE10E1C0001B8C2B937E7010032
:204F8000980F0300610ACA2DBFFFF4083BD70100FA0F05002110FC0F1D00C20042097C0F39
:204FA0001C009B0F1100E009BA0DFA0F05002110FC0F1900C20042097C0F1800850DFC0FBA
:204FC0001900FA17050002097C0F18003E068239E0FDDDF1010A800BBFFFE608957D3B0FAC
:204FE0000D00620A9A3DBFFF960801CA853541EA9D001BDE1C003BD7010061CAB20563CA81
:20500000DA25FA0F05002110FC0F1D00C20042097C0F1C009B0F1100E009BA0DFA0F0500FD
:205020002110FC0F1900C20042097C0F1800850DFC0F1900FA17050002097C0F18003E06AD
:205040008239E0FDDDF1010A800B41CA63CA83D5BFFF6E08D53D1BDE1C0041EA9D00BFFFE3
:205060001E083BD70100FA0F05002110FC0F1D00C20042097C0F1C009B0F1100E009BA0D71
:20508000FA0F05002110FC0F1900C20042097C0F1800850DFC0F1900FA17050002097C0F9B
:2050A00018003E068239E0FDDDF1010A800B41EA9D001BDE1C0066EAB9053BC7150066EA46
:2050C000D905980F0300E009DACDBFFFF4074006FFF18007E1F006C09800F80E1C00840766
:2050E000891255FF01E8C2E93DE715008407CF0000FF9C0F0300610A8A25BC0F010084077C
:20510000091255FFE10E1C0001D0C2D13ACF01003DDF0100BFFF6807FB0F0500F917190025
:205120000130C6004209C600E609DA05010A8407CF0800FFBFFF8A078407C95000FF4006F5
:20514000FFF00608079813060080CA0501160100B50DE099BA050012F505410A0190F397C7
:20516000220212108F1202507F008007E11006D89B00FB0E1C008407891255FF01E0C2E163
:205180003CEF0100BFFFF8063D0F1100E009B20D3DF711007008C10EFFEF800C3DF71100D7
:2051A00070081F003C0F0500E009F20D3E067639E0FDDBF1010A800B3D0F1100C1BF000011
:2051C0003DF7110060081F00BFFFF6064006FF108007E13006E89D0007D0FD0E1C00840748
:2051E000891255FF01E0C2E13CDF15009B0F0300E009927D3C0F0D00620A9A0D3C0F0D00A4
:20520000620A9A759B0F0100620AD26D62D2AA353C0F0500E009F2053E067639E0FDDDF1DC
:20522000010A800B1D30BFFF44FF3C0F0D00620A8A0D9B0F0100630ACA055FEA9D00D50588
:205240009B0F0100A1E99D00FD0E1C008407891255FF01E0C2E11D30BFFF12FF3C0F0500EB
:20526000E00992453E067639E0FDDDF1010A800BA53DE0D1DA059C0F0900610AF20561D27F
:205280009A2D9C0F0900E009DA253C0F0D00620A8A0D9B0F0100630ACA055FEA9D00D505A9
:2052A0009B0F0100A1E99D00FD0E1C008407891255FF01E0C2E11D30BFFFB2FE3C0F0500EC
:2052C000E00992153E067639E0FDDDF1010A800BA50D1D30BFFF96FE3E067639E0FDDDF11B
:2052E000010A800B4006FF308007E1F006E89D00FD0E1C008407891255FF01E0C2E13CDF80
:2053000001003CD715003C0F0500E009D20DBFFF6E053B0F1100C13F00003BF71100600815
:205320001F00BFFF9C059A0F0300E009BA453E067C39E0FDDDF16008610ACA3DBFFF4005DA
:205340003E067C39E0FDDDF18003BA0F01008407091255FFE10E1C0001C0C2C138CF01000B
:205360001CE61C0041EA9D003E067C39E0FDDDF16008610AFA0D3CDF0100F90F1D00FB1776
:2053800005000209790F1C003E067C39E0FDDDF1800341EA9D001CE61C0066EAB9053CD72B
:2053A000150066EAD9059A0F0300E009EADDBFFF10054006FFF08207E1FF06E09C0007A0B4
:2053C000FC0E1C008407891255FF01D8C2D93BC71500980F0300E009AA5D00AAB80F010096
:2053E0008407091255FFE10E1C00C209630F010023BF010037BF01003BCF010039F70D0048
:205400007008C1EEFF3FDD0014D0DA001A08CE0A01D0DA001AE9DD00BFFF6404F9B705002C
:20542000F70F81015609D00AC20577B7880101AA39F70D0080EC41E29C001BDE1C003BCFFB
:20544000010039F70D007008C1EEFF3FDD0014D0DA001A08CE0A01D0DA001AE9DD0039F759
:205460000D0080EC41E29C001BDE1C0066E2B9053BC7150066E2D905980F0300E0098AE59A
:2054800061AABA0577B78401BFFF36044206FFFF8007E1F306D09A0007B0FA0E1C00840720
:2054A000891255FF01D8C2D93BCF1500B90F01008407091255FFE10E1C0001B8C2B937E74A
:2054C0000100990F0300610ABA5D99C70100BFFFAE033E067C39E0FDDAF1010A800B1AF08D
:2054E000B8F1C4F1010A9E07CD0A4CFF3BEF0100FD0F05002110FC0F1D00C20042097C0F4F
:205500001C00E0B1BA0DFD0F05002110FC0F1900C20042097C0F1800850DFC0F1900FD1737
:20552000050002097C0F1800BFFF96031AF0B8F1C4F1BE07650A4CFFE009AA25840789129C
:2055400055FF1A08B809FC0F400201D8C2D93BEF0100BFFF2A033D0F1100E009F20D3DF7C4
:2055600011007008C10EFFEF800C3D0F1100C1BF00003DF7110060081F00BFFF4403400665
:20558000FFF38207E1FF840789EA55FF00D2E54D3DCF15009DB7190061B2DA45BD0F1100BD
:2055A000610A9A45B90F0300E009DA3D3DE701003CDF0900990F0300E009BA153CF70D00EA
:2055C000FC0F1500800C3C0F0100E009F205FC0F01005F0A7B0F0000E5257B070000B5258E
:2055E000995F0100435F0300A3F70300FCF740029DF100C5380F0100E009E20D38BF0900C8
:20560000F7AF01003CA7010015301438BFFF36FB7B570000B5057B0700003CF70D00FC0F26
:205620001500800C1DEE1C0041D266D2A1B54206FFFF8007E110840789E255FF00EAB51D3D
:205640009CDF190061DACA15BC0F1100610A8A153E068239E0FDDDF16008610A9A0D1C3046
:2056600080FF38003E068239E0FDDDF180031CE61C0041EA66EAD1E5840709F255FF00EA33
:20568000850D000D7C10611784011EF61C0041EA61EA81FD4006FF10060821971500B217C5
:2056A00001008407098A55FFE2161C000298D19933F70100218F01007E10F1870500101157
:2056C0008E147F008407099A55FF8407891255FF000AA50D33F70100F39719007E97880185
:2056E000139E1C00410A610AE1F5000AA545827F1900228F1500617A9A3DA28711006182AE
:20570000DA35B1870300E0819A35918703006182DA2DB18701008407097255FFF0861C00E5
:205720001098CE9933F7010022970100F287050030707E80CE004E818E8482871100E0812F
:205740009A0DF287050030707C80CE004E818C84E5057C80F27705000E818C8430068239F7
:20576000E0FDC18101725077000002161C00410A660AE1BD7F008807E1FF06E89D00C70003
:20578000633F0E0000AAFD0E1C008407891255FF01E0C2E13CB715003CD70100960F0300C6
:2057A000E009AA5DFACF0500B60F01008407091255FFE10E1C0001A0C2A134C701003ABF67
:2057C0000900BFFFBA00F75F0100635F090001DAE53541EA9D001CE61C003CD701003ABF3E
:2057E000090061DAB20563DACA153E068239E0FDDDF16008610ADA0DF80F1D00FA170500F4
:205800000209780F1C003E068239E0FDDDF18003F80F09005909D00AAA0D23370900E33F25
:205820000F00BFFF20F977570000850DFA0F05002108C10041C9D90001AA41DA63DAA3CDD4
:2058400078CF0400BFFF7A0061AAFA6D0232013ABEFF28FBA56D965F0100435F0300A3F7BD
:205860000300FCF740029CF1005D635F0500B60F01008407091255FFE10E1C0001A0C2A170
:2058800034C70100960F0100A1E99D00960F0100E10E1C00A1E1FACF050023BF050037BF61
:2058A0000900BEFFDAFFF75F0100635F09003ABF090001DAF51D41EA9D001CE61C003CD73F
:2058C000010061DAB20563DACA153E068239E0FDDDF16008610ADA0DF80F1D00FA1705001B
:2058E0000209780F1C003E068239E0FDDDF1800341DA63DA93E5F80F09005909D00ACA0DDA
:2059000023370900E33F0F00BFFF3AF87757000078CF0400A50501AABEFFA6FF61AADA0549
:205920000232013ABEFF54FA4806FFFF0688000AA5153E06B8370300C1F160906292AA0DCC
:2059400012F0C2F2119E0400D3F1001584074F1255FF410A620AE1ED840749F255FF000A1C
:20596000E5150015029D6B806182BA0D0F82428708007480738700006A8053870400C50502
:205980006C80428708001EF61400410A610AA1ED7F00840749F255FF009AB54D000D021585
:2059A0006C9032888197110091005191419710006C90818F0D003290920051916F881191C5
:2059C00041970C006C90828F09003290920051916D881191429708006C90328882970D0043
:2059E0009100519142970C006C90818F11003290920051919E8F11001191419710006C9038
:205A0000818F15003290920051916E88119141971400829711006C88119142971000BE97A9
:205A200011006C883191419704001EF61400419A619AD1B57F008207E1FF840789EA55FF05
:205A400000DAB56D3DD715009DB7190062B2AA65BD0F1100E009BA4DBA0F0300E009FA45D0
:205A60003DE701003CCF09009A0F0300E009BA153CF70D00FC0F1500800C3C0F0100E00968
:205A8000F2053C0F01005F0A790F0100E52579070100B5259A5F0100435F0300A3F7030030
:205AA000FCF740029DF100C5380F0100E009E20D38BF090037AF01003CA7010015301438E2
:205AC00080FF720579570100B505790701003CF70D00FC0F1500800C3E068239E0FDDBF130
:205AE00080033E067C39E0FDDBF18003BD0F1100610ABA0DBA0F0300E009FA053E0682393C
:205B0000E0FDDBF1010A800B3E067639E0FDDBF180031DEE1C0041DA66DAD1954206FFFFF9
:205B2000840749F255FF009AC53D000D02156C90419708006C90328881971100910051915D
:205B4000419710006C90818F0D0032909200519192006F88119141970C006C903288829730
:205B6000090091005191429708006C90328882970D009100519142970C006C9032888197C6
:205B8000150091005191419714006C9032888297110091005191429710001EF61400419A52
:205BA000619AC1C57F008407891255FF000AD52D829F1900629AEA2522F701000895E091F2
:205BC000820D0895D23F00000895929701001F000695720700000495720701003206763994
:205BE000E0FDC1915207000032068239E0FDC191018A528F000032067C39E0FDC19152071A
:205C0000000002161C00410A660AB1D57F008207E1FF06E89D00C700633F020000B2FD0E74
:205C20001C008407891255FF01D8C2D93BC71500980F0300E009DA5D3BE701003CCF090042
:205C4000B80F01008407491255FFE10E140001A8C2A935D7010000BA41EA9D001BDE1C0087
:205C6000BEFF1CFC39A701003BE701003CCF09003E068239E0FDDDF16008610ADA0D9A0F2A
:205C800011009C17050002095A0F10003E068239E0FDDDF180039A0F1D009C1705004209C1
:205CA000D80ADA0D1430E33F030080FF8803795701009C0F050001B99700A50501B241EA4E
:205CC0009D001BDE1C0066EAB9053BC7150066EAD905980F0300E0098ACD5ABF1800BEFFE7
:205CE000E0FB61B2CA550232013ABEFF8EF6F54DB80F01008407491255FFE10E140001A8F7
:205D0000C2A93BE7010035D70100985F0100435F0100A3F70100FCF740029BF100BD37CF2E
:205D20000900BEFF5AFB39A701003CCF09003E068239E0FDDDF16008610ADA0D9A0F110035
:205D40009C17050002095A0F10003E068239E0FDDDF180039A0F1D009C1705004209D80A2F
:205D6000DA0D1430E33F030080FFCA02795701009C0F05005A0F1800A50501B2BEFF42FB2F
:205D800061B2DA050232013ABEFFF0F54206FFFF8207E1FF06E89D0007C808A0D40000AAD1
:205DA000FD0E1C008407891255FF01E0C2E13CBF1500970F0300E009AA7DB70F01008407A3
:205DC000491255FFE10E1400C209630F010023B7010036B701003CDF01003BC709009BD771
:205DE0000500BEFF9AFA960F1D009B1705004209D80AAA0DE0C9D2055FCA78CF0100D50525
:205E000078070100A50501AABEFFB6FA41EA9D001CE61C00BEFF68FA3CDF01003BC7090014
:205E20003E068239E0FDDDF16008610ADA0D960F11009B1705000209560F10003E06823912
:205E4000E0FDDDF18003960F1D009B1705004209D80ADA0DE0C9820D1930143880FFD60164
:205E600078570100B50D78070100850D9B0F05002108810041D19A0001AA41EA9D001CE604
:205E80001C0066EAB9053CBF150066EAD905970F0300E009AAC556D71800BEFF24FA61AA6E
:205EA000AA0D0232013ABEFFD2F4D5051D301438BFFF5EFD4206FFFF8007E1F006E89D0084
:205EC000FD0E1C008407891255FF01D8C2D93BCF1500B90F01008407491255FFE10E140088
:205EE00001C0C2C138E70100990F0300610ACA2DBEFF8CF93BD701009A0F050021109C0F52
:205F00001100820042095C0F10009B0F1100E009BA0D9A0F050021109C0F0D008200420959
:205F20005C0F0C00850D9C0F0D009A17050002095C0F0C003E068239E0FDDDF1010A800B28
:205F4000BEFF7EF9D53D1BDE1C0041EA9D00BEFF2EF93BD701009A0F050021109C0F11008C
:205F6000820042095C0F10009B0F1100E009BA0D9A0F050021109C0F0D00820042095C0F9F
:205F80000C00850D9C0F0D009A17050002095C0F0C003E068239E0FDDDF1010A800B41EA08
:205FA0009D001BDE1C0066EAB9053BCF150066EAD905990F0300E009DACDBEFF04F9400699
:205FC000FFF08007E1F006C09800F80E1C008407891255FF01E8C2E93DE715008407CF0059
:205FE00000FF9C0F0300610A8A25BC0F01008407491255FFE10E140001D0C2D13ACF010063
:206000003DDF0100BEFF78F89B0F050099170D000130860042098600E609DA05010A8407DE
:20602000CF0800FFBEFF9AF88407C95000FF4006FFF00608079813060080CA050116010036
:20604000C51DE099BA050012851D410A8016FFFFE209E30DC196FF7F01888F8AF38F22029B
:206060001280F38722028F821010D111E5050190F397220212108F1202507F008007E110A8
:2060800006D89B00FB0E1C008407891255FF01E0C2E13CEF0100BEFFE6F73D0F1100E00958
:2060A000B20D3DF711007008C10EFFEF800C3DF7110070081F003C0F0500E009F20D3E06C3
:2060C0007639E0FDDBF1010A800B3D0F1100C1BF00003DF7110060081F00BEFFE4F740064B
:2060E000FF108007E13006E89D0007D0FD0E1C008407891255FF01E0C2E13CDF15009B0F98
:206100000300E009F25562D2FA253C0F0500E009F2053E067639E0FDDDF1010A800B1D3048
:20612000BFFF5CFF9B0F0100A1E99D00FD0E1C008407891255FF01E0C2E11D30BFFF40FF05
:206140003C0F0500E009E2353E067639E0FDDDF1010A800BF52DE0D1DA059C0F0900610AEA
:20616000F20561D2EA1D9C0F0900E009AA1D9B0F0100A1E99D00FD0E1C008407891255FF17
:2061800001E0C2E11D30BFFFF6FE3C0F0500E00992153E067639E0FDDDF1010A800BA50DB6
:2061A0001D30BFFFDAFE3E067639E0FDDDF1010A800B4006FF308007E1F006E89D00FD0E65
:2061C0001C008407891255FF01E0C2E13CDF01003CD715003C0F0500E009D20DBEFFA0F6F6
:2061E0003B0F1100C13F00003BF7110060081F00BEFFCEF69A0F0300E009BA453E067C396C
:20620000E0FDDDF16008610ACA3DBEFF72F63E067C39E0FDDDF18003BA0F010084074912FD
:2062200055FFE10E140001C0C2C138CF01001CE61C0041EA9D003E067C39E0FDDDF16008C9
:20624000610AFA0D3CDF0100990F11009B1705000209590F10003E067C39E0FDDDF1800396
:2062600041EA9D001CE61C0066EAB9053CD7150066EAD9059A0F0300E009EADDBEFF42F683
:206280004006FFF08207E1FF06E09C0007A0FC0E1C008407891255FF01D8C2D93BC715000C
:2062A000980F0300E009AA5D00AAB80F01008407491255FFE10E1400C209630F010023BF75
:2062C000010037BF01003BCF010039F70D007008C1EEFF3FDD0014D0DA001A08CE0A01D0B3
:2062E000DA001AE9DD00BEFF96F599B70500970F01005609D80AC20557B7080001AA39F7A7
:206300000D0080EC41E29C001BDE1C003BCF010039F70D007008C1EEFF3FDD0014D0DA00E8
:206320001A08CE0A01D0DA001AE9DD0039F70D0080EC41E29C001BDE1C0066E2B9053BC753
:20634000150066E2D905980F0300E0098AE561AABA0557B70400BEFF68F54206FFFF80073D
:20636000E1F306D09A0007B0FA0E1C008407891255FF01D8C2D93BCF1500B90F010084079D
:20638000491255FFE10E140001B8C2B937E70100990F0300610ABA5D99C70100BEFFE0F4D9
:2063A0003E067C39E0FDDAF1010A800B1AF0B8F1C4F1010A9E07CD0A4CFF3BEF01009D0F95
:2063C000050021109C0F1100820042095C0F1000E0B1BA0D9D0F050021109C0F0D0082000F
:2063E00042095C0F0C00850D9C0F0D009D17050002095C0F0C00BEFFC8F41AF0B8F1C4F175
:20640000BE07650A4CFFE009AA258407891255FF1A08B809FC0F400201D8C2D93BEF0100FC
:20642000BEFF5CF43D0F1100E009F20D3DF711007008C10EFFEF800C3D0F1100C1BF000027
:206440003DF7110060081F00BEFF76F44006FFF38207E1FF840789EA55FF00D2E54D3DCF46
:2064600015009DB7190062B2DA45BD0F1100610A9A45B90F0300E009DA3D3DE701003CDF35
:206480000900990F0300E009BA153CF70D00FC0F1500800C3C0F0100E009F2053C0F01002C
:2064A0005F0A7B0F0100E5257B070100B525995F0100435F0300A3F70300FCF740029DF183
:2064C00000C5380F0100E009E20D38BF090037AF01003CA7010015301438BFFF58FB7B5798
:2064E0000100B5057B0701003CF70D00FC0F1500800C1DEE1C0041D266D2A1B54206FFFF64
:206500008007E110840789E255FF00EAB51D9CDF190062DACA15BC0F1100610A8A153E0624
:206520008239E0FDDDF16008610A9A0D1C3080FF3A003E068239E0FDDDF180031CE61C002B
:2065400041EA66EAD1E5840749F255FF00EA950D000DBE171100411704001EF6140041EAC2
:2065600061EAF1F54006FF1006F00A95B20F01008407491255FFE10E14000198C299330FCB
:206580000100008D81171100918705001011411710007F008407499A55FF8407891255FF63
:2065A000000A950D33F70100B39711008893139E1400410A610AF1F5000AB545827F19000F
:2065C000228F1500627AAA3DA28711006182EA35B1870300E081AA35918703006182EA2D66
:2065E000B18701008407497255FFF08614001098CE9933F70100229701009287050030708C
:206600009E8711008E004E81908382871100E0819A0D9287050030706C808E004E818C839C
:20662000E5056C80927705000E818C8330068239E0FDC18101725077000002161C00410A0F
:20664000660AD1BD7F00231EFCFF63FF0100E1476011E6476099231EFCFF63F70100E137B0
:206660004000E03F4000F1474000F04F4000E6574000E75F4000E6476059003280FFA20147
:20668000E6676059EB3F2000EA372000E9872000E88F2000E0076001E7072000E60F2000D7
:2066A00023F70100231E0400E6676099E167601123FF0100231E0400E0074801231EFCFFA7
:2066C00063FF0100E1476011E6476099231EFCFF63F70100E1374000E03F4000F1474000D2
:2066E000F04F4000E6574000E75F4000E6476059013280FF2C01E6676059EB3F2000EA37E2
:206700002000E9872000E88F2000E0076001E7072000E60F200023F70100231E0400E6671A
:206720006099E167601123FF0100231E0400E0074801231EFCFF63FF0100E1476011E647AA
:206740006099231EFCFF63F70100E1374000E03F4000F1474000F04F4000E6574000E75F38
:206760004000E6476059023280FFB600E6676059EB3F2000EA372000E9872000E88F2000D2
:20678000E0076001E7072000E60F200023F70100231E0400E6676099E167601123FF01000C
:2067A000231E0400E0074801231EFCFF63FF0100E1476011E6476099231EFCFF63F701006F
:2067C000E1374000E03F4000F1474000F04F4000E6574000E75F4000E6476059033280FF6E
:2067E0004000E6676059EB3F2000EA372000E9872000E88F2000E0076001E7072000E60F56
:20680000200023F70100231E0400E6676099E167601123FF0100231E0400E00748018007DA
:20682000E1F106E89D00FD0E1C008407891255FF01E0C2E13CDF01003BF711007008880A6D
:20684000F9050132013ABEFF32EB80077A01FD0E1C008407891255FF01E0C2E13CD71500A3
:206860009A0F0300E0099A65BEFF14F03E067C39E0FDDDF16008610AEA551DB83E067C393F
:20688000E0FDDDF18003BEFF38F0BA0F01008407091255FFE10E1C0001C0C2C13CDF0100B6
:2068A00038CF01003E067639E0FDDDF16008E009DA0DBEFFCAEF3B0F1100C13F00003BF7F7
:2068C000110060081F00BEFFF8EF1CE61C0041EA9D00BEFFAAEF3E067C39E0FDDDF1600834
:2068E000610AFA0D3CDF0100F90F1D00FB1705000209790F1C003E067C39E0FDDDF18003F8
:2069000041EA9D001CE61C0066EAB9053CD7150066EAD9059A0F0300E009EADDBEFFA2EF83
:2069200017E8B505BEFF9AEF3E067639E0FDDDF16008610A8A4DFD0E1C008407891255FF6F
:2069400001E0C2E13CD715003C0F0D00620AFA359A0F0100630ABA35BA0F01008407091222
:2069600055FFE10E1C0001C0C2C13CDF010038CF0100FB0F0500F91719000130C6004209D6
:20698000C600E131920D9C0F0900610ADA053C0F0500E1C760F9FB0F0500F91719000130C8
:2069A000C6004209C600E131EA0D9C0F0900E009AA0D3C0F0500E1C760F9D5053C0F050028
:2069C000E1C760F94006FFF1231EFCFF63FF0100E1476011E6476099231EFCFF63F701008B
:2069E000E1374000E03F4000F1474000F04F4000E6574000E75F4000E6476059043280FF4B
:206A0000B600E6676059EB3F2000EA372000E9872000E88F2000E0076001E7072000E60FBD
:206A2000200023F70100231E0400E6676099E167601123FF0100231E0400E0074801231EFE
:206A4000FCFF63FF0100E1476011E6476099231EFCFF63F70100E1374000E03F4000F14793
:206A60004000F04F4000E6574000E75F4000E6476059053280FF4000E6676059EB3F200028
:206A8000EA372000E9872000E88F2000E0076001E7072000E60F200023F70100231E0400C3
:206AA000E6676099E167601123FF0100231E0400E00748018007E1F106E89D00FD0E1C0034
:206AC0008407891255FF01E0C2E13CDF01003BF711007008880AF9050132013ABEFF9CE8A2
:206AE00080070201FD0E1C008407891255FF01E0C2E13CD715009A0F0300E0099A65BEFF6E
:206B00007EED3E067C39E0FDDDF16008610AEA551DB83E067C39E0FDDDF18003BEFFA2ED0C
:206B2000BA0F01008407491255FFE10E140001C0C2C13CDF010038CF01003E067639E0FD16
:206B4000DDF16008E009DA0DBEFF34ED3B0F1100C13F00003BF7110060081F00BEFF62ED20
:206B60001CE61C0041EA9D00BEFF14ED3E067C39E0FDDDF16008610AFA0D3CDF0100990F2F
:206B800011009B1705000209590F10003E067C39E0FDDDF1800341EA9D001CE61C0066EA4D
:206BA000B9053CD7150066EAD9059A0F0300E009EADDBEFF0CED17E8B505BEFF04ED3E0604
:206BC0007639E0FDDDF16008610ACA0DFD0E1C008407891255FF01E0C2E13C0F0500E1C794
:206BE00060F94006FFF18007E1F306B0A407050900FFE009B20D20365300003A0042204E02
:206C00004A00BEFF96E780070403E0B1BA0D20365300003A0042204E1000BEFF7EE78007BE
:206C2000EC0236170100210628C1D40EE111B20D20365300003A0042204EEF00BEFF5CE7F3
:206C40008007CA028407CFB255FF8407C9F255FF080D84070F0B55FF8407C9F255FF0A0D28
:206C600084074F0B55FF8407C9F255FF0C0D84078F0B55FF8407C9F255FF060D8407CF0B9D
:206C800055FF8407C9F255FF100D84070F0C55FF84074F0752FF84074F0550FF84078F0570
:206CA00050FF00EAF52D1DF0FE00FEF60A00C4F19E074D0352FF1DF0FE00FEF60A00200E3E
:206CC000FF00C4F19E075D0B52FF00E2851D1DF0FE00FEF60A002206843CE0FDC2F142F269
:206CE000DCF180031DF0FE00FEF60A002206843CE0FDC2F146F2DCF1800341E264E281ED64
:206D000041EA64EA91D500EA850D1DF0C2F2C4F19E07CF0550FF41EA61EA81FD00EAA54D0A
:206D20001DF0FE00FEF61400C4F19E078D0752FF1DF0FE00FEF61400C4F19E079D0752FF9F
:206D40001DF0FE00FEF61400C4F1BE07AD0752FF1DF0FE00FEF61400C4F19E07CD0752FF0F
:206D60001DF0FE00FEF61400C4F19E07DD0752FF1DF0FE00FEF61400C4F1BE07ED0752FF9F
:206D80001DF0FE00FEF61400C4F1BE070D0053FF1DF0FE00FEF61400C4F19E074F0053FFF9
:206DA0001DF0FE00FEF61400C4F19E078F0053FF41EA8407C9F255FF6408E1E9A1B500C272
:206DC000850D18F0C2F2C4F19E070F0554FF41C28407C9F255FF7308F809CBF500DAA54DFF
:206DE0001BF0FE00FEF63400C4F19E074F0353FF1BF0FE00FEF63400C4F19E07CF0353FFB5
:206E000000CAD5351B08E100E10E340019F0EAF740022206043DE0FDC2094C0AC1F18004AE
:206E200000E2A5251BF0FE00FEF634002206043DE0FDC2F11910EA1740024CF2C2F146F2E7
:206E4000DCF180031BF0FE00FEF634002206043DE0FDC2F11910EA1740024CF2C2F142F227
:206E6000DCF1800341E264E2E1DD41CA64CAB1CD41DA8407C9F255FF6808FB09ABB500EA71
:206E8000850D1DF0C2F2C4F19E07CF0450FF41EA62EA81FD00EAC50D8407091455FF1DF069
:206EA000C3F2C2F100F5000DE1C760F941EA61EAC1F500BAF51D8407091355FF1708C50A86
:206EC00001D0C2D13A0F0D00610ADA0D3AF71D00FA0F1100840C3AF71D0001053AF71D000C
:206EE0000305F5051A303A3F1500004280FF7C1A41BA8407C9F255FF6508F709DBDD84071C
:206F00000F0650FF013280FF561A4006FFF380076100A407050900FFE009BA0D20365300BA
:206F2000003A0142204E1A00BEFF70E4010AB51D8407490D50FFE009DA15003280FF201A6B
:206F400000EAC50D8407091455FF1DF0C3F2C2F100F5100DE1C760F941EA61EAC1F5000ABB
:206F6000A505010A015040067F008007E11006E89D0007D8A407050900FFE009BA0D2036A6
:206F80005300003A0242204E1A00BEFF0EE4010A85358407C9F255FF6508FD09AB0D203609
:206FA0005300003A02420A4ABEFFF0E3010A95258407091355FF1DF0C5F2C2F1060D610A67
:206FC000AA0D20365300003A02420A4ABEFFCCE3010AF50D8407091355FF1D08C50A01E036
:206FE000C2E11C303C3F15001B4080FF7E19000A01504006FF108007E11006E09C0000EA0D
:20700000A407050900FFE009BA0D20365300003A0342204E1A00BEFF82E301EAF50D8407BE
:20702000C9F255FF6808FC099B0D20365300003A03420C4ABEFF64E301EA61EAC26DBEFF80
:20704000A0E81CF0F4F744028407891355FFC2F1000D8407491550FF4209B20501EAB54D09
:20706000FCF63400C4F19E07490B53FF610ABA0501EA954500DA951D1C08F40F4402840777
:20708000891355FF1BF0C2F2C209010E10001B10C212C209210F0100C4F19E07C91550FFD5
:2070A0004209A20501EA41DA61DAF1E5E0E9BA25DC0E1F000112E117C0001CF085F233068F
:2070C000AC3BE0FDC2F2D3F1000D0209010DFCF63400010AC4F19E074F0B53FFFCF63400F1
:2070E000C4F19E079D0353FFFCF63400C4F19E07AD0353FFBEFFF0E761EAAA0D2036530083
:20710000003A0342204E2A00BEFFDEE2C5051C3080FF741D1D504006FF108007E11006E88D
:207120009D0007D8A407050900FFE009BA0D20365300003A0442204E1A00BEFF5EE2010AB2
:20714000C53D8407C9F255FF6508FD09AB0D20365300003A04420A4ABEFF40E2010AD52DFF
:20716000E0D9BA0D20365300003A0442204E1000BEFF28E2010A95258407091355FF1DF054
:20718000C5F2C2F1060D610AAA0D20365300003A04420A4ABEFF04E2010AF50D840709137C
:2071A00055FF1D08C50A01E0C2E11C301B383C47190080FFB617000A01504006FF10800745
:2071C000E13006E89D0007D808D009E0DC00A407050900FFE009BA0D20365300003A054205
:2071E000204E1A00BEFFB4E1010AF5458407C9F255FF6508FD09AB0D20365300003A054281
:207200000A4ABEFF96E1010A853D8407091355FF1DF0C5F2C2F1060D610AA20D20365300D1
:20722000003A05420A4ABEFF72E1010AE525E0E1A20D8407091355FF1DF0C5F2C2F17808F2
:20724000E1E1A30D20365300003A05420D4ABEFF4AE1010AA5158407091355FF1D08C50A9F
:2072600001F0C2F10E0D61DF01000E0D61D705000E0D61E70800000A01504006FF308007F4
:207280002100A407050900FFE009BA0D20365300003A0642204E1A00BEFF00E1000A950D68
:2072A0008407490D50FFE009B205020AA505010A015040063F008007610006E8DD00A40709
:2072C000050900FFE009BA0D20365300003A0742204E1A00BEFFC4E0020AE5158407C9F290
:2072E00055FF7308FD09AB0D20365300003A07420B4ABEFFA6E0020AF5051DF0C2F2C4F1C1
:207300009E07090D54FF015040067F008007610006E89D00A407050900FFE009BA0D203618
:207320005300003A0842204E1A00BEFF6EE0020AE5158407C9F255FF6808FD09AB0D2036BF
:207340005300003A08420C4ABEFF50E0020AF505FDF63400C4F19E07490B53FF015040064F
:207360007F008007610006E8E0E9AA0D20365300003A0942204E1000BEFF20E09515200EF7
:207380003B007D0F0000200E53007D0F0200010A5D0F0400050A5D0F05005D07060040066C
:2073A0007F008007E11006D89B00A407050900FFE009BA0D20365300003A0A42204E1A003E
:2073C000BEFFD8DF01EAE5558407C9F255FF6808FB09AB0D20365300003A0A420C4ABEFF0C
:2073E000BADF01EAF545FB0E34008407891355FF01E0C2E1BEFFEAE43C1701000208D00AD0
:2074000002098407491550FF4209CA15FBF63400C4F19E07490B53FF610AC20D8407490DBF
:2074200050FF3C170100020984074F0D50FF00EAA50501EABEFFB0E4E0E9A20D2036530077
:20744000003A0A42204E3A00BEFF9EDFB5151B3080FF9A210AE8BEFF88E43C0F01002110DD
:207460008407490D50FF420984074F0D50FFBEFF76E41D504006FF108007610006E89D000F
:20748000A407050900FFE009BA0D20365300003A0B42204E1A00BEFF02DF000AB51D8407C7
:2074A000C9F255FF6408FD09AB0D20365300003A0B420E4ABEFFE4DE000AC50DFDF61400A9
:2074C000C4F1BE07850F52FF610ABA05020AA505010A015040067F008007610006E89D00D9
:2074E000A407050900FFE009AA0D20365300003A0C42204E1A00BEFFA2DE952D8407C9F236
:2075000055FF6808FD099B0D20365300003A0C420C4ABEFF86DEB51D1DF0F4F744028407B6
:20752000891355FFC2F1000D8407491550FF4209A20D20365300003A0C42204E3A00BEFFD3
:20754000A8DED5051D30003A80FF481C40067F008007E10006E0A407050900FFE009BA0DE6
:2075600020365300003A0D42204E1A00BEFF2CDE010AA52DE0E1C20D61E2A20D2036530082
:20758000003A0D420F4ABEFF12DE010AD51D8407890D50FFE009B205010AE51584074FE789
:2075A00052FFE0E18A1500EAC50D8407091455FF1DF0C3F2C2F100F5020DE1C760F941EABD
:2075C00061EAC1F5000A01504006FF0080076100A407050900FFE009D2158407490F52FF66
:2075E000610A821500EAC50D8407091455FF1DF0C3F2C2F100F50C0DE1C760F941EA61EAD7
:20760000C1F540067F008007610006E89D00A407050900FFE009BA0D20365300003A2046CB
:20762000A000204E1A00BEFF72DDB52D8407C9F255FF6808FD09AB0D20365300003A204623
:20764000A0000C4ABEFF54DDC51D1DF0F4F744028407891355FFC2F1000D8407491550FFB3
:207660004209B20D20365300003A2046A000204E3A00BEFF74DDD5051D30013A80FF141B51
:2076800040067F008007210080FF1A0F009A001295750260FC6742028407495B55FF0C780F
:2076A000CB79AF870D008407C95B55FF1060C1620C68CB69AD0F01002F7719008E8F01006B
:2076C00001F0C5F2C5F19E07096347FF11F0C7F20C668000CCF12C0607007000016501F08C
:2076E000C5F2C5F19E07096347FF11F0C7F20C668000CCF120661300E46301F0C5F2C5F11F
:207700009E07096347FF11F0C7F20C668000CCF12066F300EC630162F067C00053619A2DEC
:2077200001F0C5F2C5F19E0709F347FF800301F0C5F22E670900C5F19E0709F347FF036536
:207740000C92950D01F0C5F2C5F19E0709F347FF60605F92E091FBF501F0C5F2C5F19E078F
:2077600009F347FF016280630162F067C0000C9941128407C9F255FF7360EC11B18D400621
:207780003F008007E1F700D200DA800708021B08FC0F42028407491355FF01B8C2B937AF47
:2077A0001900B7CF0D008407C91355FF1908C10A01B0C2B1B6EF010095E70100010AF90F1C
:2077C000C0005A09AA3D1DF0C5F2C5F19E0709F347FF80031DF0C5F2C5F19E0709F347FF5A
:2077E00003051DF0C5F2C5F19E0709F347FF88031D08C50AC509A107C50C47FF0112E11709
:20780000C20801C6FFFF1DF0C5F2C5F19E0749F347FF03C51DF0C5F2C5F19E0749F347FFCF
:207820001BC51DF0C5F2C5F19E0749F347FF33C5010AF90FC00001D11DF0C5F2C5F19E070B
:20784000090B47FF1CF0C7F2010E8000C1F1400E7000010D1DF0C5F2C5F19E07090B47FF83
:207860001CF0C7F2010E8000C1F1400E0001030D1DF0C5F2C5F19E07090B47FF1CF0C7F265
:20788000010E8000C1F1200E2000840C1DF0C5F2C5F19E07090B47FF1CF0C7F2010E8000FC
:2078A000C1F1010A860C1DF0C5F2C5F19E07090B47FF1CF0C7F2010E8000C1F109051DF0DF
:2078C000C5F2C5F19E07090B47FF1CF0C7F2010E8000C1F194041DF0C5F2C5F19E07090B6B
:2078E00047FF1CF0C7F2010E8000C1F1010A8C0C1DF0C5F2C5F19E07090B47FF1CF0C7F25B
:20790000010E8000C1F1010A8E0C1DF0C5F2C5F19E07090B47FF1CF0C7F2010E8000C1F102
:20792000010A900C1DF0C5F2C5F19E07090B47FF1CF0C7F2010E8000C1F1010A920C1DF06B
:20794000C5F2C5F19E07090B47FF1CF0C7F2010E8000C1F1010A960C1DF0C5F2C5F19E07E9
:20796000090B47FF1CF0C7F2010E8000C1F1200E1300E40B1DF0C5F2C5F19E07090B47FFFE
:207980001CF0C7F2010E8000C1F1200EF300EC0B41DA8407C9F255FF7308E1D9F107F3FDF7
:2079A00080FF020C4006FFF7067807688D002F9F1900AF0F0D008407C91355FFC10A0170DB
:2079C000C271AE0F010093170100E069FA2501F0C5F233970900C5F19E0709F347FF0395F3
:2079E00001F0C5F293970D00C5F19E0709F347FF88930C82950D01F0C5F2C5F19E0709F3C1
:207A000047FF60905F82E081FBF501F0C5F2C5F19E0709F347FF0192809333970500619251
:207A2000822D01F0C5F2C5F19E0749F347FF0192E297C000328802955191039501F0C5F2D3
:207A4000C5F19E0749F347FF0192E297C00032881A9551911B9501F0C5F2C5F19E0749F343
:207A600047FF3295018AE28FC00011913395E52501F0C5F2C5F19E0749F347FF0295018A22
:207A8000E28FC0001191039501F0C5F2C5F19E0749F347FF1A95018AE28FC00011911B9539
:207AA00001F0C5F2C5F19E0749F347FF0192E297C00032883295519133952FF70500840794
:207AC000096355FF6088C58A1190CC91338F1500326705006162CA05406610000C8901F06E
:207AE000C5F2C5F19E07096347FF02F0C7F20C668000CCF120661300E46301F0C5F2C5F12A
:207B00009E07096347FF02F0C7F20C668000CCF12066F300EC6301F0C5F2C5F19E0709637D
:207B200047FF02F0C7F20C668000CCF133671100016501F0C5F2C5F19E07096347FF02F0ED
:207B4000C7F20C668000CCF1038D01F0C5F2C5F19E07096347FF02F0C7F20C668000CCF11E
:207B600092670100846401F0C5F2C5F19E07096347FF02F0C7F20C668000CCF1F3671900A1
:207B8000866401F0C5F2C5F19E07096347FF02F0C7F20C668000CCF133671D00096501F0D6
:207BA000C5F2C5F19E07096347FF02F0C7F20C668000CCF1F36721008C6401F0C5F2C5F1DE
:207BC0009E07096347FF02F0C7F20C668000CCF1F36723008E6401F0C5F2C5F19E07096316
:207BE00047FF02F0C7F20C668000CCF1F3672500906401F0C5F2C5F19E07096347FF02F0CB
:207C0000C7F20C668000CCF1F3672700926432670D00E0618A1501F0C5F2C5F19E07096390
:207C200047FF02F0C7F20C668000CCF1F26711009664951501F0C5F2C5F19E07096347FFE1
:207C400002F0C7F20C668000CCF132671D00EC67090096647F00068807F031971900B10F19
:207C60000D008407C91355FFC10A0180C281B00F010092170100329F1500027D617ACA0534
:207C8000407E10000F990178C57AC5798F07097B47FF0270C7720F7E8000CE796F9F050006
:207CA0000178C57AC5798F07097B47FF0270C7720F7E8000CE7960706F770800067DE079D5
:207CC0008A150178C57AC5798F07097B47FF0270C7720F7E8000CE7978706F772C0095150C
:207CE0000178C57AC5798F07097B47FF0270C7720F7E8000CE790E75EE7709006F772C002C
:207D00007F008007E1F706A8950007D83BCF1900BB0F0D008407C91355FFC10A01B0C2B1BF
:207D2000B6C7010099BF0100BB0F0D00E10E14002206C83CE0FD01E8C2E961AABA1D5D07AF
:207D400004005D0705003BF7050060D08407091355FF1A08C50A01E0C2E118F0C5F2C5F16A
:207D60009E0709F347FF80031B30003ABFFF3CFCF51D9DF705003B170500C2F160D08407AE
:207D8000091355FF1A08C50A01E0C2E118F0C5F2C5F19E07090B47FF17F0C7F2010E80003B
:207DA000C1F1010AB80B1B301C38BFFFACFE390F0500610AA22D3C0F0D00E009AA153C0F6A
:207DC00015007D0F0D003C0F19007D0F1100FC0F11007D0F0600FC0F11007D0F0800D515AC
:207DE0003CF71D00000D7D0F0D003CF71D00020D7D0F11003CF71D0074087D0F06003CF700
:207E00001D0074087D0F0800390F0500E0098A0D1B301D381840174880FF0C00A5050000DC
:207E20004006FFF70698078008080910338F190001F0C5F2C5F19E07099347FF02F0C7F24D
:207E400012968000D2F1F39703009E9401F0C5F2C5F19E07099347FF02F0C7F212968000C0
:207E6000D2F1940401F0C5F2C5F19E07099347FF02F0C7F212968000D2F10192B493B37F20
:207E80000D000192EF97C0008407497D50FF4F91AA0D90970500E091EA0531971D00CA92F8
:207EA0009A92EA0D01F0C5F2C5F19E07099347FF02F0C7F212968000D2F10292B4937F00CA
:207EC0008007E1F006D800D2BB0F0D008407C91355FFC10A01C0C2C1BB0F0D00E10E14001F
:207EE0002206C83CE0FD01C8C2C9B8E701001CF0C5F2C5F19E07C9F347FF7008C10EFFEF30
:207F0000800C1CF0C5F2C5F19E0709F447FF7008C10EFFEF800C1CF0C5F2C5F19E0749F458
:207F200047FF7008C10EFFEF800C1B380132BFFFD4FD00EA1CF0C5F2C5F19E0709F447FFDA
:207F400070088D0A892D1CF0C5F2C5F19E07C9F347FF70088D0AF90D1CF0C5F2C5F19E0709
:207F6000C9F347FF7008C10EFFEF800CBB370D0080FF18011CF0C5F2C5F19E0709F447FF46
:207F80007008C10EFFEF800CBB370D0080FFBA0200EAA50541EA1CF0C5F2C5F19E07C9F34D
:207FA00047FF70088D0A99151CF0C5F2C5F19E07C9F347FF7008C10EFFEF800CBB370D00DE
:207FC00080FFC80000EAA50541EA8407C9F255FF0E0DFD09FB150132013ABEFF9ED3F9F744
:207FE0000300020AC2F2C4F19E070F0D54FFB9F70100FEF63400010AC4F19E078D0B53FFCD
:2080000001D2850709F447FF70081F00E0D1FA059B0F0100B9170500E111D18DB9F70100F6
:20802000FEF63400C4F1BE07850B53FF610AAA0501D21A504006FFF006F007100898E0F1B2
:20804000CA05220F0900D50DA20F0100620AD205640ADA05000DD5057008B5056008000072
:20806000730F01007F0006F0071008981308A29701006292D2056492DA05010DD505800CE8
:20808000B505800B00007F008407E1FF06B08407C91355FF1608C10A01A8C2A9B5D70100B6
:2080A0001608E100E10E14002206C83CE0FD01E8C2E9FD0F03008407491355FFFC0F40028A
:2080C00001C8C2C939C7190098BF01001AF0C5F2C5F19E0749F347FF020D0112F717C0004D
:2080E0000209030D1AF0C5F2C5F19E0749F347FF00A51AF0C5F2C5F19E0749F347FF05A5DA
:208100009DF7050039170500C2F160088407091355FFC50A01D8C2D9380F0500620A9A0DB9
:2081200038E71D00DCE60300040AFC0FC2E0A50501E263E70500FD0F0700E0099A3D9D0F28
:208140000500410A5D0F0400990F01009D170500E111D92D380F0500E0099A2D990F15004C
:20816000610ADA259DF7050039170500C2F160088407091355FFC50A01D8C2D93B0F0D00F7
:20818000E009AA0D3B0F15007D0F0D00FB0F11007D0F0600D50D3BF71D00000D7D0F0D00C3
:2081A0003BF71D0074087D0F0600A50500E2F5255FE23D370D001B3823460000BFFF7CFE06
:2081C0003D0F0D00E009820D3D0F0D00BB170100C2097D0F0D001AF0C5F2C5F19E07090B0E
:2081E00047FF17F0C7F2010E8000C1F1230F0100210DFD0F07005F0A7D0F0600E0E19ADD91
:208200001AF0C5F2C5F19E07090B47FF1798C79A010E8000D309E1172D00E35F0500FD9F65
:208220000700CB99F311EA0D1AF0C5F2C5F19E0749F347FF010AF70FC0002198020D530945
:20824000030D4406FFFF8207E1FF06B08407C91355FF1608C10A01A8C2A9B5E70100160834
:20826000E100E10E14002206C83CE0FD01E8C2E9FD0F03008407491355FFFC0F400201B82D
:20828000C2B937CF190099C701001CF0C5F2C5F19E0749F347FF1A0D0112F817C00002092F
:2082A0001B0D1CF0C5F2C5F19E0749F347FF18A51CF0C5F2C5F19E0749F347FF1DA5BDF723
:2082C000050037170500C2F160088407091355FFC50A01D8C2D9390F0500620A9A0D39D77D
:2082E0001D00DAD60300040AFA0FC2D0A50501D21CF0C5F2C5F19E07090B47FF18F0C7F24F
:20830000010E8000C1F1285D635F01003D0F1100E009F20D3D3711001B3823470100BFFF8E
:2083200048FD3D0F1100BB170100C2097D0F1100FD0F09005F0A7D0F08005FD2E0D19ADDF5
:208340001CF0C5F2C5F19E0749F347FF010AF80FC00000154209D2051630BFFF2EFDE50D53
:208360001CF0C5F2C5F19E0749F347FF010AF80FC0002110020D4209030DFD0F0900E009F2
:20838000EA070502BD0F0500410A5D0F0500390F0500E009FA351CF0C5F2C5F19E07090BC1
:2083A00047FF99170100010E8000C712C209810F4D00C10E1300D80AD2250232013ABEFFCF
:2083C000BACF1CF0C5F2C5F19E07090B47FF99F70100010E8000C7F2C1F1200E1300E40BE1
:2083E000FDF70300020AC2F2C4F19E070F0D54FFBDF70100FEF63400010AC4F19E078D0B23
:2084000053FF1CF0C5F2C5F19E07090B47FF99170100010E8000C712C209810F6900C10EE6
:20842000F300D80AD2250232013ABEFF4ECF1CF0C5F2C5F19E07090B47FF99F70100010E0F
:208440008000C7F2C1F1200EF300EC0BFDF70300020AC2F2C4F19E070F0D54FFBDF70100E4
:20846000FEF63400010AC4F19E078D0B53FF970F0100BD170500E1118A25173080FFDA12B2
:20848000FDF70300C2F2C4F19E07090D54FF620A820DFDF70300C2F2C4F19E070F0554FF07
:2084A0008407491550FF010AF60FC0004209BA6D163080FF780BF565BDF705003717050094
:2084C000C2F160088407091355FFC50A01D8C2D9390F0500620AD205970F1500E0099A1560
:2084E000BD0F05005D0F0400FD0F03008407493B55FFFC0F40020032C139BFFF08F8B54598
:208500003B0F0D00E0098A1D3B0F19007D0F1100FB0F11007D0F08001CF0C5F2C5F19E07A7
:20852000090B47FF18F0C7F2010E8000C1F1FB0F1100960CB51D3BF71D00020D7D0F110055
:208540003BF71D0074087D0F08001CF0C5F2C5F19E07090B47FF18F0C7F2010E8000C1F142
:208560003B0F1D00E10F0900960C1CF0C5F2C5F19E07090B47FF18F0C7F2010E8000C1F17F
:20858000030AB40B1CF0C5F2C5F19E0749F347FF010AF80FC00021101A0D42091B0D42068A
:2085A000FFFF0012A5658407C99355FF0298C19A1308D209819F0100E0999A55A1F7010059
:2085C000C5F2C5F19E07099C47FFD33F0000A1F70100C5F2C5F19E07C99B47FFD33F000025
:2085E000A1F70100C5F2C5F19E07499C47FFD33F0000A1F70100C5F2C5F19E07899C47FF7D
:20860000D33F0000A1F70100C5F2C5F19E07C9F347FF7098D39EFFEF809CA1F70100C5F2C8
:20862000C5F19E0709F447FF7098D39EFFEF809CA1F70100C5F2C5F19E0749F447FF7098E3
:20864000D39EFFEF809CA1F70100C5F2C5F19E0789F447FF7098D39EFFEF809C850709F425
:2086600047FF70981F0041128407C9F255FF6498F311A19D7F008007E10000EAA56D8407F4
:20868000C91355FF1D08C10A01E0C2E19C0F0100E0099A5D8407491550FF010AFD0FC0009B
:2086A00042099A558407091650FF010AFD0FC00042099A4DBCF70100C5F2C5F19E07C9F3FC
:2086C00047FF70088D0AF90DBCF70100C5F2C5F19E07C9F347FF7008C10EFFEF800C1D3069
:2086E000BFFFA8F9BCF70100C5F2C5F19E0709F447FF70088D0AF925BCF70100C5F2C5F1C4
:208700009E07C9F347FF70088D0AF90DBCF70100C5F2C5F19E07C9F347FF7008C10EFFEFA0
:20872000800C1D30BFFF64F9BCF70100C5F2C5F19E0709F447FF7008C10EFFEF800C1D302E
:20874000BFFF06FB850709F447FF70081F0041EA8407C9F255FF6408E1E9A1954006FF007E
:2087600006908407C99B55FF1208C10A0110D311A20F010001F0C5F2C5F19E0709F347FF4F
:20878000800301F0C5F2C5F19E0709F347FF60981F0001F0C5F2300630320100D0F1029D59
:2087A00001F0C5F2D0F102F5008D738F090001F0C5F2300630320100D0F1029D01F0C5F278
:2087C000D0F102F5188D738F390001F0C5F2300630320100D0F1029D01F0C5F2D0F102F500
:2087E000308D738F690001F0C5F2300630320100D0F1029D01F0C5F2D0F102F5488D738F79
:20880000990001F0C5F2C5F19E07C9F347FF7098D39EFFEF809C01F0C5F2C5F19E0709F437
:2088200047FF7098D39EFFEF809C01F0C5F2C5F19E0749F447FF7098D39EFFEF809CA2F7CD
:208840000100C5F2C5F19E07099C47FFD33F0000A2F70100C5F2C5F19E07C99B47FFD33FA0
:208860000000A2F70100C5F2C5F19E07499C47FFD33F000001F0C5F2C5F19E07C9F347FF0A
:2088800070981F007F008007E17006D807C89900BBD70D008407C91355FF1A08C10A01E8E4
:2088A000C2E93BE71900BEFF44D061CAAA253C0F0500610AC215BDF70100C5F2C5F19E07AE
:2088C000090C47FFC13F0000BDF70100C5F2C5F19E07C90B47FFC13F0000B52DBDF70100C5
:2088E000C5F2C5F19E07490C47FFC13F000095253C0F0500610AC215BDF70100C5F2C5F15D
:208900009E07090C47FFC1BF0000BDF70100C5F2C5F19E07C90B47FFC1BF0000A50DBDF710
:208920000100C5F2C5F19E07490C47FFC1BF0000BDF70100C5F2C5F19E07C9F347FF7008C8
:208940001F00BEFFAECF4006FF70060801F0C5F2C5F19E0709F347FF80037F000608810025
:2089600084070D0900FF7F0006F007100898000AE099FA2561906292F20D6492A205F515FE
:20898000048D0190C292C291728F0100410A7890F209F1F5D545048D0190C192C291728FF5
:2089A0000000410A7890F209F1F5A53D048D0190C291528F0000410A7890F20981FD8535C5
:2089C00061906292A2156492A205D51D0188C28A0290D191D389318F0100728F0100410A39
:2089E0007890F209C1F5C51D0188C18A0290D191D389F18F0100728F0000410A7890F209E8
:208A0000C1F5E50D0188D389918F01000190C291528F0000410A7890F209D1F500007F0050
:208A2000068807981108E100E10E0A003206843CE0FD0110D2111308F40F46028407899340
:208A400055FF0180D2811108C30A107E14000190CF9132F7050070580BF0FCF742028407C2
:208A6000497B55FFCFF16C70900F0D00610A9A15F2F70300326F05005FF2C1F2CDF170F0C8
:208A80008407496B55FFFCF74002CDF16C78A5050E780F08C545925701000162E167C000C6
:208AA0004A61C23D825701000162E167C0004A61FA0D02F60200C1F1809B82670100015211
:208AC000E157C0008A000A6142670000B52502F60600C1F16068EDF634002A06043DE0FD49
:208AE000CAF11150EA5740024CF2CAF142F2C1F1809B13F0FE00FEF634002A06043DE0FD66
:208B0000CAF11150EA5740024CF2CAF146F2C1F1806B02F60600C1F1809B410AEE09C3BD5B
:208B20001360EC00EC66340011F0EAF740022A06043DE0FDCA614C62CCF1F2670300806408
:208B40007F000678078808680F10E200E2160A003306843CE0FD0208D30981170100E011D0
:208B6000CA05007280077C010172A1170100020601FFC20DA1F701008407899B55FFF4F726
:208B80004402D3F16C1061129A2581F70100C5F1BE0715131CFF01F60200C2F16098719F32
:208BA0000100319F0100419F0100319701008407898355FFF49746021298D0990F80C38294
:208BC000136614001090CC91E51DA117010071170100311701008407899355FFF417460230
:208BE0000298D2990F10C312138614000290D09132F7050070F08407496355FFFCF740028E
:208C0000CCF16C1031870000F08634002C06043DE0FDCC810F60EA6740024C820CF0D0F18F
:208C2000F28703007060AC8132670500C182CC81F08701006D87010070805F82808470805B
:208C4000E081BA050182E52593870D0061829A252D8701008407496355FFFC874202CC814A
:208C6000F26703007058AB61325F0500C162CB61EC6701008407495B55FFFC67400290874C
:208C80000D00CB618C670D00EC81B2050182A50500826182EA25015E0200C2598B5F01006F
:208CA00001660600C2618C670100EB61CA0D0162E267C0002C58816701008B004B61416755
:208CC0000000B50D1E5E0200C2598B5F010001660200C2614C5F00002066FF0041670100E9
:208CE0000E507F00068807801108E100E10E0A003306843CE0FD0110D3111008F40F460261
:208D00008407899B55FF0170D3711108C30A0E9E14000190D3911008E100E10E34002F06AF
:208D2000043DE0FDCF091178EA7F40024C0A0F98C1998E0F0D00610AAA25F2F70300F36F80
:208D40000100ADF1326F0500C1F2CDF170F08407496B55FFFCF74002CDF16C78F2F70300A7
:208D6000326705005FF2C1F2CCF170F08407496355FFFCF74002CCF16C68C50D32F70500E3
:208D800070F08407496B55FFFCF74002CDF16C780F680D08D56D925F01000162E167C000DE
:208DA0004B61D26502660600C1618C67010002F60200C1F16058EC59CA0D0162E167C00061
:208DC0002C58826701008B004B6142670000F54D02F60200C1F16060F061BA0D02F6020085
:208DE000C1F113660200C1618C6701008063F53D02F60600C1F16060F061BA0D02F6060095
:208E0000C1F113660600C1618C6701008063F52D13F60600C1F160F0FEF634002B06043D5B
:208E2000E0FDCBF11158EA5F40024CF2CBF142F2C1F113660200C1618C670100806313F648
:208E40000200C1F160F0FEF634002B06043DE0FDCBF11158EA5F40024CF2CBF146F2C1F103
:208E600013660600C1618C6701008063410AEF09B395A2670100F061DA052066FF00426787
:208E800001007F008407E1F36337050000D2230F05008407891355FFF40F460201E0C2E101
:208EA000230F0400E10E34002206043DE0FD01D8C2D95B0704005B07070001B23C0F0100D1
:208EC000C10A7B0F090001EAF51D1D08C30A1C16140001C0C2C100CAA5153817050019F0DA
:208EE000C1F2C2F17008630F010023F70100030AC2F2C4F19E070F0D54FF41CAF80F030067
:208F0000E1C9C1ED41EA64EA91E501EA800714011D08C30A1C16140001C0C2C1F80F0300FD
:208F2000E009E27DBEFFBAC93B0F0100630A92651D30233F0500BFFFEAFA8407891550FF2C
:208F4000010AFD0FC0004209BA5501D28407890D50FF0112FD17C000020984078F0D50FF35
:208F60001D30233E040023460000BFFFD8FB010A5B0F0700230F01008407491355FFFC0F50
:208F8000420201B8C2B9B7F70D00230F0500FEF61400C4F19E079D0F52FFB7F70D00230F1B
:208FA0000100FEF61400C4F1BE07AD0F52FFB7170D00010AE20FC0000110D0128407490DB6
:208FC00050FF020984074F0D50FFB7F70D00FEF61400010AC4F19E078D0F52FF23F70100D1
:208FE000010AC2F2C4F19E070F0D54FFA50500D2BEFFF4C861B2EA0DBB0F0700610AAA0DF7
:209000003C0F0900E009E20500B23C0F0900E1C760F961D2DA052337010080FF3E0441EACC
:2090200064EAF107EFFE4406FFF38607E1F706E81DCE010000DA00D21DF0FE00FEF61400C3
:20904000C4F1BE0795E752FF1DF0FE00FEF61400C4F1BE07A7B752FF19301C3880FF60040D
:209060000AA8BEFF7CC81930233E080023460400BFFFD2FA0AB861BA9A45230F0500840716
:20908000491355FFFC0F420201C0C2C1230F09008407891355FFF40F460201D8C2D923F7FE
:2090A0000800FEF63400C4F1BE07B5D353FF23F70800FEF63400010AC4F19E07BD0B53FF63
:2090C000B8F70D00230F0900FEF61400C4F19E079D0F52FFB8F70D00230F0500FEF614003F
:2090E000C4F1BE07AD0F52FF23F70500010AC2F2C4F19E070F0D54FF8525010AF90FC000C5
:2091000021108407890D50FF420984078F0D50FF010AFD0FC000D00A21108407490D50FFDB
:20912000420984074F0D50FF1DF0FE00FEF61400C4F19E078D0752FFBEFFACC71CF0FE0022
:20914000FEF63400C4F19E07490B53FFE009DA050232003ABEFF24C21608FC0F4202840716
:20916000493355FF8407893B55FFC1311C08F40F460215401B4863D70100C13980FF860227
:2091800061BADA052337050080FFD0024606FFF78407E1FF06E807B8970000D200AA1D0893
:2091A000F40F46028407891355FF01C8C2C961BADA051930013A80FF0002BEFF24C71DF0E1
:2091C000FE00FEF63400C4F19E07490B53FF610AEA079B0101E2800756011DF0FE00FEF6B1
:2091E0003400C4F19E07C91353FF010AFC0FC0004209E20739011C08C30A1916140001B08A
:20920000C2B11D08E100E10E34002206043DE0FDC2091C10EA1740024C0A02A0C1A1F40FD5
:209220000100F6170300E111E36DF6F70300F41701005FF2A2F136170500C1F2C2F170C013
:2092400018F0C2F2C4F19E07090D54FF610AFA3D61BAFA2D18F0FCF742028407491355FF31
:20926000C2F16DD88407C91355FF1BF0C1F2C2F16058635F050023F705008407091455FF30
:20928000C3F2C2F100F51B300A0DE1C760F918F0C2F2C4F1020A9E070F0D54FF1DF0FE0072
:2092A000FEF63400010AC4F19E07AD0B53FFA50D1DF0FE00FEF63400010AC4F19E079D0B25
:2092C00053FF010AFC0FC00001D1853518F0C2F2C4F19E07090D54FF630A8A2D1C301D3896
:2092E000BFFF04FA1DF0FE00FEF63400010AFC0FC00021103306043DE0FDD3F1040D420901
:20930000050DC5151C301D38BFFFDCF91DF0FE00FEF63400010AFC0FC00021103306043D79
:20932000E0FDD3F1040D4209050D41E264E2F107ADFEE0D1BA1D1DF0FE00FEF63400030A4A
:20934000C4F19E074F0B53FF01AADD0E1F000112E117C20821101DF085F23306AC3BE0FDCB
:20936000C2F2D3F1000D4209010DBEFF7AC561BADA051930003A80FF4000E0D1B21561BA44
:209380009A1500DAC50D1B0E01000112E117C2085A09C2051B30BFFF94FC41DA63DAC1F5A2
:2093A000950D19381540630701000032004A80FF54004406FFFF8007E10006E807E09C008A
:2093C0008407490F52FFE009BA1DBEFF20C561E2BA0D8407090E50FF3D1701000209840711
:2093E0000F0E50FFB50D3D0F010021108407090E50FF420984070F0E50FFBEFFF6C44006D1
:20940000FF008007E17006E807D808D09A0009E083CF1900E0E9920D3D0F0900E009D20565
:209420003D0F0900E1C760F961D29A0D3B0F0500E009D2053B0F0500E1C760F9E0C9BA0D2D
:20944000E0E1920D3C0F0900E009D2053C0F0900E1C760F94006FF708007E11006D81B0815
:20946000FC0F42028407491355FF01E8C2E9BDF70D008407C91355FFC1F2C2F160E0840721
:20948000490F52FF610ADA0D8407091455FF1CF0C3F2C2F100F51D30003A080DE1C760F9CF
:2094A0008407091455FF1CF0C3F2C2F100F51D380132040DE1C760F94006FF108007E17080
:2094C00006D007E800DABEFF18C41D08E100E10E34001AF0EAF740022206043DE0FDC209ED
:2094E0004C0AC1F170C8E0C9F21D1DF0FE00FEF63400C4F1BE07850B53FF610AD2151DF086
:20950000FE00FEF63400C4F1BE07950B53FF610AB20D1DF0FE00FEF63400C4F1BE07A50B32
:2095200053FF610AEA5D1DF0FE00FEF63400010AFA0FC00021103306043DE0FDD3F1040DC3
:209540004209050DE0C992151A301D38BFFF98F71DF0FE00FEF634003306043DE0FDD3F124
:20956000660865100209860B1DF0FE00FEF63400C4F19E07C90B53FFE009BA3501DADD0E1B
:209580001F000112E117C20821101DF085F23306AC3BE0FDC2F2D3F1000D4209010D1DF03A
:2095A000FE00FEF63400C4F1BE07850B53FF610ABA0502E2E50D1DF0FE00FEF63400C4F141
:2095C000BE07A50B53FF610ABA0503E2A50500E21DF0FE00FEF63400C4F19E074FE353FF18
:2095E000BEFF04C31B504006FF708007E1F306C81908F40F46028407891355FF01D8C2D943
:2096000019F0FE00FEF63400010AC4F19E074F0B53FF19F0FE00FEF63400C4F19E078D03F1
:2096200053FF3B0F0900E009D2053B0F0900E1C760F900D21BC6140000EAD5653817050032
:209640001DF0C1F2C2F170B81708FC0F42028407491355FF01E0C2E117F0C2F2C4F1010AC7
:209660009E070F0D54FFBCF70D00FEF61400010AC4F19E078D0F52FFBCF70D00FEF61400F4
:20968000C4F19E079DCF52FFBCF70D00FEF61400C4F1BE07ADBF52FFBCF70D008407C9138D
:2096A00055FFC1F2C2F160B08407091455FF16F0C3F2C2F100F51C30060DE1C760F90AD047
:2096C00061D2821DF80F03005F0AE1E9B215381705001DF60100C1F2C2F170F0840749139F
:2096E00055FFFCF74002BC0F0D00C2F16D10E111920DBCF70D00FEF61400C4F19E078D0792
:2097000052FF41EAE0D1DA05F80F0300E1E9F195E0D1EA0D0232003ABEFF60BC19F0FE00ED
:20972000FEF63400C4F19E074F0353FFA50D19F0FE00FEF63400020AC4F19E074F0B53FF10
:209740003B0F0500E009D2053B0F0500E1C760F91A504006FFF38007E13006D8BBD70D00F3
:209760008407C91355FF1A08C10A01E0C2E19CEF01008407490F52FF610ADA0D8407091403
:2097800055FF1DF0C3F2C2F100F51B30013A080DE1C760F98407091455FF1DF0C3F2C2F1FE
:2097A00000F5BC3701000E0DE1C760F94006FF30231EFCFF63FF0100E1476011E6476099D1
:2097C000231EFCFF63F70100E1374000E03F4000F1474000F04F4000E6574000E75F400041
:2097E000E64760598507C9F347FF7008880AE9050332013ABEFF84BB850D840709F455FF23
:2098000002F56030BFFF84E8E6676059EB3F2000EA372000E9872000E88F2000E007600197
:20982000E7072000E60F200023F70100231E0400E6676099E167601123FF0100231E04003E
:20984000E0074801231EFCFF63FF0100E1476011E6476099231EFCFF63F70100E13740008B
:20986000E03F4000F1474000F04F4000E6574000E75F4000E64760598507C9F547FF7008A1
:20988000880AE9050332013ABEFFF0BA850D840709F455FF02F56130BFFFF0E7E6676059E0
:2098A000EB3F2000EA372000E9872000E88F2000E0076001E7072000E60F200023F7010070
:2098C000231E0400E6676099E167601123FF0100231E0400E0074801231EFCFF63FF01000D
:2098E000E1476011E6476099231EFCFF63F70100E1374000E03F4000F1474000F04F400064
:20990000E6574000E75F4000E64760598507C9F747FF7008880AE9050332013ABEFF5CBA91
:20992000850D840709F455FF02F56230BFFF5CE7E6676059EB3F2000EA372000E98720000E
:20994000E88F2000E0076001E7072000E60F200023F70100231E0400E6676099E1676011A6
:2099600023FF0100231E0400E0074801231EFCFF63FF0100E1476011E6476099231EFCFFB5
:2099800063F70100E1374000E03F4000F1474000F04F4000E6574000E75F4000E6476059D5
:2099A000850709F447FF7008880AE9050332013ABEFFC8B9850D840709F455FF02F560303D
:2099C000BFFF86E8E6676059EB3F2000EA372000E9872000E88F2000E0076001E70720004D
:2099E000E60F200023F70100231E0400E6676099E167601123FF0100231E0400E00748015B
:209A0000231EFCFF63FF0100E1476011E6476099231EFCFF63F70100E1374000E03F40009A
:209A2000F1474000F04F4000E6574000E75F4000E6476059850709F647FF7008880AE9057D
:209A40000332013ABEFF34B9850D840709F455FF02F56130BFFFF2E7E6676059EB3F20000F
:209A6000EA372000E9872000E88F2000E0076001E7072000E60F200023F70100231E0400B3
:209A8000E6676099E167601123FF0100231E0400E0074801231EFCFF63FF0100E1476011F7
:209AA000E6476099231EFCFF63F70100E1374000E03F4000F1474000F04F4000E6574000BE
:209AC000E75F4000E6476059850709F048FF7008880AE9050332013ABEFFA0B8850D8407B4
:209AE00009F455FF02F56230BFFF5EE7E6676059EB3F2000EA372000E9872000E88F2000D1
:209B0000E0076001E7072000E60F200023F70100231E0400E6676099E167601123FF010058
:209B2000231E0400E00748018007610006E83D17010021062881D90EE1118A0D84074FEC7F
:209B400055FF80FF6C0180FFE20040067F008007E10006E000EAE0E1CA0D8407C90D54FF1B
:209B6000E009F2050132013ABEFF10B801EA951D8407C90D54FFE1E1C20D8407C90D54FF7C
:209B8000E009F2050532013ABEFFF0B701EA950D0132003ABEFFE4B70532003ABEFFDCB7FC
:209BA000E0E9CA051C3080FF32011D504006FF008007610006E8DD00BEFF76BD8407C90D59
:209BC00054FF610AFA0D840749F455FF200EE803FD0F22020415E20FFE0284074F0E50FF1A
:209BE000B5158407C90D54FF620AEA0D840749F455FF200EE803FD0F22020415E20FFE0215
:209C000084074F0E50FFBEFF40BD40067F0006F0200E3B00800C200E6600810C010A840BE8
:209C2000050A850B86037F00800761003D060C10BFFF840749F455FF080DE009A21D840714
:209C400049F455FF6E08810E88005D0F00001DF60400200E1027800C1DF60800200E204EBB
:209C6000800C840749F455FF020D84074F0E50FF840749F455FF080D8407CF0D54FF800784
:209C8000090F81F88016F3EFDD11420980070F0F81F88007090F81F81F00840749F455FF11
:209CA000080DE009B20580FF840140067F00210601A5A5A580074F0B09A78007C90B04A778
:209CC000810E10008007CF0B04A7210600A5A5A580074F0B09A77F008007E10006E03D0622
:209CE0000C10BFFFBEFF4ABC8407C90D54FFE009FA45E0E1D24561E28A25840749F455FF05
:209D00006C08810E88005D0F00001DF60400200E1027800C1DF60800200E204E800C840776
:209D200049F455FF210640420F000415E20FFE0284074F0E50FFF51D840749F455FF6D08F6
:209D4000810E88005D0F00001DF60400200E1027800C1DF60800200E204E800C840749F46D
:209D600055FF210640420F000415E20FFE0284074F0E50FF8407CFE554FF80FFB000BEFF18
:209D8000C8BB4006FF00231EFCFF63FF0100E1476011E6476099231EFCFF63F70100E137EE
:209DA0004000E03F4000F1474000F04F4000E6574000E75F4000E6476059A007C70A80F834
:209DC000C10E8000D00AE2050432013ABEFFACB5F50D8407490E50FFE009A30D8407490E36
:209DE00050FF5F0A84074F0E50FF80FF4000E6676059EB3F2000EA372000E9872000E88F1D
:209E00002000E0076001E7072000E60F200023F70100231E0400E6676099E167601123FF36
:209E20000100231E0400E007480121060010BFFF840749F455FF0A1561129A0D01F6040067
:209E40006410209EAC0093118013D5052016AC00411700007F0006F0200E3B00800C200E41
:209E60005000810C010A840B050A850B86037F008207E1F106D000E284070FD654FF3A0FA5
:209E80000D0084074F0E54FF3A0F110084078F0E54FF3A0F15008407CF0E54FF00EAD50DC0
:209EA0001DF0C2F2C4F19E078F034CFF1D3080FF38070AE041EA9D009A0F0500E1E9B905B7
:209EC000E0E1F2ED00EA8535FDF61400020AC4F19E078F0E50FFFDF61400C4F19E07CF06AF
:209EE00050FFFDF61400C4F19E070D0750FFFDF61400C4F19E074F0750FFFDF61400C4F18D
:209F00009E078F0750FF1DF0F8F740028407491654FFC2F16008610ADA051D3080FFEE0914
:209F20000AE041EA9D00BA0F0500E1E9B905E0E1C2CD00DA850D3E066C39E0FDDBF1800348
:209F400041DADB0064DA81FD00EAA5353AC70900FD0E1800C1C100CAB515FDF614003817F2
:209F600011001930C232C5F19E0709F45D03C611220F01001EF6500FC6F1010D41CA980FE8
:209F80000100E1C9B1ED200E1027630F01001D30003A2346000080FF3A150AB8E0B9E205A0
:209FA0000132013ABEFFD4B301E241EA9D009A0F0500E1E9B905E0E1A2CDE0E1CA0501321B
:209FC00080FF1A064206FFF18207E11000E200DA003280FF080600EAD515200E1027630F0A
:209FE00001001D30013A2346000080FFE6140AD8E0D9E2050132013ABEFF80B301E241EA08
:20A000009D00840709F654FF6408E1E9B905E0E1D2E500EAF52D1DF0F8F740028407491626
:20A0200054FFC2F16008610ADA051D3080FF6C0A0AE0FDF61400C4F19E078F0650FFFDF604
:20A040001400C4F19E07CF0650FFFDF61400C4F19E070D0750FFFDF61400C4F19E074F07F3
:20A0600050FFFDF61400C4F19E078F0750FF41EA9D00840709F654FF6508E1E9B905E0E1F0
:20A08000B2CD00EAD50D1DF0C2F2C4F19E078F034CFF1D3080FF06070AE041EA9D00840767
:20A0A00009F654FF6408E1E9B905E0E1D2ED4206FF108007E11006E89D0007D8DB001D3079
:20A0C0001B3880FF640B0AE08407899E54FF1DF0C3F21C10F4174202D3F1029D0208D309CA
:20A0E0001DF0F8F740028407499654FFD2F161101DF0F8F740028407498E54FFD1F1629882
:20A10000FDF61400C4F19E074FE750FFE2F61400C5F19E0709945D0313F0C4F2D2F12197E1
:20A1200005000195E2F61400C5F19E0789945D0313F0C5F2D2F1219709000195E2F6140000
:20A14000C5F19E0789945D0313F0C5F2D2F121970D000395009212504006FF108007E1009C
:20A1600006E09C00FC0E18008407491654FF01E8C2E9BD0F0300E009A23DBEFFC4B3FCF6AD
:20A180001400C4F19E07890F50FFE009DA25BDF70100FEF61400C5F19E07C90C5D03C13F35
:20A1A0000000BDF7010022068839E0FDC2F2C2F1000D410A010D3D0F1500C13F00003D0FAA
:20A1C0000D00C13F00003D0F1100C13F00003DF7110070081F00FCF614002206B83BE0FD3B
:20A1E000C2F1080D410A090DBEFF6EB34006FF008007E10006E09C00FC0E1800840749161D
:20A2000054FF01E8C2E9BD0F0300E009F245BEFF30B3FCF61400C4F19E07890F50FFE00998
:20A22000B23DFCF614002206B83BE0FDC2F1080D5F0A090DFCF61400C4F19E07890F50FFA3
:20A24000E009AA2DBDF7010022068839E0FDC2F2C2F1000D5F0A010DBDF70100C2F2C4F1BA
:20A260009E07890B4CFFE009BA0DBDF70100FEF61400C5F19E07C90C5D03C1BF00003D0F91
:20A280001500C1BF00003D0F0D00C1BF00003D0F1100C1BF0000BEFFC0B24006FF00800778
:20A2A0002100003280FFCA0940063F0080072100003280FFBC0940063F00800721000032F7
:20A2C00080FFB80940063F0080072100003280FFAA0940063F00A407050800FF7F00A40747
:20A2E000050800FF7F0080076100A407050800FFE009B22D00EAB525FDF61400C4F19E0747
:20A30000C90E50FF620A811DF205640A910DC20D650AE20D95151D3080FF9A0EE50D1D3080
:20A3200080FF920EA50D1D3080FFC210E5051D3080FFBA10A505000041EA9D00840709F632
:20A3400054FF6508E1E991DD40067F008007E13006E89D0007E0FDF61400C4F19E0789DE6E
:20A3600050FF00D2FCD9EA1561E2EA051D30013ABFFF1467954D62E2EA051D30023ABFFF99
:20A380000667A54563E28A451D30033ABFFFF866B53D61E2C20562E2E205A5351D3080FFDF
:20A3A000140EA53561DA8A2DBEFFCEB1FDF61400C4F19E07890E50FF610A8A15FDF614001B
:20A3C000C4F19E07C90E50FFE0098A0DFDF61400010AC4F19E07CF0E50FFBEFFB4B1FDF6D0
:20A3E0001400C4F1BE07050F50FFE0098A0D1D3080FFFA0FC5051D3080FF8C0DD5051D30C1
:20A4000080FF560D00001A504006FF300680900007F0008AF01618008407499E54FF0208F7
:20A42000D309A1170100819F0300E2961400C591920709945D031378C47ACF9132970900F1
:20A440008592C90502920195A515E2961400C591920709945D031378C47ACF9132970900C0
:20A460008492C90501920195A505010511507F000610820007F0000AE29E1400C49993071B
:20A48000899E50FF019D01507F009007E1FFC6006337060007E83A06FFFFFF1FE35F070067
:20A4A0008407C91654FFFC5F40020BE0C2E1BCAF050000B2BEFFC2B0FCF70900C4F1BE07ED
:20A4C000C5094CFF610A920DFCF70900010AC4F19E07CD094CFF01B2BEFFB6B061B2AA7DC7
:20A4E0001C382336080080FF0A110AC89DC70B003DA70100E0C9FA65DDFF0700E20D3D0FC1
:20A50000050023F70D001A1601005A090209401600800209010DA50D3D0F050023F70D0057
:20A520001A1601005A090209010D18D81BB8DDF70700922DF50E14008407891654FFC409B0
:20A540008107490F50FF15F0C3F2C2F10215F40F4202C209810F1100610AEA0523F7090018
:20A56000060A010DD50523F70900040A010D3E06701C0100D8F160D83E06601C0100DBF145
:20A5800060B8C50523F70900010523F70900FD170900000DD0120209010D23F711001B081A
:20A5A000DC0A010D9C0F130014301840233F15001748630F010080FF7E1123F71900830F31
:20A5C0001D00800BFCF70900C4F19E07CD014CFFA50502CA19505006FFFF06088100840717
:20A5E0000D0800FF7F008207E11006E89D00840709F654FF04E5FD0E1800C1E1200E1027D3
:20A60000630F0100FDF61400C5F19E0709345D03083A0042234E000006368C0080FF580F25
:20A620000AD8E0D9820D0132013ABEFF4EAD019A80076401200E1027630F01001D30013AE3
:20A640002346000080FF8C0E0AD8E0D9820D0132013ABEFF26AD019A80073C01FDF61400EA
:20A66000C5F19E07090C5D0361071513FDF614003C0F0500C5F19E0709F45D03570DFDF614
:20A6800014003C0F0900C5F19E0709F45D03430D000AB515FDF614003C9F0D000130C23262
:20A6A000C5F19E0709F45D03C699331701001EF69C00C6F10115410ABC170100E209B1ED13
:20A6C000000A008AC54DFDF61400C5F19E0709F45D03919E00014D9D0012953D3C8715003F
:20A6E0000198C49A1390D091FDF61400C5F19E0749F45D030298C49AD3F1329F0100019D34
:20A70000FDF61400C5F19E0749F45D030298C49AD3F1329F0500039DFDF614000298C49A09
:20A72000C5F19E0749F45D03D3F1329F0900059DFDF614000298C49AC5F19E0749F45D03EA
:20A74000D3F1329F0D00079D4112410A0206F0FFD105FC9F0300F309A1C5418AFC9F0300DF
:20A76000F309A1B5FDF61400C5F19E0709F45D034D05FDF61400C5F19E07C99C5D03D3BFBD
:20A780000000FDF61400C5F19E07C9F45D0370981F00009A13504206FF108207E1F106E07E
:20A7A0009C0000C2840709F654FF04D5FC0E1800C1D1FCF61400C5F19E07C90C5D03C13F3B
:20A7C0000000FCF61400C5F19E07C9F45D0370081F0000EA00CAE53DFCF61400C5F19E072D
:20A7E00009F45D03990E00014D0D00DAB52DFCF61400C5F19E0749F45D031B08C40AC1F19D
:20A800000105FCF61400C5F19E0749F45D031B08C40AC1F10305FCF61400C5F19E0749F4EB
:20A820005D031B08C40AC1F10505FCF61400C5F19E0749F45D031B08C40AC1F1070541DA43
:20A8400041EA1B06F0FFD105FA0F0300E1E981D541CAFA0F0300E1E981C5FCF61400C5F1D8
:20A860009E0709F45D034D0500EAE50DFCF61400C5F19E07090C5D031DF0C2F2010E9C0066
:20A88000C1F1010541EABA0F0100E1E981F5FCF61400C5F19E0709F45D035705FCF61400AB
:20A8A000C5F19E0709F45D03430500EAE50DFCF61400C5F19E07090C5D031DF0C2F2010E16
:20A8C000500FC1F1010541EA9A0F0100E1E981F5FCF61400C5F19E07090C5D0361071513E6
:20A8E000200E1027630F01001C30053A2346000080FFE00B0AB8E0B9E2050132013ABEFFB5
:20A900007AAA01C218504206FFF18207E1F006D09A00FA0E18008407491654FF01E0C2E105
:20A920008407891654FF1A08C30A01C8C2C9BCEF01009CDF0300200E1027630F01001D3008
:20A940001B380142234E000080FFC40B0AC0E0C1820D0132013ABEFF22AA011280073601E0
:20A96000399F0500FDF61400C5F19E07090C5D031BF0C4F2C1F1330F0500010DFDF6140054
:20A98000C5F19E07890C5D031BF0C5F2C1F1330F0D00030DFDF61400C5F19E07890C5D033D
:20A9A0001BF0C5F2C1F1330F0900010D000AD53D0110FC1740028407C98654FF02F0D0F168
:20A9C0006510FA118A3506156312C20564129215952DFD1614007880C511820709145D0307
:20A9E000C2820216C000D0110A8562870100B51D7810029082927810C28E0300FD161400DF
:20AA00001180E0874C02C511820709145D0302160010D0111280C282D0110A8562870100DB
:20AA2000A5050000410AC1008407091654FFE2170700E209E1BDFD161400C5118207091437
:20AA40005D031B80C28202160012D0113C87090062870100FD161400C511820709145D03F3
:20AA60001B80C482D0113C870500628705003C171500C2BF00003C170D00C2BF00003C1741
:20AA80001100C2BF00003C171100E21701001F00001202504206FFF08207E1FF06B0960057
:20AAA00000D2F60E18008407491654FF01C8C2C9B9EF010099DF0300200E1027630F01001B
:20AAC0001D301B380142234E000080FF420A0AB8E0B9820D0132013ABEFFA0A801D28007A0
:20AAE0001801390F1500C13F0000390F0D00C13F0000390F1100C13F000039F71100700879
:20AB00001F00FDF61400C5F19E07090C5D031BF0C4F2C1F1050A030DFDF61400C5F19E074B
:20AB2000090C5D031BF0C2F2010E0012C1F1010500E2E53D1C08FC0F40028407C91654FFD6
:20AB400001C0C2C1B80F0500F6098A35380F0D00630AC205640A8215852DFDF61400C5F12B
:20AB60009E07090C5D03F8F71100010EC000C2F2C1F10105B51DF80F110001A882AAF80FBA
:20AB80001100C1A60300FDF614001410E0174C02C5F19E07090C5D0315F0C2F2010E001022
:20ABA000C209C1F10105A505000041E2DC00840709F654FF7308E1E1E1BDFDF61400C5F1F4
:20ABC0009E07090C5D031BF0C4F2C1F10105FDF61400C5F19E07890C5D031BF0C5F2C1F117
:20ABE0000305FDF61400C5F19E07890C5D031BF0C5F2C1F10105E0D1CA15200E1027630F15
:20AC000001001D301B380542234E000080FF00090AB8E0B9E2050132013ABEFF5EA701D20E
:20AC20001A504206FFFF069893000780D0008407891654FF13F0C3F2C2F102958407891633
:20AC400054FF13F0C3F2C2F171881F12000AA50D01F0F4F74202D2F17078F079AA0501105C
:20AC6000410AF109B9057F12C2F502507F000608A407051000FF7F008007610006E8A407EB
:20AC8000050800FFE009820D1D402606F1FFFF00003A80FFAE0140067F008807E1FF860096
:20ACA00043370300A3F703008407491654FFF8F74002C2F161D8A3F703008407491654FF46
:20ACC000F8F74002C2F162D0FBF61400C5F19E07890C5D031A10C312010E006C02A8C1A97B
:20ACE000FBF61400C5F19E07090C5D031AF0C2F2010E2012C1F1200E0B3F010D00E28007DF
:20AD00001A01FBF61400C5F19E07090C5D031AF0C2F2010E2012C1F1200E073F010D35A734
:20AD20000100355F0500635F0900E3370900C600BFFFB45BFBF61400C5F19E07090C5D0323
:20AD40001AF0C2F2010E4012C1F1200EFF00010D1408830AC1C67F00D45E0700635F0D0030
:20AD6000235F0D00645AFA5500EA00B285551D08810A01B8C5BAFBF614001D10E0174C0262
:20AD8000C5F19E07090C5D031AF0C2F2010E0010C209C1F1000DC10E001F01C888CA190E4C
:20ADA000010061CAF90F265B635F05001D08810AE105235F0500D759F859AB151D08810A09
:20ADC000D925231705001808B709205E20008B11E209C11D1808B7090106E0FFF115FBF696
:20ADE00014001D10E0174C02C5F19E07090C5D031AF0C2F2010E0010C209010E2000C1F174
:20AE0000000D1B124209010D01B241EA64EAB905E0B1E2AD41E29C001C06E0FF8115FBF64E
:20AE20001400C5F19E07090C5D031AF0C2F2010E2012C1F1000D810AF907CBFE4806FFFFD0
:20AE40008007E1F106C007D008B800EA95451D08FC0F40028407C91654FF01E0C2E1BC0FFA
:20AE600005008407491654FFE10E180001D8C2D93C0F0100E009AA2DBB170300DA0E02004A
:20AE8000C2160200E209CA05DBE70300D20DE0D1DA059C0F1900610AF20562D2FA159C0FD6
:20AEA0001900E009BA15BBCF01003C0F0D00630ACA0D400E1000F90FC0005809D2051C30F0
:20AEC000193880FF1C00A505000041EADD00840709F654FF7308E1E9B1BD4006FFF1A60761
:20AEE000E1FF06E007D09A00FAF61400C5F19E07090C5D03FCF71100010EE000C2F2C1F1EE
:20AF0000210607FF0100010D3C0F1500880AC1DE07009B0061DA04EAD21D62DA08EAA21DBD
:20AF200063DACA0520EE1000D51564DACA0520EE2000851565DACA0520EE3000B50D66DADA
:20AF4000CA0520EE4000E50567DA200E8000E00F34EB00CA80074401FAF61400C5F19E07F8
:20AF6000090C5D03FCF71100010EE000C2F2C1F1000D830A991DFAF61400C5F19E07090C3F
:20AF80005D03FCF71100010EE000C2F2C1F121060BFF0100010D20365000003A204613005F
:20AFA000014ABEFF44A4FAF61400C5F19E07890C5D03FCF71100010E004CC7F2C1F104A5DA
:20AFC000FAF61400C5F19E07890C5D03FCF71100010E004CC7F2C1F1005D635F0900FAF63B
:20AFE0001400C5F19E07890C5D03FCF71100010E004CC7F2C1F102C5FAF61400FC17110034
:20B00000C5F19E07890C5D03C712010E004CC20901AE0C0018F09CF2C5F1BE0705C61BFF30
:20B020003CF7150084F2DEF60700C5F1BE0785B51BFFF8B1A30518B0160E0300820A630F6A
:20B04000050000BAB50D1708C20A23F60C00C1F1D509210F0100010D41BA235F0500EBB96A
:20B06000B1F5FAF61400C5F19E07090C5D03FCF71100010E0001C2F2C1F1200EFF00010DA1
:20B08000234F09001C301840233E0C0063A7010080FF300041CA9900FAF61400C5F19E0767
:20B0A000090C5D03FCF71100010EE000C2F2C1F1000D810AC105FDC9F107A1FE6606FFFF9D
:20B0C0008A07E1F006E807D808D009E023C731001808830AE905400E0040630F0D00B50503
:20B0E00063070D001C08C10AE90D2106FFFFFF1F5C09401600800111230F0D000209630FA8
:20B100000D00A50D230F0D002206FFFFFF1F5C110209630F0D00FD3709001A4088001B4874
:20B12000233F0D00BEFF10840AC8E0C9B215FD0F0900630F1000BD0F0500430F120063DFFF
:20B14000010063D7080023360C00233E0000BFFF1C584A06FFF08007610006E89D00FDF60F
:20B160001400030AC4F19E078F0E50FFFDF61400C4F19E07CF0650FF1D30033ABFFF08593A
:20B1800040067F008007610006E89D00FDF61400020AC4F19E078F0E50FFFDF61400C4F162
:20B1A0009E07CF0650FF1D30023ABFFFDA5840067F008207E1F006D89B0000EA200E102766
:20B1C000630F0100FBF61400C4F19E07C9E650FFFB0E18008407491654FF01C0C2C1B8D76E
:20B1E000010098CF0300E0E1BA25FBF61400C4F1BE07050F50FF610ABA1DFAF61400C5F166
:20B200009E07090C5D0319F0C4F2C1F10705FBF61400C4F19E070D0750FF02E21A30193856
:20B220000142234E000080FFE6020AE8851562E2EA0DFAF61400C5F19E07090C5D0319F04F
:20B24000C4F2C1F1040D810AA10501EAE0E9BA15E0E1B20562E2FA0D1A301B3880FF9C0046
:20B2600003E21A3019380042234E000080FFA0020AE8B515E0E99A1563E2FA0DFAF61400F6
:20B28000C5F19E07090C5D0319F0C4F2C1F1040DC1060700A20501EAE0E9FA251A301B3877
:20B2A00080FFDA00FAF61400C5F19E07090C5D0319F0C2F2010E0012C1F1380F0900810EF2
:20B2C0000100010DFBF61400010AC4F19E078F0E50FFFBF61400C4F19E07CF0650FF1B303B
:20B2E000013ABFFFA257F505FBF61400C4F19E07CFE650FF4206FFF0061082000790920007
:20B30000000AC5350198FC9F40028407C98E54FF13F0D1F16598F299FA25009DE099CA250D
:20B32000069D639A8A25E29E14007888C5999307099C5D03C28A139EC000D1990A8D738F6D
:20B340000100E29E14007888C5999307099C5D03C28A139EC000D3890A9D939E0100719F59
:20B360000100A5050000410AC1008407099E54FFF39F0700F309F1C57F0006889100078021
:20B380009000000AB52D0110FC1740028407C97E54FF02F0CFF16510F011EA1D06156412E6
:20B3A000BA1D78100298829A7810C2960300F11614001278E07F4C02C511820709145D0367
:20B3C00002160010CF111378C27AC2790A15821601006F170100410AC1008407091654FF1B
:20B3E000E2170700E20981D57F008207E17006D89B0000EA200E1027630F0100FBF6140073
:20B40000C4F19E07C9E650FF1BF0F8F740028407491654FFC2F161D01BF0F8F740028407B0
:20B42000491654FFC2F162C861E2BA0D04E21A3019380242234E000080FFD4000AE885155E
:20B4400064E2EA0DFAF61400C5F19E07090C5D0319F0C4F2C1F1040D820AA10501EAE0E973
:20B46000DA0D65E2B20D05E21A3019380142234E000080FF9A000AE88515E0E9EA0DFAF654
:20B480001400C5F19E07090C5D0319F0C4F2C1F1040D810AA10501EAE0E9BA15FBF614008D
:20B4A000020AC4F19E078F0E50FFFBF61400C4F19E07CF0650FF1B30023ABFFFCA55F50559
:20B4C000FBF61400C4F19E07CFE650FF4206FF708007E13006E89D0007E008D0FDF6140069
:20B4E000C5F19E0709F45D0345E5FDF61400C5F19E0709345D031C401A48073A06368C00A4
:20B5000080FF74000AD81B504006FF308007E1F006E89D0008D809C007E09C00FDF6140060
:20B5200033063C3D0300D3F1020DFDF614001C10C412C111D3F1020D1CF0C4F2C1F1020D52
:20B54000189A53091B09620F0500FDF61400C5F19E07090C5D031C10C412C20901CE0800C8
:20B5600019301B401848073A80FF0C000AD01A504006FFF08407E1F006D007C808C009D8D8
:20B5800000EA00E20032233E0000BFFF6A19A5250032233E0400BFFF5E19230F0500231704
:20B5A0000100E111830D230F050023170100A209C1E9F505230F050023170100A209C1E980
:20B5C000230F0500630F01003B0F0100FD09AB0501E23A0F01005909F809B205E0E192DD49
:20B5E0003B0F0100BD097B0F01001C504406FFF006F007800092F07F1100B00F050084072C
:20B60000499E54FFF80F4002D309A1170100300F0D00640AEA071D010F98829ACF8E030026
:20B62000E20E14001170E0774C02C5098107090C5D03010E0010CE091370C272010E200039
:20B64000CE09210F0100820AB9050292A5751108610AD115D205630A810DC20D85151370C2
:20B66000C6720E0E1F00E50D1370C6720E0E2000950D1370C6720E0E3F00C5051308C60A01
:20B680000000E27614001168E06F4C02C5718E0709745D030E760010CD711368C26A0E7683
:20B6A0004000CD7109752076FF009473E2761400C5718E0709745D030E76D007C1714E07FC
:20B6C0000000E2761400C5718E0789745D030168C76A806600ECCC71CD7148720175E27667
:20B6E0001400C5718E0789745D030168C76A806600ECCC71CD710375E2761400C5718E0778
:20B7000089745D030168C76A806600ECCC71CD7144720575E2761400C5718E0789745D0321
:20B720000168C76A806600ECCC71CD714C72077512507F000690078008780958838F0100F6
:20B740000F708272CF6E03000B6082620012000AF51D02F0D2F1604802560100D2518A57FF
:20B76000010002F60200D2F1EA4FB0F80950604802F60300D2F1D04A09516048D84A09988C
:20B780000A99441201F0C2F2D0F1019D410AEE0991E5616AD105D205626AE215D52DF5457D
:20B7A00002F0D2F160481150C85209511148D04A09511148D84A09980A9901F0C2F2D0F165
:20B7C000019D410AC53502F0D2F1604802560100D2518A570100EA4FB0F809501148D04A1E
:20B7E00009511148D84A09980A9901F0C2F2D0F1019D410AC51D02F0D2F160480256010049
:20B80000D2518A57010002F60200D2F1EA4FB0F809506048D04A09511148D84A09980A9951
:20B8200001F0C2F2D0F1019D410A00001150C85211511148D04A09511148D84A09980A9950
:20B84000E50501F0C2F2D0F1019D410AEC09A1FD7F008007E11006E89D0000DA00E2952524
:20B86000FDF6140033063C3D0300D3F1020D1CF0C2F2010EC000C1F10015FDF61400D3F118
:20B88000020D1CF0C2F2010EE000C1F1000D8112C2160100830AC10E0100420901D941E21A
:20B8A00068E2F1DDE0D9E20DFDF61400C5F19E07C9F45D037008C10E8010C100010600F0BA
:20B8C000E2050232013ABEFFB29AF51D40361000FD37C000023A0042BFFF68F5FDF61400DD
:20B8E00033063C3D0300D3F1020DFDF61400D3F102F5461561178D00FDF61400C5F19E073C
:20B9000009F45D03460D1F004006FF10800721000032BFFF40FF40063F008007E11006D851
:20B920009B00840709F654FF0CF5DBF160E0FC0E18008407491654FF01E8C2E9BDF70100DA
:20B94000FEF61400C5F19E07090C5D039DF70300010E0013C1F16008E009A20D3DF711005F
:20B960007008C10E8010C100010600F0E2050232013ABEFF069A95251C30BFFF20F3BDF7FA
:20B9800001001E108200FEF6140033063C3D0300D3F1020D8200E2F61400D3F102F54615E2
:20B9A00061178D00BDF70100FEF61400C5F19E0709F45D03460D1F004006FF10800721009E
:20B9C0000232BFFF58FF40063F00800721000732BFFF4AFF40063F008007E1F006C0980076
:20B9E000840709F654FF0CF5D8F160E8FD0E18008407491654FF01D0C2D1BAE701009ADF79
:20BA00000300FCF6140033063C3D0300D3F1020D1BF0C4F2C1F1020DFCF61400D3F1021532
:20BA2000880A1BF0C4F2C2F10615810082004209A20D3AF715007008C10E8010C100010603
:20BA400000F0E2050232013ABEFF3099D55DFCF61400C5F19E07090C5D031BF0C4F2C1F19F
:20BA6000060D840A9935BEFF109BFDF61400C4F19E07890E50FF610AFA1DFDF61400C4F16A
:20BA80009E07C90E50FFE009FA15FDF61400010AC4F19E070D0F50FFFDF61400020AC4F144
:20BAA0009E078F0E50FFFDF61400C4F19E07CF0650FF01CAA50500CABEFFD69A61CACA050A
:20BAC0001D30BFFF564FFCF61400C5F19E07090C5D031BF0C4F2C1F10705FCF61400330622
:20BAE0003C3D0300D3F1020DFCF61400D3F102F5461561178D00FCF61400C5F19E0709F478
:20BB00005D03460D1F004006FFF0800721000232BFFFC8FE40063F00800721000732BFFF9A
:20BB2000BAFE40063F008007E13006D03A0F050084074F0F54FF3A0F0D008407CF0F54FFBE
:20BB40003A0F090084078F0F54FF00EA01DA1D3080FF6C050AD8FD0E1C008407C91754FF4E
:20BB600001E0C2E15C0718000A0A7C0F15005C0719005C070C00010A5C0F0D005C071A0027
:20BB800041EA9D0062EAB905E0D9A2E5E0D9CA05013280FF00064006FF308007E13006E060
:20BBA0009C0000EAA407250800FFE009BA0501EAC50561E2A30501EAE0E99A45FC0E06003D
:20BBC0008407491754FF01D8C2D9FC0E1C008407C91754FF01D0C2D1BEFFCA9B9A0F190087
:20BBE000010601FFAA2D5A071800BEFFD29B9B1701000132E237C000BEFF82989B1701007B
:20BC00000132E237C000BEFF7C98BEFFD49B1C30003A0A4280FFF80D0AE8E0E9FA051C30BF
:20BC2000013A0A4280FFE80D0AE81C30003A80FF2A0FBEFFC69BB505BEFF849B1D50400672
:20BC4000FF3006F0200E3B00800C200E5200810C010A840B050A850B86037F008007E1F71D
:20BC600006C8990007D000EAA407250800FFE009BA0501EA852D61CAB30501EAF51519F09F
:20BC8000FCF740028407C91754FFC2F10AAD1908FC0F40028407C91754FFC20981B71B00FD
:20BCA0006AAAB20561B2AA0501EAE0D1BA0501EAA50D3AE711003A0F0900E009CA05E0E102
:20BCC000AA0501EAE0E9AA2DF90E1C008407C91754FF01B8C2B93AE711009ADF0D0017C680
:20BCE0000400BEFFFC9A1930003A80FF6E0EBEFF0A9B3A0F0900E009BA0D9C0F0100580FF8
:20BD0000000041C241E25FDA9B00E0D9FAF519301A38044280FF2A020AE81D504006FFF75A
:20BD20008007E1F006C8990001D2F90E1C008407C91754FF01E0C2E19C0F1B00610ABA051C
:20BD400000D2B52DBEFF9A9A1930003A80FF0C0EBEFFA89A1CDE0400BEFF4A9A08C25B0758
:20BD6000000001EA850D41DA200EFF005B0F000041EA9D00FDC18BFD010A5C0F1800010AED
:20BD80005C0F1A00BEFF389A19302706941E0100064280FFAC010AD01A504006FFF08007F2
:20BDA000E13006D89B0001EAFB0E1C008407C91754FF01E0C2E13C0F15006A0AFA059C0F29
:20BDC0001B00E009BA0500EA952DBEFFD8990A0A7C0F15005C071A005C0718005C0719009E
:20BDE000BEFFDC99FB0E06008407491754FF01D0C2D1BA0F0300610A8A0D1B30003A0942C2
:20BE000080FFFE0D0AE8A50DBEFFD6991B30003A80FF480DBEFFE49900EA1D504006FF3069
:20BE20008007E11006D89B0001EABEFFB4991B30003A80FF260DBEFFC299BEFF6899FB0E06
:20BE40001C008407C91754FF01E0C2E15C071800010A5C0F1900BEFF66991B30013A0742EF
:20BE600080FF9E0D0AE861EABA055C0719001D504006FF108007E11006D89B0001EABEFFC5
:20BE800060991B30003A0B4280FF840B0AE8E0E9FA051B30013A0B4280FF740B0AE8BEFF8F
:20BEA0005A99E0E9CA15BEFFFC98FB0E1C008407C91754FF01E0C2E1090A7C0F15005C0719
:20BEC0001800010A5C0F1900BEFFF4981D504006FF108007E1F006D89B0007D00AEAA40769
:20BEE000250800FFE009BA0500EA850D61DAA30500EA1AC0E0C1AA0500EAE0E9E21DFB0E40
:20BF00001C008407C91754FF01E0C2E1BEFF96983CEF15009CCF1B0061CAFA050A0A7C0F49
:20BF200015005C071A000AEA65EADA051C0E04007A0F0100BEFF88981D504006FFF080078F
:20BF4000E1F706D09A0007C808B8970001DAFA0E1C008407C91754FF01E8C2E9990F010079
:20BF60005D0F0C00390F05007D0F1100990F0D005D0F0D00390F09007D0F0100FA0E060045
:20BF80008407491754FF01B0C2B1960F03008407891754FFE10E140001A8C2A935E70100E5
:20BFA0003DC70100BD0F1900610ABA055D071900BEFF2E981A301740003A80FF520A0AD8D5
:20BFC000E0D9FA051A301740013A80FF420A0AD8BEFF2898E0D9BA459D0F0D005C0F1400B3
:20BFE0005C0713003D0F1100610ACA05DCAF1300B505DC2F1300BC0F130099170D00020918
:20C000005C0F1300E0C1FA051A3080FF5800DC271300B505DCA71300BEFFC6971A30013ADC
:20C0200080FF380BBEFFD4971808610AD1058215620AA20D95159D0F1900610AC205020A56
:20C040007D0F1500A50D020A7D0F1500E505060A7D0F1500A5050000DC070F001B504006F8
:20C06000FFF706889100F10E1C008407C91754FF0198C299B37F0D0013160400F10E06006D
:20C080008407499754FF01F0D2F162088407899754FFE10E14000180D28130970100000A1D
:20C0A000B50D826F010012761700C1714E6F00004112410A8100E179DBF57F008007E1F01E
:20C0C00006C0980001DAF80E06008407491754FF01C8C2C9990F03008407891754FFE10E71
:20C0E000140001D0C2D13AEF01001830003A004280FF1C090AD8BA0F050001E0C1E29C0066
:20C100009A0F0700C40A810001E19C00E0D9BA3DBA0F0700E009EA05DC0EFE005D0F0000F6
:20C12000D5059C0E01005D0F00009A0F05005D0F01005D070200200E10005D0F0700BD0F10
:20C140000700B917010002095D0F0700990F05005D0F0800B90F05005D0F0900BD0F070053
:20C16000C10E3C005D0F0700070A5D0F0B000F0A5D0F0C00DDB713001830023A004280FF3C
:20C180008E080AD81830003A80FFD0091B504006FFF00608810084072D0800FF7F00231E9F
:20C1A000FCFF63FF0100E1476011E6476099231EFCFF63F70100E1374000E03F4000F147DC
:20C1C0004000F04F4000E6574000E75F4000E6476059003280FF8E02E6676059EB3F200026
:20C1E000EA372000E9872000E88F2000E0076001E7072000E60F200023F70100231E04000C
:20C20000E6676099E167601123FF0100231E0400E0074801231EFCFF63FF0100E14760114F
:20C22000E6476099231EFCFF63F70100E1374000E03F4000F1474000F04F4000E657400016
:20C24000E75F4000E6476059003280FF7002E6676059EB3F2000EA372000E9872000E88FB7
:20C260002000E0076001E7072000E60F200023F70100231E0400E6676099E167601123FFB2
:20C280000100231E0400E0074801231EFCFF63FF0100E1476011E6476099231EFCFF63F734
:20C2A0000100E1374000E03F4000F1474000F04F4000E6574000E75F4000E64760590032B4
:20C2C00080FF6602E6676059EB3F2000EA372000E9872000E88F2000E0076001E707200069
:20C2E000E60F200023F70100231E0400E6676099E167601123FF0100231E0400E007480132
:20C30000231EFCFF63FF0100E1476011E6476099231EFCFF63F70100E1374000E03F400071
:20C32000F1474000F04F4000E6574000E75F4000E6476059013280FF2C01E6676059EB3F0E
:20C340002000EA372000E9872000E88F2000E0076001E7072000E60F200023F70100231E8E
:20C360000400E6676099E167601123FF0100231E0400E0074801231EFCFF63FF0100E1475B
:20C380006011E6476099231EFCFF63F70100E1374000E03F4000F1474000F04F4000E65784
:20C3A0004000E75F4000E6476059013280FF0E01E6676059EB3F2000EA372000E9872000EF
:20C3C000E88F2000E0076001E7072000E60F200023F70100231E0400E6676099E1676011FC
:20C3E00023FF0100231E0400E0074801231EFCFF63FF0100E1476011E6476099231EFCFF0B
:20C4000063F70100E1374000E03F4000F1474000F04F4000E6574000E75F4000E64760592A
:20C42000013280FF0401E6676059EB3F2000EA372000E9872000E88F2000E0076001E70757
:20C440002000E60F200023F70100231E0400E6676099E167601123FF0100231E0400E007F9
:20C4600048018007610006E89D001DF0F4F740028407891754FFC2F104F57008C10E8000D5
:20C48000C100010680FFEA050332013ABEFFEC8EB5151D08FC0F40028407C91754FFC209FA
:20C4A000A10F1900610ADA051D3080FFF004C5051D3080FF1C0140067F008007610006E85B
:20C4C0009D001DF0F4F740028407891754FFC2F106F57008C10E8000C100010680FFEA055C
:20C4E0000332013ABEFF948ED51D1DF0FCF740028407C91754FFC2F10A0D6A0AC20D1D08C9
:20C50000FC0F40028407C91754FFC209810F1B00610ADA051D3080FF4A00C5051D3080FFA4
:20C52000B00040067F008007610006E89D001DF0F4F740028407891754FFC2F108F5700833
:20C54000C10E8000C100010680FFEA050332013ABEFF288EC5051D3080FFD60140067F0041
:20C560008007E17006D89B00FB0E06008407491754FF01E8C2E9FB0E1C008407C91754FFA6
:20C5800001C8C2C9BD0F0300610A8A259D0F03008407891754FFE10E140001D0C2D13AE7A9
:20C5A0000100BC0F1100C10E02008100620AFA05200EFF00590F1800DC8F11009D17010003
:20C5C0000132E237C000BEFFB88E4006FF708007E1F706D09A00FA0E06008407491754FF7C
:20C5E00001C0C2C1FA0E1C008407C91754FF01E0C2E1980F03008407891754FFE10E140066
:20C6000001A8C2A935EF0100BCB70D009C0F1900610AAA255C071800BD0F1100C10E01003B
:20C62000D80AF205BD0F1100C10E7E005D0F1100B80F0300610AFA051A30003A064280FFFB
:20C64000C005C575BEFF9A911A30003A80FF0C05BEFFA891B56D3CBF01001708610AE1352B
:20C66000C205620AB245955D3C0F1500660AEA0DBD0F1100C10E80008100010680FFEA05B5
:20C68000DDBF1100080A7C0F15003C0F1500680ACA1DBD0F1100C10E02008100620ADA15F8
:20C6A000DD8F11001CCE040000DAA50D1DF61700DBF16008590F000041CA41DA9B00FBB150
:20C6C000EBF5050A7C0F1500952DBD0F1100C10E0100D80AA20DBD0F1100C10E7E005D0F35
:20C6E0001100010A7C0F1500951DBD0F1100C10E80008100010680FFEA05DDBF1100010AF2
:20C700007C0F1500BD0F1100C10E02008100620ABA05DD8F1100A5050000BEFFC4901A309D
:20C72000003A80FF3604BEFFD2904006FFF78007E1F006D89B00FB0E06008407491754FF8D
:20C7400001D0C2D1FB0E1C008407C91754FF01E0C2E19A0F03008407891754FFE10E1400E1
:20C7600001C0C2C138EF01003CCF0100BD0F1100C10E08008100680AEA071F029C0F1900C4
:20C78000610ADA2D3C0F15006A0AE2059C0F1B00610AEA0705025C071800BD0F1100C10E1C
:20C7A00080008100010680FFBA05DDBF11005D071200BA0F0300610A8A0D1B30003A064275
:20C7C00080FF3E048007D201BEFF16901B30003A80FF8803BEFF24908007BE01BC0F1900B1
:20C7E000610ACA255C0719009D0F1300C10E0100D80AE205030A7C0F1500DD8712009D0F3C
:20C800001300C10E02008100620AEA05030A7C0F1500DD8F1200BEFFC88F1B30003A80FF15
:20C820003A03BEFFD68F8007700162CADA3DBD0F1100C10E80008100010680FF9A0DDDBFE8
:20C840001100010A7C0F15005D071200C5259D0F1300C10E0100D80AE205030A7C0F1500B7
:20C86000DD8712009D0F1300C10E02008100620AEA05030A7C0F1500DD8F12009D0F1300EC
:20C88000C10E04008100640AEA05030A7C0F1500DD971200BEFF4A8F1B30003A80FFBC025C
:20C8A000BEFF588F957D9D0F1300C10E200081000106E0FFEA05070A7C0F1500DDAF12006F
:20C8C0009D0F1300C10E04008100640ACA25BD0F1100C10E80008100010680FFFA15E0C9FD
:20C8E000DA05040A7C0F1500C515BD0F1100C10E400081000106C0FFDA05070A7C0F15000E
:20C90000850D080A7C0F1500C505030A7C0F1500DD9712009D0F1300C10E0100D80AA215AE
:20C92000BD0F1100C10E80008100010680FFDA05040A7C0F1500C505030A7C0F1500DD875C
:20C9400012009D0F1300C10E02008100620AEA05030A7C0F1500DD8F12009D0F1300C10EA0
:20C9600008008100680AEA05070A7C0F1500DD9F1200BD0F1100C10E80008100010680FF5B
:20C98000BA05DDBF1100BEFF588E1B30003A80FFCA01BEFF668E4006FFF08007E17006E015
:20C9A0009C00FC0E06008407491754FF01D0C2D1FC0E1C008407C91754FF01D8C2D99A0F28
:20C9C00003008407891754FFE10E140001C8C2C939EF0100BD0F1100C10E0100D80AB20D08
:20C9E000BD0F1100C10E7E005D0F1100090A7B0F1500B5055B071900BEFFE68D1C30003AF3
:20CA000080FF5801BEFFF48D4006FF708007E1F706C0980007B008A8950001D2F80E0600B3
:20CA20008407491754FF01B8C2B9970F03008407891754FFE10E140001D8C2D93BE70100C3
:20CA400020EE32003BF70900DEFF0000B20500CAE5051830003A80FF020101CA1608610ABB
:20CA6000D105B21D620AB235C54D5C070D00E0E99A0D9C0F1100C10E0100D80ADA0D01EA8C
:20CA8000B50DA5055FEA9C0F1100C10E0100D80AB205E0E98BFDE535030A5C0F0D00E0E903
:20CAA000AA0D9C0F1100C10E03008100630AEA0D01EAC50DA5055FEA9C0F1100C10E03000E
:20CAC0008100630AB205E0E9FBF5C51D010A5C0F0D00E0E9AA0D9C0F1100C10E0300810004
:20CAE000610AEA0D01EAC50DA5055FEA9C0F1100C10E03008100610AB205E0E9FBF5A50590
:20CB0000000000D2DC9712003BF709003B0F0900E10F0100C10EFFEF800C3BF70D003B0F6D
:20CB20000D00E10F0100C10EFFEF800C3BF711003B0F1100E10F0100C10EFFEF800C3BF7A4
:20CB4000110070081F0061CADA051830013A80FF0A001A504006FFF7061082000798E296C2
:20CB600006008407498F54FF1208D109819703008407898F54FFF296140012F0D1F1619A99
:20CB8000B105F21DB53D0495048D918F0100918E8000528F00000695068D918F0100918EA5
:20CBA0008000528F00000895088D918F0100918E8000528F00000895929701001F00F51D49
:20CBC0000495048D918F0100D18E7F00528F00000695068D918F0100D18E7F00528F00003D
:20CBE0000895088D918F0100D18E7F00528F00000895929701001F00A50500007F0080078D
:20CC0000E1F106D89B0007B808D09A0001EAFB0E06008407491754FF01C8C2C9990F030061
:20CC20008407891754FFE10E140001C0C2C138E70100BEFFAC8B1B301A40003ABFFFD0FDB1
:20CC40000AE8E0E9EA15200E40005C0F0A0061BAB105D205F505DCA71300D505DC2713000F
:20CC6000A50500001B301A40023ABFFFA2FD0AE8BEFF888BE0E9BA0DBEFF668B1B30013A46
:20CC8000BFFFD8FEDC070F00BEFF708B1D504006FFF18007E10006E000EA3C170100210600
:20CCA0002841D90EE1118A0D84070FE055FF80FF7A0D0AE800004006FF008007E10006E042
:20CCC0009C0000EA1C3080FFB40D1D504006FF008007E10006E09C001C3080FF800E0AE85B
:20CCE00061EAEA050132013ABEFF9086D5050132003ABEFF86861D504006FF008007E1008F
:20CD000000EA00E280FFA40E0AE061E2BA0501EAC50580FF720E0AE81D504006FF0080074B
:20CD2000610000EA80FF840E0AE81D5040067F008007610020EE920080FFA00E0AE81D505F
:20CD400040067F008007610000EA80FF8C0F0AE81D5040067F008007210080FFEC0F400696
:20CD60003F0006F0200E3B00800C200E6500810C010A840B050A850B860300007F008007A1
:20CD80006100BEFF9E8A840749E800FF010A84074F0800FFBEFF928A1D5040067F00800714
:20CDA000610006E89D001D3080FFD20F000040067F008007E10006E09C0080FFF4101C305C
:20CDC00080FF7E110AE81D504006FF008007E10006E000EA1C3080FF16121D504006FF00C4
:20CDE0008007610000EA80FFC8121D5040067F008007E1F13C06040098FF00EA840749F0F2
:20CE000055FF60D0840749F055FF02CD8036FC80DC31023A2046004080FF0E030AE8E0E93B
:20CE2000EA151A08810AB91580360080DC31033A2046004080FFF2020AE861EA8A0DBEFF4E
:20CE4000FA8980FFF0030AE8BEFFF689E0E9BA35E0C98A152606040098FF033A2046004005
:20CE600080FFC6020AE861EAEA2580FF4C040AE8A5251CF6040100DDDBDE0100E0D9CA055E
:20CE800080FF62010AE8E0E9CA0580FF72040AE8E0E99A1580FF5E052606040098FF033AE1
:20CEA0002046004080FF82020AC0E0C1CA0580FFC2030AE8E0E9AA151A08810AF10D803670
:20CEC0000080DC31033A2046004080FF5C020AB8E0B9CA0580FF18030AE81D504006FFF1AC
:20CEE0008007E1303D06000198FF3A0600A5A5A500DA8407490855FF1DF608000015210F26
:20CF00000500E111C26DBEFF32891DF600061A0E0100010D1DF62000020A010D1DF60006BD
:20CF200001D5BEFF1C8920E60040B5055FE21F001DF62800000D820AB105E0E18BFD1DF673
:20CF40002800000D820AA10501DAE0D98A4DBEFFEA881DF600061A0E0100010D840749F0BC
:20CF600055FF020D7D0F01001DF6000601D5BEFFD08820E60040B5055FE21F00E0E1DBFDC4
:20CF80008407490855FF1DF608000015210F0500E111B20501DAB525BEFFA0881DF60006A0
:20CFA0001A0E0100010D1DF62000010A010D1DF6000601D5BEFF8A8820E60040B5055FE2EF
:20CFC0001F001DF62800000D820AB105E0E18BFD1DF62800000D820AA10501DA1B50400659
:20CFE000FF308007E1F03D06000198FF00DA840749F055FF02C51DF6080000D5DAD6010075
:20D000001DF6280000CDD9CE0100BEFF2E881DF60006210601A5A5A5010DE0D1BA2D61CAEC
:20D020009A2D1DF62000020A010D20E60040B5055FE21F001DF62800000D820AB105E0E131
:20D040008BFD1DF62800000D820AA10501DAE0D9AA157DC7010020E60040B5055FE21F00D6
:20D06000E0E1DBFD1DF60800000DF809C20501DAA50501DA1DF60006210600A5A5A5010D8A
:20D08000BEFFBE871B504006FFF08007E11006E800E23DF70D00000D610A822520DE004008
:20D0A000C5055FDADB001F00E0D9E3053DF70D00000D810AF9F53DF70D00000D810AB1057C
:20D0C00001E2C50D3DF7090001053D370D00013A2046004080FF52000AE0E0E1FA0D3DF73F
:20D0E00001003D0F1100010D3D370500204600403D3F110080FF32000AE0E0E1AA153D0FB1
:20D100001500E009E20D3DF709003D0F1500010D3D370D00033A2046004080FF0C000AE09D
:20D120001C504006FF1006F007980890D20000121208C5055F0AC1001F00008DF389B20530
:20D14000E0099BFD008DF389A205011202507F002106200198FF009A01F6E005220601A597
:20D16000A5A5011502126117010020160040B5055F121F0001F6080000958292B105E011B3
:20D180008BFD01F6080000958292A105019A01F6E005320600A5A5A5019513507F0021067C
:20D1A000200198FF009A01F6E005220601A5A5A5011501126117010020160040B5055F12E6
:20D1C0001F0001F6080000958292B105E0118BFD01F6080000958292A105019A01F6E00594
:20D1E000320600A5A5A5019513507F008007E1003D06000798FF00E2BEFF4086210601A515
:20D20000A5A57D0F01001DF60079020A010D210600A5A5A57D0F0100BEFF26861D360479B5
:20D22000003A20460040BFFF00FF0AE01C504006FF008007E1003D06000798FF00E2210664
:20D2400001A5A5A57D0F01001DF60079010A010D210600A5A5A57D0F01001D360479033AFC
:20D2600020460040BFFFC2FE0AE01C504006FF008007E10040EE98FF00E2BEFFBE851DF6CD
:20D280000007210601A5A5A5010D020A7D0F01001DF60007210600A5A5A5010DBEFFA285A7
:20D2A0001D360400003A20460040BFFF7CFE0AE01C504006FF008007E10040EE98FF00E255
:20D2C000BEFF78851DF60007210601A5A5A5010D010A7D0F01001DF60007210600A5A5A58D
:20D2E000010DBEFF5C851D360400033A20460040BFFF36FE0AE01C504006FF008007E11043
:20D3000000DA00EA840749F055FF0AE5BEFF2C85210601A5A5A52B06000798FF6B0F010073
:20D32000B5551D08FC0F4002DC09C1D71800820DFD361C00DC31BFFF54FD0AD8B5451D08E1
:20D34000FC0F4002DC09C1CF1800A21D1D08FC0F40021CF0C1F104F5DC09210F1500010DD3
:20D360001DF0FCF74002DCF106351DF0FCF7400220460040DCF10A3DBFFFAEFD0AD8E0D963
:20D380009A251D08FC0F4002DC09C1C71800A21D1D08FC0F40021CF0C1F100F5DC09210FDE
:20D3A0001100010D1DF0FCF74002DCF102351DF0FCF7400220460040DCF1083DBFFF6AFDE9
:20D3C0000AD841EA9D00E0D98A0D8407490855FF810F1900E1E9E1A5210600A5A5A52B06E3
:20D3E000000798FF6B0F0100BEFF56841B504006FF10800761003D060C0098FFBEFF3C8472
:20D400001DF6F406210601A5A5A5010D840749F055FF040D7D0F01008407490855FF210FC4
:20D420000D0080F60080DDF1010D8407490855FF210F110080F6F880DDF1010D1DF6F406C5
:20D44000210600A5A5A5010DBEFFF683000040067F008607E1FF06C0980000CA840709F094
:20D4600055FF04E5E0C1DA053606A81E0100A50D61C2DA053606CC1E0100C5053606F01EFD
:20D480000100E0C1CA0580FF8C030AC8E0C9EA076102210601A5A5A580074F0B09A7E0C1F5
:20D4A000EA059C0F010080070F0800A735060480D3FF00EAC50D1DF0C2F21C16CC00C2F1CD
:20D4C000000D750F010044AA41EA9D0069EAC1F56307010000DAE54561DAFA052B06043CE1
:20D4E0009AFF635F0500F5052B06043B9AFF635F0500000000A200EAF525FBF60B001D083B
:20D50000C20AD609210F0100235F01001C161C00DDF1C2F2C2F10015210842090159635F84
:20D520000100FBF60B001C161C001D08C20AD609210F0100DDF1C2F2C2F1001521084209E1
:20D5400001A141EA9D0069EA91DDE0A1920D236705002C0F01001B1242096C0F010041DAA6
:20D560009B0062DAA1BD235F0100E059E20D8007090F01F82016FFFC420980070F0F01F819
:20D580008007090F01F81F003A064080D3FF00DAF50DFB0E0B001A3018381C461C00C20A2E
:20D5A000C14180FF08041AD63C0041DA9B0062DA91F518381C46F80026062082D3FF80FF71
:20D5C000EC0318381C46240126065C82D3FF80FFDC033A069882D3FF00BAF50DF70E0B0053
:20D5E0001A3018381C465001C20AC14180FFBE031AD63C0041BA970062BA91F5BC0F0100A4
:20D60000610ADA2DE0C19A258007C90F09A7990AF1053C0F05008007CF0F09A7A50501CAB6
:20D620008007490F09A7C1061100EA05010A80074F0F09A7A50D8007490F09A7C10E1100D3
:20D640000106EFFFA20501CAE0C99A0D18381C46000226060085D3FF80FF5203E0C1AA4578
:20D66000E0C99A1D200EFF00B5055F0A81008007C9110EA79912B905E0098BFD8007C91128
:20D680000EA79912F1053C1709008007CF110EA7A50501CAE0C9EA253A062087D3FF00EAEC
:20D6A000D51D200EFF00B5055F0A8100351701009912B905E0099BFD3A1701009912B10DB5
:20D6C0001DF0C2F21C9E0C00D3F100157A17010044D2A50501CA41EA9D0062EAB90561CAD0
:20D6E0009AE5220600A5A5A580074F1309A719504606FFFF840709F055FF04750092208EB7
:20D70000920030064890D3FF2F067884D3FF0012957D02F0C2F20E56F800CAF1005D3057CF
:20D7200001000B684A69E069926DE011DA052106141F010085356112DA05210614200100E7
:20D74000A52D6212DA05210614210100C5256312DA05210614220100E51D6412DA0521062D
:20D7600014230100851D6512DA05210614240100A5156612DA05210614250100C50D67125C
:20D78000DA05210614260100E5056812CA05210614270100009AF52D13F0C3F2C1F1005537
:20D7A000015AF35FC0004D59EA59BA2513F0C3F2C1F1025D0B066DFFC21D13F0C3F2C1F1A5
:20D7C000028D8007496309A72B0601A5A5A580074F5B09A7015AF35FC0006F5F01002B0668
:20D7E00000A5A5A50C5980074F5B09A741929200419A93001306E0FF89D54482447A4112F4
:20D8000082006912F1856192B305208E900011507F0040860001009A210601A5A5A58007CD
:20D820004F0B09A72016FF00B5055F1282008007C9090EA7990AB905E0118BFD8007C909BB
:20D840000EA7990AD1058007CF010EA7A505019AE099DA1D3E062087D3FF000AC515201602
:20D86000FF00B5055F12820000959992B905E011ABFD00959992B1050105A505019A44F2EE
:20D88000410A8100620AB905E099A2EDE0998A1D039280070F940EA73E065C82D3FF000AF8
:20D8A000D50DE009EA0532060008F0FF0195B5051F92019544F2410A8100690AB1F5E09954
:20D8C000EA153E069882D3FF000AF50D1E780092E5051F8A018D44F2419292006992A1FD90
:20D8E0000FF63C00410A8100620A91F5E099CA5D3E064080D3FF000AB50D008D2E06FFFF28
:20D90000EFFF4E89018D1EF63C00410A8100620AD1F58007098A04A72E06FFFFEFFF4E89AA
:20D9200080070F8A04A7018A80074F8820A73E060C90D3FF000AE505018A018D48F2410A28
:20D940008100620AA1FD018A80074F8840A73E060CA0D3FF000AE505018A018D48F2410A18
:20D960008100620AA1FD310600A5A5A580074F8B09A7000A950D8007898C20A78007896C5A
:20D9800040A7410A8100650AF1F58007898C20A711708172C9050D708172A105019A0072B7
:20D9A00080070F740EA713507F00068007909200081010F0E091DA053306A81E0100A50DFD
:20D9C0006192DA053306CC1E0100C5053306F01E0100E091CA15000AF50D0188C28AD389B2
:20D9E000318F0100227F010031884F89018D44F24412410A8100690A91F5D515000A9515B6
:20DA00000188C28AD389318F0100227F010031885179008D0F89018D44F24412410A8100E4
:20DA2000690AF1ED00007F008007E1003C06000F98FF00EA210601A5A5A57C0F01001CF627
:20DA40001475010A010D210600A5A5A57C0F0100E0E99A1584074D024CFF84075D024CFFB0
:20DA60000032BFFFF0F90AE861EADA050432013ABEFF08791D504006FF008007E1F006D81A
:20DA80009B00840709F055FF06E51BF0C4F2DCF16908E009DA0DA407450A4CFFE009BA155C
:20DAA000BEFF987D80FF4006BEFF967DC50DA407550A4CFFE009FA05BEFF807D80FF880629
:20DAC000BEFF7E7D1BF0C4F2DCF100D51BF0C4F2DCF102CD1BF0C4F2DCF168E81BF0C4F22F
:20DAE000DCF106C51D08C80A01E91D08D00A01E9BEFF3C7DD5057AEF0100B8C9D8D1E0C937
:20DB0000BAFDBEFF307D1BF0C4F2DCF16908E009AA15A407450A4CFFE009DA1DBEFF1C7DC2
:20DB20000132BFFF30F9BEFF187D010A84074D0A4CFF9515A407550A4CFFE009CA0DBEFFC5
:20DB4000FA7C0232BFFF0EF9BEFFF67C010A84075D0A4CFF00004006FFF08007E10006E05C
:20DB60009C0000EA840709F055FFFC0E1C000215C20984074F0855FFBFFF78F20AE81D5082
:20DB80004006FF008007610000EABFFF56F30AE8E0E9CA05BFFF68F70AE8E0E9BA05BFFF88
:20DBA00054F81D5040067F000012400E98FF210F0500810AF90D000AA50D409E98FF339F27
:20DBC0000500829AA1050112410A8100640AE1F5A505011202507F008007E1103B06000C08
:20DBE00098FF20EE9200BEFF3A7CA407150900FFE009AA6DA407250900FFE009DA051BF602
:20DC0000007900E5C505840789E450FF200EFF8F41E11C08810AB90500EAC545DC0E040068
:20DC2000640ABA0501EAE53DDC0E0800680ABA0502EA853D1C08010600FCE10D0106F0FFCE
:20DC4000A21D0106C0FF921D010680FFA21D010600FF921DC525010600FCF215010600801B
:20DC6000821D405E0100EB09E215405E0200EB09C215D51503EAE515BFFF7CFA0AE8A5155F
:20DC800005EA851506EAE50DBFFF6CFA0AE8A50D08EA850D09EAE5050AEAC50520EE900094
:20DCA00000001BF60079000D84078F0C50FF800EDDE57B0F010084074FEC50FF010A8407D2
:20DCC0001D0900FFC505840749EC50FFBEFF5A7B1D504006FF108007610000EABEFF447BA4
:20DCE000A407250900FFE009FA25A407150900FFE009FA1540EE99FF3DEF018584070FEC86
:20DD000050FF84078FEC50FF800EDDE52B06000C98FF6B0F0100010A84072D0900FFF50DF3
:20DD2000840789EC50FF84070FEC50FF010A84072D0900FFC505840709EC50FFBEFFEA7A3A
:20DD40001D5040067F00800761003D06000F98FFBEFFE87A210601A5A5A57D0F01001DF6EA
:20DD60000C75010A010D210600A5A5A57D0F0100BEFFCE7A000040067F008007E1FF06A08F
:20DD800094003D06080198FF3A0600A5A5A500B200DA3DCF0100D9CE01001DF6180000C5AC
:20DDA000D8C60100840709F055FFF40E2C00101501A8C2A935BF01001708610AD175E205D9
:20DDC000630AF305650A8245F56DE0072001D56D62BA8A0DE0C9EA0561C2CA05BFFF74F39A
:20DDE0000AD8E0D9AA2D1DF6F8151A0E0100010D80F6FC8ADDF1010A010D1DF6F81501D581
:20DE000080E6FFFFB5055FE21F0080F6FC8ADDF1000D610ABA05E0E1FBF5E0E1AB0501B2AE
:20DE2000E0B1BA0D62BA8A0DE0C9EA0561C2CA05BFFF6EF30AD8000061DADA050132013AC4
:20DE4000BEFF3875A535E0C9EA0561C2CA05BFFF02F30AD861DAEA050132013ABEFF1C7579
:20DE6000A5251DF6F8151A0E0100010D1DF6F81501D51DF6F8151A0E0100010D80F6F88A3C
:20DE8000DDF1020A010D1DF6F81501D580E6FFFF5FE21F0080F6F88ADDF1000D620ABA05E2
:20DEA000E0E1FBF5A505000000004006FFFF94076100210608E098FF630F0100210618E08F
:20DEC00098FF630F0500210628E098FF630F0900210628E198FF630F0D00210638E198FFD6
:20DEE000630F1100210648E198FF630F1500210608E298FF630F1900210618E298FF630FD4
:20DF00001D00210628E398FF630F2100210638E398FF630F2500BEFF227900EAB50D1DF007
:20DF2000C2F223160000C2F100F51F0A010D41EA9D006AEAD1F5BEFF087954067F00940781
:20DF4000E13006D09A00210604E098FF630F0100210614E098FF630F0500210624E098FF40
:20DF6000630F0900210624E198FF630F0D00210634E198FF630F1100210644E198FF630F39
:20DF80001500210604E298FF630F1900210614E298FF630F1D00210624E398FF630F2100A2
:20DFA000210634E398FF630F250000DA840709F055FFFA0E2C00101501E0C2E1BEFF7C78B5
:20DFC00000EAE50D1D08C20A03F0C1F100F51C160400C209210F0100010D41EA9D006AEA7E
:20DFE000A1F5BEFF5C781B505406FF30031ED8FF0610210600E098FF630F0100210610E0D0
:20E0000098FF630F0500210620E098FF630F0900210620E198FF630F0D00210630E198FFAC
:20E02000630F1100210640E198FF630F1500210600E298FF630F1900210610E298FF630FAA
:20E040001D00210620E398FF630F2100210630E398FF630F2500400E99FF210FA1E1620FDE
:20E060000100220F0100E009EA0D000A950D01F0C2F202960400D2F10105410A81006A0A97
:20E08000F1F5B515000AF50D01F0C2F2029E0400DE99238E0000D1F100F5009573970100FC
:20E0A000410A81006A0A91F5031E28007F00800761003D06001798FFBEFF8077210601A578
:20E0C000A5A57D0F01001DF6007601051DF608760105210600A5A5A57D0F0100BEFF62770A
:20E0E00040067F008007610000EAB50D1DF0C2F2C5F19E0749361EFF80FF8A0041EA9D003E
:20E1000062EAD1F5210601A5A5A580070F0850F6200EFF0080070F09108A010A80074F09A2
:20E12000108A030A80078F09108A200E830080070F08108A210600A5A5A580070F0850F69C
:20E1400040067F00210601A5A5A580070F0850F6200EFF0080070D09408A010A80074D0983
:20E16000408A030A80078F09408A200E8B0080070F08408A210600A5A5A580070F0850F6C4
:20E180007F00060801F610002016FF00011501F614000112011501F618000312011522060A
:20E1A00001A5A5A580070F1050F601F020168B000115220600A5A5A580070F1050F67F0039
:20E1C0008007E13006D800EAE0D9AA0501EAE0E99A0D3B17010021062801D70EE111A205FB
:20E1E00001EA8407890900FF620AAA0501EAE0E98A6D84070FDF54FF80FF5C070AD084073F
:20E200008FD351FFE0D1DA5D200E00018407CF0B4CFF84071D0000FF8407ED0351FF840788
:20E220001D024CFF80FF041284072D024CFF84073D024CFF84072D0451FF00E2950DA4078A
:20E240000DE451FF003280FF001C41E29C0062E2F1F584070D024CFF84070F0151FF84076C
:20E260004F0151FF84078F0151FF8407CF0151FF84070F0251FF84074F0251FF84078F02B4
:20E2800051FF8407CF0251FF8407CD0351FF84070F0351FF8407DD0351FF84074F0351FF02
:20E2A00084074F0100FF840709F754FF100D8407CF0900FF003280FF121A013280FF481739
:20E2C00000004006FF308007E1F106E007D820BEFF0F013280FF4E130AE8E0E9DA5500D2F0
:20E2E0002106FFFF03001AC0C1C1FCD1EB05FCC1C105DC06FF0FB20501EA95455CE620FF8D
:20E300001B08DC0901CEFFFFE0D9E20D2106FFFF1FFF990940160400E209EB051B08DC095E
:20E32000C106FF0FA20501EAE0E99A2D84070FE251FF84074FCA51FF1C3080FF8E19840729
:20E34000ED0351FF84072D024CFF84073D024CFF8407DD0351FF010A84074F0B51FF020A5C
:20E3600084074F0900FF1C301B3880FF6C140AE861EADA050132013A80FF560E61EACA0596
:20E38000013280FF82161D504006FFF18007E1F306E007C008D803B2023280FF88120AE8B4
:20E3A000E0E99A5D00D22106FFFF03001AB8C1B9FCD1EB05FCB9C105DC060300B20501EA98
:20E3C000D5455CE620FF1B08DC0901CEFFFFE0D9E20D1B08DC09C10603009A0D2106FFFFA7
:20E3E0001FFF990940160400E209A30501EAE0C1AA0501EAE0E9AA2D84070FE251FF840753
:20E400004FCA51FF84078FDA51FF84070FC151FF1C3080FFB61884072D024CFF84073D023C
:20E420004CFF8407DD0351FF020A84074F0B51FF020A84074F0900FF80FF14140AE861EAC3
:20E44000DA050132023A80FF880D61EACA05013280FFB4151D504006FFF3800721008407ED
:20E46000890900FFE009D20D8407490900FF620AE2058407890E51FFE009B20580FF0A1267
:20E48000000040063F00000A00128407899900FFE099AA050112E011CA058407890900FF18
:20E4A00001507F00010A00128407899900FFE099AA050112E011CA058407490900FF01509B
:20E4C0007F00800721008407890900FFE009A2458407890900FF620ADA3D8407490B51FF5B
:20E4E000640AF905610AD135A20D630AB115852D650A912DA21D660A922DB52D063280FFF7
:20E50000DE04A407150800FF610ABA0580FFAC109525063280FFA805A407150800FF610A9D
:20E52000BA0580FF9610E515063280FF9C0BA407150800FF610ABA0580FF8010B50D80FF5E
:20E540006206850D80FF8206D50580FF5408A5050000000040063F008007E1F106D807C0D8
:20E5600008E8073280FFBE100AE000D2E0E18A6500CA2106FFFF030019B8C1B9FBC9BB05F8
:20E58000FBB9B90501E2F54D5BDE20FFE0E9920D400E20FF9B09DD0940160400E209A30540
:20E5A00001E2E0C1AA0501E2E0E1DA3D8407CFD951FF8407CFEA51FFDB0E03008407CD0B07
:20E5C00051FFA407C50B51FFE009C20DA407C50B51FF9B098407CF0951FFA407C50B51FF7B
:20E5E000C1E9DDD60300E0D1C205040ABA09C1E921069039E0FD84074F0951FF84070FC16D
:20E6000051FF84078FEA51FF8407DD0351FF030A84074F0B51FF020A84074F0900FF8407E0
:20E620008F0351FF61E2CA05013280FFDA131C504006FFF18007E1F106D807C008E808327D
:20E6400080FFE20F0AE000D2E0E1DA5D00CA2106FFFF030019B8C1B9FBC9BB05FBB9B90563
:20E6600001E2C54D5BDE20FFE0E9920D400E20FF9B09DD0940160400E209A30501E2E0C17D
:20E68000AA0501E2E0E1AA3D8407CFD951FF8407CFEA51FFDB0E03008407CD0B51FFA407DF
:20E6A000C50B51FFE009C20DA407C50B51FF9B098407CF0951FFA407C50B51FFC1E9DDD638
:20E6C0000300E0D1C205040ABA09C1E921069039E0FD84074F0951FF84070FC151FF84070E
:20E6E0008FEA51FF040A84074F0B51FF020A84074F0900FF84078F0351FF61E2CA0501326E
:20E7000080FF04131C504006FFF18007E10006E8093280FF100F0AE0E0E1EA0561EACF05D9
:20E720008407CFE900FF00004006FF0006F0E0F1C20D200E3B00800C200E5C00810C010AA5
:20E74000840B050A850B860300007F008007E1F006E007D008D82036110080FFC80E0AE8E0
:20E76000E0E9EA3D00CA2106FFFF030019C0C1C1FCC9BB05FCC1B90501EAD52D5CE620FF0E
:20E78000E0D9920D400E20FF9C09DB0940160400E209A30501EAE0D1AA0501EAE0E9BA1D68
:20E7A0008407CFE151FF1C301A381B4080FFDC060AD884070FD151FF84078FDA51FF060A83
:20E7C00084074F0B51FF020A84074F0900FF84078F0351FF61EACA05013280FF2A121D5034
:20E7E0004006FFF08007E1F106E007D803BA0A3280FF320E0AE8E0E99A5500D22106FFFF6D
:20E8000003001AC0C1C1FCD1EB05FCC1C105DC060300B20501EAD53D5CE620FF1B08DC0957
:20E8200001CEFFFFE0D9E20D1B08DC09C10603009A0D2106FFFF1FFF990940160400E209C0
:20E84000A30501EAE0E9DA2584078FE151FF84074FCA51FF8407CFDA51FF1C3080FF6C144F
:20E860008407ED0351FF84072D024CFF84073D024CFF010A8407DD0B51FF050A84074F0BF1
:20E8800051FF020A84074F0900FF80FF04100AE861EACA05013280FF6E111D504006FFF1C7
:20E8A000000A8407891100FFE011AA05010AE009AA258407491351FF6112B20D8407491377
:20E8C00051FF6212E2058407491351FF6512AA158407891100FF6212BA0DA40715124CFFA4
:20E8E000E011EA05011284072D124CFFC505010AA505010A01507F008007610000EABEFF27
:20E90000FA6CA407150A4CFF610AEA0D8407890900FF610A9A0D023280FFEC10020A8407A6
:20E920004F0900FF01EABEFF066D61EABA0580FF220A000040067F00800761002036150098
:20E9400080FFE20C0AE8E0E9BA0580FF82001D5040067F008007E10080FF88130AE00032FF
:20E9600080FFC61680FF98130AE8E0E9DA05E0E1BA05000A8525E0E1920D20365C00003AF8
:20E980000042204E1300BEFF606AE0E9C2156EEAAA0D20365C00003A0042204E1400BEFF11
:20E9A000486A950D20365C00003A0042204E1200BEFF366AE0E9B2051D08E505E0E1B205F1
:20E9C0001C08A505000A01504006FF0080072100003280FF7A16000040063F008007E130C3
:20E9E00006D89B00A407350A4CFFE0098A0D80FF2E110AE884078FEB51FFF50584073D0220
:20EA00004CFF840789EB51FF61EAE255A407250A4CFFE009EA4DE0E9FA458407490A51FF5F
:20EA20008407091251FFE1118925A40707D451FF8407093251FF80FF9212A407070C51FF23
:20EA4000E1D1920DA407250C51FF610ACA0584070D024CFF80FF0A130AE061E2DA2D1B38F7
:20EA6000013280FF6C07852D050A84074F0B51FF010A8407ED0B51FF8407893151FF80FF89
:20EA80004A12A407250C51FF610ACA0584070D024CFF80FFCC130AE061E2EA0D1B380132C7
:20EAA00080FF2E07950D1B38013280FF2407C5051B3080FFD40900004006FF308007E17012
:20EAC00006E89D0001DAA407350A4CFFE0098A0D80FF4C100AE084078FE351FFF505840784
:20EAE0003D024CFF840789E351FF61E2F255A407250A4CFFE009FA4DA407150A4CFFE00968
:20EB0000E2058407890E51FF620A824DE0E1EA3D8407490A51FF8407091251FFE1118925B5
:20EB2000A40707CC51FF8407093251FF80FF9C11A407070C51FFE1C9920DA407250C51FF42
:20EB4000610ACA0584070D024CFF80FFA2160AD061D2CA251D38013280FF7606F51D80FF4F
:20EB6000300E0AD8E0D9DA0D1D38013280FF62061D4020365C00003A084ABEFF6C68E50D48
:20EB80001D38003280FF4A06950D1D38013280FF4006C5051D3080FFF00800004006FF70ED
:20EBA0008007610080FF06150AE862EAA20D84074F0351FF84074FE900FF013280FF480EEF
:20EBC000000040067F008007610080FFF4000AE862EAA20D84074F0351FF84074FE900FF39
:20EBE000013280FF220E000040067F008007E17006D09A0000DA00E261D2921580FF00030E
:20EC00000AC8A407C50B51FF19E8A1E98407490951FFBD0984074F0951FFA515840789EAEE
:20EC200051FFA407C50B51FF8407491151FFC209BD0984074F0951FF8407C9EA51FFD51D40
:20EC4000840709F151FF8407490951FF810F01006010E111B2051DE001DA41E28407090970
:20EC600051FF410A84070F0951FF8407490951FF410A84074F0951FFFDE1B1E5E0D9DA153F
:20EC800061D29215A407C51351FF8407490951FFDD11A20984074F0951FF8407CD0351FF23
:20ECA000020AB50D000A950D20365C00003A0642044ABEFF7C67040A01504006FF7080071D
:20ECC000E1F3840789EB51FF00C200B280FF30020AC88407890A51FFF909D31519E084073E
:20ECE000890A51FFB90984078F0A51FFA407C51351FF8407C90A51FF9911A2098407CF0AC1
:20ED000051FFD505840789E251FF01C28407C9D151FFE51D1C06DFFFC90520DE2000A505B3
:20ED20001CD8BEFFF0681A301B388407494151FF1D4880FFF6110AE8BEFF226984074909C6
:20ED400051FFDB0984074F0951FFDBD1BBE1E0E1D305E0E982E568EAE2DD8407CFD151FFAF
:20ED6000E0E9B20568EA9A0D1830BFFF82FE0AB868EACA0D01B2A50D20365C00003A064210
:20ED8000204E1000BEFFAA6601BA1D30163880FF8E0184078FEB51FF17504006FFF3800749
:20EDA000610080FF22000AE862EAA20D84074F0351FF84074FE900FF013280FF4A0C00006D
:20EDC00040067F008007E1F1840789EB51FF00E200C200BA80FF28010AD08407890A51FF78
:20EDE000FA09A31D1AD88407890A51FFBA0984078F0A51FF8407090B51FFE009AA25A40767
:20EE0000C51351FF8407C90A51FF9A11A2098407CF0A51FFE5158407090B51FFE009D20D61
:20EE20008407890A51FFC1E603009C008407890A51FF01D8BCD9C505840789DA51FF01C277
:20EE40001B301C3880FF7C0A0AE8E0E9B20568EA9A0D183080FF46010AC868EACA0D01BADF
:20EE6000A50D20365C00003A0642204E1000BEFFC06501CA1D30173880FFA40084078FEBBD
:20EE800051FF19504006FFF1068807800808D11603008200D09E03009300009284070F03BF
:20EEA00051FFE011E20D8407CF0A51FF1178A2798407CF7951FFC2098407CD1351FFB50D5F
:20EEC000E099D2058407CF0A51FFD505017A84070F7B51FF8407097B51FFE079EA0D2F0690
:20EEE0009039E0FD84074F7951FFC1960300E091C205047AB279CF0901507F008407C90989
:20EF000000FF610AEA05840709F754FF0C0DD505840709F754FF0A0D01507F008007E1009A
:20EF200006E807E09C0069EAAA1D8407890951FF401620FFA20984078F0951FF840709F7BB
:20EF400054FF080DE009F225840709F754FF8407893151FF080DE1C760F9D51D68EABA1DA5
:20EF600061E29A1D8407890951FF401620FFA20984078F0951FF840709F754FF060DE009BD
:20EF8000A20D840709F754FF8407893151FF060DE1C760F900004006FF008007E11006E098
:20EFA0009C0000EABFFF58FF0AD88407090B51FFE009DA4D61E2F20DA407C51351FF1B089D
:20EFC000A2098407491151FFA11184074F1151FF0212B5158407890A51FFA407C51351FF45
:20EFE0008407499951FFD311A11184074F1151FF8407C90A51FF0012951D840709F151FF3C
:20F000008407499951FF939F0100809B41EA8407099951FF419A84070F9951FF8407499972
:20F0200051FF419A84074F9951FFE1E9F1E5A407C59351FF8407499951FFC191B29984070A
:20F040004F9951FF8407CD0351FFE50561E2B2050212A505001202504006FF108007E1000A
:20F0600000E2BEFFB065A407250C51FF610A9A1DA407070C51FF610ACA1500EA950DA407FF
:20F080000DEC51FF80FF220A0AE041EA9D0062EAB905E0E1D2F5010AA4070D0C51FFC5054F
:20F0A00080FF060A0AE0BEFFB465E0E1EA050B0A84078F0B51FFD5050A0A84078F0B51FF64
:20F0C00000004006FF008007E13006E09C00A407350A4CFFE009AA15A407D50B51FF610AAE
:20F0E000EA0500EA84078F0351FFE50D80FF720A0AE884078FEB51FFF50584073D024CFF87
:20F10000840789EB51FF61EA8265A407250A4CFFE0098A5DE0E99A358407490A51FF840728
:20F12000891151FFE111C925A40707D451FF8407893151FF80FF940BA407070C51FFE1D1BC
:20F14000920DA407250C51FF610ACA0584070D024CFF80FF0C0D0AD861DAEA051C3801329A
:20F1600080FF6E00A5358407DD0351FFE52D1C38003280FF5C00952D67EAFA15A407E50BDD
:20F1800051FF610ADA0D1C38013280FF44001C4020365C00003A074ABEFF4E62E5151C382F
:20F1A000043280FF2C0095151C4020365C00003A204E1100BEFF32621C38013280FF120094
:20F1C000C5051C3080FFC20200004006FF308007E17006C807D89B00A40707D451FF00E289
:20F1E0008407890B51FF6A0AAA0D1B4020365C00003A204E1200BEFFF061952D8407890BBF
:20F2000051FF660AB20D8407890B51FF650AE2058407890B51FF6D0AAA1D8407890B51FF8E
:20F22000660A9A0D1B4020365C00003A014ABEFF0062D50D8407890B51FF650A8A0D1B4054
:20F2400020365C00003A024ABEFFE661A407250C51FF610AAA1561D28A1500EA950DA40713
:20F260000DEC51FF80FF8C090AE041EA9D0062EAF905E0E1D2F5C50580FF78090AE0E0E138
:20F28000920D1B4020365C00003A204E1200BEFF5861A407250C51FF610ACA1561D2AA152A
:20F2A00000E200EAA50DA4070DEC51FF003280FF62070AE041EA9D0062EA890DE0E1C2F5B6
:20F2C000D505003280FF4C070AE0E0E1E20D010A84074F0900FF1B4020365C00003A204E14
:20F2E0001200BEFF0461C50584074FC900FFA407050A4CFF610ABA1DA407250C51FF610A90
:20F300008A1561D2EA0D00EA950DA4070DEC51FF003280FF340B41EA9D0062EAF1F5C505F0
:20F32000003280FF240B84070D024CFF84071D0000FF8407ED0351FF8407DD0351FF840750
:20F340004F0351FF013280FFBE0600004006FF708007210080FF1800010A84073D0A4CFF79
:20F3600084071D024CFF000040063F00800721008407490C51FF84070F0951FF8407C90CE8
:20F3800051FF84078F0951FF8407090D51FF8407CF0951FF8407490D51FF84070F0A51FFE1
:20F3A0008407890D51FF84074F0A51FF8407C90D51FF84078F0A51FF8407090E51FF840706
:20F3C000CF0A51FFA407050F51FF8407CD0B51FF8407490E51FF84070F0B51FF8407890EF9
:20F3E00051FF84074F0B51FF8407C90E51FF84078F0B51FFA407150F51FF8407DD0B51FF7F
:20F40000A407250F51FF8407ED0B51FF8407493251FF80FFB608A407650F51FF84072D0C24
:20F4200051FF000040063F0084074F0451FF8407CF0451FF84070F0551FF84074F0551FFFD
:20F4400084078F0551FF8407CF0551FF84070F0651FF84070D0751FF84074F0651FF8407F4
:20F460008F0651FF8407CF0651FF84071D0751FF84072D0751FFA4074D0751FF84076D079B
:20F4800051FF00007F008007E10006E09C00003280FF80050AE8A407050A4CFF610AFA051C
:20F4A000003280FFA40984070D024CFF80FF540084074F0351FF84071D0000FF010A8407CC
:20F4C0001D0A4CFF84072D024CFFE0E98A0D84074F0100FF013280FF2E0585151C4020364A
:20F4E0005C00003A204E1200BEFFFE5E010A84074F0900FF013280FF0E0500004006FF00E6
:20F500008407090951FF84074F0C51FF8407890951FF8407CF0C51FF8407C90951FF84076D
:20F520000F0D51FF8407090A51FF84074F0D51FF8407490A51FF84078F0D51FF8407890A77
:20F5400051FF8407CF0D51FF8407C90A51FF84070F0E51FFA407C50B51FF84070D0F51FF3C
:20F560008407090B51FF84074F0E51FF8407490B51FF84078F0E51FF8407890B51FF8407C3
:20F58000CF0E51FFA407D50B51FF84071D0F51FFA407E50B51FF84072D0F51FFA407070C9C
:20F5A00051FFA4074D0F51FFA407250C51FF84076D0F51FF00007F00800721008407C90B9B
:20F5C0004CFFE009DA25BFFF96FA84074F0351FF84071D0000FF8407890B51FF6A0A9A0D4C
:20F5E00020365C00003A0642204E1200BEFFFA5D20365C00003A0642094ABEFFEC5D010AAB
:20F6000084074F0900FF013280FFFC03850D8407C90B4CFF5F0A8407CF0B4CFF00004006BC
:20F620003F008007E10006E09C0000EA8407890900FFE009AA0501EA8407890900FF620A90
:20F64000AA0501EAE0E9DA1D1C086A0A890D5F0A610AE30D5A0A610AB30DA5156A0A820D12
:20F660000106EFFFD2050106EBFFE205950D023280FF9403E505003280FF8C03A505000026
:20F680001D504006FF008007E1108407890E51FFE009D205840789E651FFC505840749E343
:20F6A00051FF1C0EFFFF610AF305640A810DC205650AD205950DBFFFA6F9F5050B0A8407CD
:20F6C0008F0B51FFA5050000BEFF305F013280FF36038407890B51FF6B0AEA05030A8407F4
:20F6E0004F0900FFD505010A84074F0900FF84074F0351FF840749D900FF200E0001840759
:20F70000CF0B4CFF84071D0000FF8407ED0351FF84072D024CFF84073D024CFF84071D028E
:20F720004CFFBFFF06FD84070F0151FF84074F0151FF84078F0151FF8407CF0151FF840706
:20F740000F0251FF84074F0251FF84078F0251FF8407CF0251FF8407CD0351FF84070F03BC
:20F7600051FF8407DD0351FFA407050A4CFF610AEA1DA407250C51FF610ABA15A407070CE3
:20F7800051FF610AEA0D00EA950DA4070DEC51FF003280FFB40641EA9D0062EAF1F5C50508
:20F7A000003280FFA40684070D024CFFA4070D0451FF84072D0451FFBEFF745E63DA920D86
:20F7C00020365C00003A0342204E1200BEFF1A5C1B504006FF108007E11006D807E800E25E
:20F7E000DD06FF0FD20D1D0EFF0F201600F001E842E91D08DB095F0A84074F0A51FF840795
:20F80000CFEA51FF8407090A51FF84078F0951FF8407091251FF400E22FFE111D90D8407B6
:20F82000491251FF400E22FFE111E305010A84072D0C51FFC50584072D0451FF013280FF2D
:20F840009E060AE000001C504006FF108007610000EA8407091251FF400E22FFE111D90D4A
:20F860008407491251FF400E22FFE111E305010A84072D0C51FFC50584072D0451FF0232E0
:20F8800080FF5C060AE800001D5040067F00000A8407899951FF401622FFE299D90D8407F9
:20F8A000499A51FF401622FFE299E305011284072D1451FFC50584072D0451FF01507F0066
:20F8C0008007E17006D007C89900840789EB51FF8407C9E151FFE5351A06DFFFC90520DE5A
:20F8E0002000A5051AD8BEFF2C5D8407090B51FFE009CA151C301B388407494151FF1D48E6
:20F9000080FF28060AE8DBE18407490951FFDB0984074F0951FFBBD1B5151C301B388407C8
:20F92000094151FF1D4880FF02060AE8DBE18407090951FFDB0984070F0951FFBBD1BEFF86
:20F940001C5DE0D1D305E0E982CD68EAE2C58407090B51FFE009E215E0E9B20568EAAA1534
:20F960001C308407093951FF19401D4880FF20060AE88407090951FFD90984070F0951FF07
:20F98000D9E18407CFE151FF1D504006FF70000A00F201128407099A51FF8407899251FF7D
:20F9A000B29984070F9A51FF840709F251FF8407099951FF8407899251FFB29984070F99B1
:20F9C00051FFF5158407099951FF6090939F0100F299E2058407890A51FF0012A50D8407FE
:20F9E000099951FF419A84070F9951FF41F2410A8407899A51FFF309E1E584070FF251FF9D
:20FA000002507F00060884078F0900FF00007F008007E13006D80AE2A407073451FF1B387B
:20FA200080FFDC0B0AE8E0E9B23DA407073451FF80FF880C0AE861EACA351B0680FF9A0DEA
:20FA4000A407073451FF1B3880FFB4090AE8F505A407073451FF80FF28090AE884078FDF24
:20FA600051FF03D262EA8A1D5FD2A407073451FF1B3880FF8A0B0AE862EABA05E0D1DBF522
:20FA8000E0E9BA0500E2D50D0AE2A407073451FF80FFEE08E505E0E9CA0500E2A50500E293
:20FAA0001C504006FF308007E11020368000BFFF62FF0AE8E0E9FA0DA407073451FF80FF81
:20FAC000880B0AD8E0D9F205A407073451FF80FFB6090AEA0032BFFF3AFF0AE0E0E1A2051E
:20FAE0001CE81D504006FF108007610080FF80010AE8E0E9B20506EAA50500EA1D504006AF
:20FB00007F008007610080FF66010AE8E0E9B20505EAA50500EA1D5040067F008007E10009
:20FB200001EAA407073451FF80FF900B0AE061E2CA15A407073451FF80FFC40B0AE0DC062E
:20FB40000011BA0500EA950D8407490B51FF610ABA0506EAA50505EA1D504006FF0082072C
:20FB6000E10001EAA407073451FF80FF4E0B0AE061E2DA1DA407073451FF80FF820B0AE05B
:20FB8000DC060011BA15A407073451FF233E000080FFE0100AE0E0E1BA0500EA850D63E272
:20FBA000BA0507EAC5050DEAA5050DEA1D504206FF008007610080FFB6000AE8E0E9B205F0
:20FBC0000DEAA50500EA1D5040067F008007E11006E007D820368000BFFF38FE0AE8E0E9A6
:20FBE000DA051C301B3880FF20101D504006FF108007E1100AEAA407073451FF80FFBC0A2F
:20FC00000AE061E2AA2DA407073451FF80FFF00A0AE01C0600F0921DBEFFFA5920368000A0
:20FC2000BFFFF0FD0AE8E0E9EA05A407073451FF80FF5408BEFF265A0032BFFFD6FD0AD87C
:20FC4000E0D9A2151BE88515BEFFCA59BFFF5AFE0AE8BEFF085A850DBEFFBA59BFFF4AFE28
:20FC60000AE8BEFFF8591D504006FF108007E1000AE2A407073451FF80FF400A0AE861EA32
:20FC8000BA0DA407073451FF80FF740A0AE8DD060011AA0500E21C504006FF00069007980D
:20FCA0005296E000539EE0001208910AD10A2206FFFF0100C209E199BB051310A505011011
:20FCC000421620FF02507F008007610006E81D3080FF1410A4070D5451FF000040067F00F5
:20FCE000840709F754FF0EF50A0A7010E011DA057E10E011AA05000A01507F008007E1301F
:20FD00008036FFFF80FFE8050AD8E0D98A2584078F0751FFA40707D451FF00EA00E2950DC4
:20FD2000A4070DE451FFBFFF80FD0AE841E29C0062E2B905E0E9D2F5A4070DD451FFE0E9B4
:20FD4000CA0D013280FF08030AE8F5051B06FEFEBA0503EAA5050AEA1D504006FF30800753
:20FD6000E1F000CA01DABEFFAC58A407050A4CFFE0098A0D013280FFD000010A84070D0A98
:20FD80004CFFBFFF66FD0AE8E0E9EA2D840709D251FF840749C251FF1A301838BFFF00FF32
:20FDA0000AE01C08BA09410A01C88CCA21066CA40300F90F22028407CF0B4CFF010A84075C
:20FDC0001D0800FF20368000BFFF48FC0AE8E0E9BA0D1A301C3880FF3E0D1C0E0100840787
:20FDE0000F0A51FF00DABEFF745884078FEB51FF1B504006FFF08007E1F006C807C000EA6B
:20FE0000840709F754FF0EE5BEFF0A58010A5C0F08009C0F09001C0039D7010078D7010043
:20FE20003CDF0500E0D9B20DDB0E0200620ABA0509EAA50508EA010A5C0F0800BEFF1E58D4
:20FE40001D504006FFF08007610006E8A407073451FF1D3880FF6C06000040067F00800762
:20FE6000E13001DABEFFAE57A407050A4CFFE0098A0D0132BFFFD2FF010A84070D0A4CFF95
:20FE8000BFFF32FD0AE0E0E1AA25840789D151FF840749EA51FF1A301D38BFFF02FE0AE869
:20FEA000200EC0448407CF0B4CFF010A84071D0800FF1A301D38BFFF16FD0AE0E0E1FA058C
:20FEC0001D0E010084078F0951FF00DABEFF8E5784078FE351FF1B504006FF300610000ABA
:20FEE0000000A407159A4CFF619AFA156112DA0D8407899E51FF619AE2058407899E51FF13
:20FF0000629ABA05010A950D6212FA058407899E51FF629AAA05010A610ADA05049A8407DB
:20FF20008F9B51FF01507F000610077808900970840709F754FF0EF5010A880B68081C00C6
:20FF4000009A0E08C51D2287010072870100028DE089A215D16E0200626AEA05090A840722
:20FF60008F1151FFF505E009DA05080A84078F1151FF016A886B44124492449AEF99D90574
:20FF8000E009A2E5680A82E501507F008007E1F706E007C008B8970009A815E8840709F7AC
:20FFA00054FF0EDD61BAD20562BAB20563BA9A3DBEFF6256010A5B0F08009B0F09001C0089
:20FFC00061BAC20562BAF205B50D9CD7010058D70000F50DFCCF010078CF0000A50DFCCF35
:20FFE000010078CF00009CD7030058D7020000003BB70500E0B1B215D60E0200620AEA0582
:020000040003F7
:2000000009EA84078FE151FFF505E0E9DA0508EA84078FE151FF010A5B0F0800BEFF3E56F5
:200020001D504006FFF706088100840709F754FF0EF5220601A5A5A51115940B220600A5FD
:20004000A5A5111510151F0000007F009007E17006C8990000DA00E200EAA50D1DF0C2F205
:2000600023160000C2F11F0A010D41EA9D0068EAE1F53A06900030FF1A08810A911561CAF0
:20008000AA0D8407093754FF0636240080FF1C0A0AE0E5052336000080FF100A0AE0E0E115
:2000A000A2050EDA1B505006FF708007E1F100C200CA00DABFFF48EE0AD08407890A51FF86
:2000C000FA09E3151AE082E28407890A51FFBA0984078F0A51FFA407C51351FF8407C90AF1
:2000E00051FF9A11A2098407CF0A51FFF5058407890A51FF01E082E201C28407C9B951FFD9
:20010000173080FFD2000AE8E0E9FA05840749F151FF1F0A010D952D8407C93151FF84071F
:20012000493951FFBFFFD2FC0AE8E0E9E21D69EACA0D090A84078F0B51FF8407C90951FF48
:2001400084078F0951FF95158407890B51FFE009CA0D080A84078F0B51FF8407C90951FF1F
:2001600084078F0951FF01CA8407490951FF440A84074F0951FF5FE28407C90951FF440A57
:200180008407CF0951FFE0E1D305E0E9F2B568EAD2B5E0E9B20568EA9A0D84070F0351FF64
:2001A0001830BFFFF8ED0AD8C50D69EAAA0D20365C00003A0642204E1000BEFF745201DA86
:2001C0001D301938BFFF58ED84078FEB51FF1B504006FFF1069853F620000015A2067F80C5
:2001E000BA05000AA505070A01507F00BE07E1FF5C1A01BA00E200EABEFF1A54A407050A24
:200200004CFFE0098A0D0132BFFF3EFC010A84070D0A4CFFBFFFEEF80AD8E0D9FA5D200E2C
:2002200004068407CF0B4CFF010A84071D0800FF20368000BFFFDCF70AD8840709D251FF4B
:20024000840749AA51FF1A301538BFFF52FA0AA01408BA0901B6010020E68000C50DF6E1BF
:20026000EB051C0EFFFF5A09AA05F5051C08A10A01E09C0064E2CBF5E0D98A3500EA850D14
:200280001DF0C2F223160000C2F1010541EA1D06E0FFF9F5840709C151FF23CE000000EA10
:2002A000850D980F0100590F000041CA41C241EAFCE981FD1A301C382346000080FFA408CE
:2002C0001C08DA0984070F0A51FF8407090951FFDC0984070F0951FF00BABEFF8053840789
:2002E0008FDB51FF1750441A7E06FFFF8407E17006C8D90000E200DA00D200EA00EAB50D56
:200300001DF0C1F223160200C2F1200EFF00800C41EADD0063EAD1F500001BF0C1F2231664
:200320000200C2F1800441DA00001BF0C1F223160200C2F1010A800C41DA000062DAC20508
:2003400020E6020101D2E0D1DA1500EA95151DF0C1F223160200C2F1703080FFDC010AE0F9
:200360001C06FBEFBA0501D2D50541EADD0062EAF1EDE0D1AA0500E21C504406FF708007E5
:20038000E1F006C0D8003906183EE0FD00EA00D200DA00E2183080FF5E050AE81D06FFFEC8
:2003A000AA0501E2E0E1BA15183080FF780539D701009AD711001A08850A990D183080FF26
:2003C000D4010AE81D06FBEFAA0501E2E0E1CA1539F70100800E00AAC20C39DF0100FBDFED
:2003E000850039DF0100FBDF8500E0D9BA0500EAB50520EE05101D504006FFF08007E1F0C7
:2004000006C0D80007C83A06183EE0FD00EA00E200DA183080FFE0040AE81D06FFFEAA05EA
:2004200001DAE0D9EA05183080FFFA0400000000E0D9EA253AE70100FCE785001908C10040
:20044000E1E1BA0500EAC51D3AF70100200E002DC60C3AF701001908C100810E00AAC20CD5
:200460003AE70100FCE785003AE70100FCE785001908C100E1E1BA0500EAA50502EA1D5018
:200480004006FFF08007E11006D8DB0000EA00E21B3080FF62040AE81D06FFFEAA0501E256
:2004A000E0E1CA0D1B3080FF7C043E061C3EE0FD00F5200E5000800B00EA1D504006FF1035
:2004C0008007E1F006C8D90007D83D06004898FF00E200D200C2193080FF1C040AD01A06C4
:2004E000FFFEAA0501C2E0C1BA25E0C9AA0D7DDF01001DF6040001DD1DF6040000E5851DBD
:2005000061CABA0D1DF6100001DD1DF6140001DD1DF6140000E5C50D62CAAA0D1F5A6BDF5F
:2005200001001F5A6BDF01001FE23CE701001F001A504006FFF08007E13006D0DA0000E2E9
:2005400000EA00DA1A30003A80FFB4000AE862EAEA151A3080FFF2000AE81D06FBEFDA054A
:2005600020E6051001DAB50D1A30BFFF14FE0AE81D06FBEFCA0520E6051001DAE0D9FA052D
:200580003E06183EE0FD00F5940300001C504006FF308007E13006E0DC0000EA00DA00D287
:2005A0001C3080FF52030AE81D06FFFEAA0501D2E0D1DA151C3080FF6C033E06183EE0FD36
:2005C00000F540DD1B08870AE9051C3080FF7A000AE8D5051C30BFFFAEFE0AE81D504006FB
:2005E000FF3006F007080810F505819F0100809B41F2410A5F12E0119BFD7F008007E170AA
:2006000006D0DA0007C800EA00E200DA1A3080FFE6020AE81D06FFFEAA0501DAE0D99A1500
:200620001A3080FF00033E06183EE0FD00E5FCE785001908C100E1E1BA0500EAA50502EA47
:200640001D504006FF708007E1F106B8D70038061C3EE0FD00EA20E6B80100D200CA00DAF6
:20066000173080FF92020AE81D06FFFEAA0501CAE0C98A25173080FFAC0238F7010060D860
:2006800038F70100200EB300800B20EE05103E06183EE0FD00F540D51A08900AB90500EAB6
:2006A000C5055FE2E0E1CBF5E0E1CA0538F7010060D81D504006FFF18007E13006D0DA00CB
:2006C00000EA00E200DA1A3080FF2C020AE81D06FFFEAA0501DAE0D9FA0D1A3080FF460210
:2006E0003E06183EE0FD00F540E51C08900AB90501EAA50502EA1D504006FF308007E1F032
:2007000006D8DB003806183EE0FD00EA00E200D200CA1B3080FFE0010AE81D06FFFEAA05DB
:2007200001CAE0C9EA0719011B3080FFF80138D701009AD7110038F7010040E51A08850ADF
:20074000A94D1C08870AC90520EE0010857D1C08840AC90520EE0210A5751C089A0AC905B0
:2007600020EE0810C56D1C08920AE90DE0D9CA0520EE0910C56561DACA0520EE0A10F55D0E
:2007800020EE0510C55D1C08860AC90520EE0B10E5551C089C0AC90520EE071085551C0874
:2007A0009E0AC90520EE0610A54D1C088F0AC90520EE0110C5451C088E0AC90520EE03104E
:2007C000E53D1C088D0AC90520EE0410853D20EE0510D5351C089B0AB90504EA85351C080A
:2007E000990AB90505EAB52D1C08910AC90DE0D9BA0506EAC52561DABA0507EA852520EE3D
:200800000510D51D1C08850AB90508EA851D1C089D0AB90509EAB5151C08830AB9050AEA23
:20082000E50D1C088A0AC90520EE1000850D1C08890AC90520EE1100A50500EA1D504006A5
:20084000FFF08007E13006D0DA0000EA00E200DA1A3080FFA2000AE81D06FFFEAA0501DAB4
:20086000E0D9CA1D1A3080FFBC003E06183EE0FD00F540E51C08900AB90500EAF50D1C0836
:200880008C0AA90D3E061C3EE0FD00F5200EB000800B02EAB50520EE00011D504006FF309C
:2008A0008007E13006D8DB003A06183EE0FD00EA00E21B3080FF40000AE81D06FFFEAA05DD
:2008C00001E2E0E1DA151B3080FF5A003A0F0100801630A6611704013AF7010094033E0621
:2008E0001C3EE0FD00F5200ED000800B00EA1D504006FF300610C200000AE011CA050000D5
:20090000000AE50D6112CA050000000A950D6212DA050000200E0101B505200E010101502F
:200920007F000610C200400EA1FF3E061C3EE0FD3306183EE0FDE011FA05730F0100419641
:2009400001000195A51561129A0D0196004073970100419602000195850D6212EA051F9235
:20096000739701001F92019500007F0006900788D10008983E061C3EE0FD1110A21282003E
:20098000000A3006183EE0FD30870100709731000085207EE800507F00000085501700002E
:2009A000000A850D0085337F0100707F0100449A410AE20981FD0085207ED000507F00001F
:2009C00000007F0006900788D10008983E061C3EE0FD1110A2128200000A3006183EE0FDBD
:2009E00030870100709731000085207EED00507F0000008550170000000A850D0085337F69
:200A00000100707F0100449A410AE20981FD0085207ED000507F000000007F0006083E06C0
:200A20001C3EE0FD2206183EE0FD22170100620F31000015209E2000429F00000015209EA1
:200A4000D000429F000000007F000698079021061C3EE0FD2206183EE0FD22F70100199DA8
:200A600022F701001B9521F70100208E2300808B21F70100208ED000808B00007F0080070F
:200A8000E10006E0DC0000EA0032BFFF98FE3E06183EE0FD00ED9DEFA9001C30BFFF86FE1C
:060AA0001D504006FF009E
:200AA8009007E1F106C039062080A0FF00E23B062080A0FF00EA00D200BAD8060300BA0509
:200AC8001808A50D23360000183820462000BFFF0CFB230E000000EA850D211701007B17D0
:200AE800010044DA440A41EA68EA81FD19F61C0000BD19F6DC0100D51A108212B10500E287
:200B0800B50520E603011C505006FFF18007E13006D807D03C06183EE0FD00EA1B3080FFE1
:200B2800BE010AE81D0601FFD2151D30BFFFEEFD3C0F0100801630A6611704013CF7010093
:200B4800940300003CF70100F0041B301A38BFFFF4FE00004006FF308007E17006E007E85F
:200B6800DD0008D83906183EE0FD00D21C3080FF6E010AD01A0601FF82451A30BFFF9EFDCE
:200B8800390F0100801630A66117040139F70100940364EAFA051C301D381B40BFFFC8FD87
:200BA800C52D68EAFA051C301D381B40BFFF10FEC5251D06F0FFFA051C301D381B40BFFF6D
:200BC800FEFDB51D1D06E0FFFA051C301D381B40BFFFECFDA5151D06C0FFFA051C301D3860
:200BE8001B40BFFFDAFD950D1D0680FFEA051C301D381B40BFFFC8FD00004006FF7080070F
:200C0800E17006D807C83C06183EE0FD3A061C3EE0FD00EA1B3080FFC6000AE81D0601FF53
:200C280092251D30BFFFF6FC3C0F0100801630A6611704013CF7010094033C0F0100410764
:200C4800D0003CF7010019DD3CF701001BCD3AF70100200E7100800B3AF70100200ED000EA
:200C6800800B00004006FF708007E1F306B8D70007B03806183EE0FD00EA00E200DA00D29C
:200C880000CA1730BFFF68FC0AE81D06FFFEAA0501CAE0C99A251730BFFF82FC38E7010082
:200CA800FCE7A100BC0671D0C20520EE0401C51538DF01009BDFD500E0D9DA057607010074
:200CC80000EAA50D38F701006CD5400E20FF1A09760F010003EA1D504006FFF38007E100EF
:200CE80006E020EEFF000000000000001C3080FF3C000AE81D504006FF008007E10006E000
:200D080020EEFF001C3080FF90000AE8E0E9B20D1C3080FFAC000AE861EAD2051C3080FF93
:200D2800C8000AE81D504006FF008007E10006E020EEFF001C3080FF60000AE8E0E9D20527
:200D48001C3080FF7C000AE81D504006FF008007E10006E020EEFF001C3080FF3C000AE84C
:200D6800E0E9D2051C3080FF80000AE81D504006FF008007E10006E020EEFF001C3080FFB6
:200D880040000AE861EAD2051C3080FF5C000AE81D504006FF000610200EFF0000000000E9
:200DA8000000409E20FFF311F105409E22FFF311B905000AB505200EFF0001507F0006109C
:200DC800200EFF0000000000409E22FFF311810D3306FFFF23FFF311BB05010AB505200E3D
:160DE800FF0001507F000610200EFF000000200EFF0001507F00E6
:200E0000524644323846434D4E5248585631303030320000524644323846444652485856CF
:200E200031303030320000000014E0FD000000006C2500006C39E0FD0000000000000000BB
:200E40006C39E0FD00000000000000006C39E0FD00000000000000000000E0FD801303001B
:200E60004D1300004D13E0FDCD260300000000005013E0FDD0260300000000005013E0FD66
:200E8000D026030000000000804BE0FDD0260300000000005013E0FDD0260300000000007F
:200EA0005013E0FDD0260300110000006113E0FDE1260300020000006413E0FDE42603002A
:200EC000000000006413E0FDE4260300000000006413E0FDE42603009C0000000014E0FDC3
:200EE00080270300000000000014E0FD80270300000000000014E0FD802703000000000012
:200F00000014E0FD80270300000000000014E0FD80270300000000000014E0FD8027030000
:200F2000000000000014E0FD80270300000000000014E0FD80270300000000000014E0FD8A
:200F400080270300000000000014E0FD80270300000000000014E0FD8027030000000000B1
:200F60000014E0FD80270300000000000014E0FD80270300000000000014E0FD80270300A0
:200F8000000000000014E0FD80270300000000000014E0FD80270300000000000014E0FD2A
:200FA00080270300000000000014E0FD80270300000000000014E0FD802703000000000051
:200FC0000014E0FD80270300000000000014E0FD80270300000000000014E0FD8027030040
:200FE000000000000014E0FD80270300000000000014E0FD80270300000000000014E0FDCA
:2010000080270300000000000014E0FD80270300000000000014E0FD8027030000000000F0
:201020000014E0FD80270300000000000014E0FD80270300000000000014E0FD80270300DF
:20104000000000000014E0FD80270300000000000014E0FD80270300000000000014E0FD69
:2010600080270300000000000014E0FD80270300000000000014E0FD802703000000000090
:201080000014E0FD80270300000000000014E0FD80270300000000000014E0FD802703007F
:2010A000000000000014E0FD80270300000000000014E0FD80270300000000000014E0FD09
:2010C00080270300000000000014E0FD80270300000000000014E0FD802703000000000030
:2010E0000014E0FD80270300000000000014E0FD80270300000000000014E0FD802703001F
:20110000000000000014E0FD80270300000000000014E0FD80270300000000000014E0FDA8
:2011200080270300000000000014E0FD80270300000000000014E0FD8027030000000000CF
:201140000014E0FD80270300000000000014E0FD80270300000000000014E0FD80270300BE
:20116000000000000014E0FD80270300000000000014E0FD80270300000000000014E0FD48
:2011800080270300000000000014E0FD80270300000000000014E0FD80270300000000006F
:2011A0000014E0FD80270300000000000014E0FD80270300000000000014E0FD802703005E
:2011C000000000000014E0FD80270300000000000014E0FD80270300000000000014E0FDE8
:2011E00080270300000000000014E0FD80270300000000000014E0FD80270300000000000F
:201200000014E0FD80270300000000000014E0FD80270300000000000014E0FD80270300FD
:20122000000000000014E0FD80270300000000000014E0FD80270300000000000014E0FD87
:2012400080270300000000000014E0FD80270300000000000014E0FD8027030000000000AE
:201260000014E0FD80270300000000000014E0FD80270300000000000014E0FD802703009D
:20128000000000000014E0FD80270300000000000014E0FD80270300000000000014E0FD27
:2012A00080270300000000000014E0FD80270300000000000014E0FD80270300000000004E
:2012C0000014E0FD80270300000000000014E0FD80270300000000000014E0FD802703003D
:2012E00000000000203EE0FD8027030000000000203EE0FD8027030000000000203EE0FDE9
:201300008027030000000000203EE0FD8027030000000000203EE0FD802703000000000059
:20132000203EE0FD8027030000000000203EE0FD8027030000000000203EE0FD80270300FE
:2013400000000000203EE0FD8027030000000000002880FE8027030000000000002880FEB2
:1A1360008027030000000000804BE0FD8041030000000000000000007F00DE
:2013800000000000000000000000000000000000000000000000000000000000000000004D
:2013A00000000000000000000000000000000000000000000000000000000000000000002D
:2013C00000000000000000000000000000000000FF000000C008BFFFC009BFFF0000BFFF43
:2013E0000001BFFF0002BFFF0003BFFF0004BFFF0005BFFF0006BFFF0007BFFF0008BFFFD9
:201400000009BFFF000000000080D2FF00C0C7FF0082D2FF80C0C7FF0084D2FF00C1C7FFF9
:201420000000000000000000000000000000000000000000000000000000000000000000AC
:2014400000000000000000000000000000000000000000000000000000000000000000008C
:20146000000000000000000000000000000000000000000000000000E86901008275010022
:20148000F26A01008C760100000000000000000000000000000000000000000000000000EC
:2014A00000000000000000000000000000000000000000000000000000000000000000002C
:2014C000000000000000000000000000000000000000010000000000000000000000F03FDC
:2014E000000000000000000000000000010000000808000000000000781BE0FD1008000053
:2015000000000000901BE0FD1808000000000000B01BE0FD2008000000000000D01BE0FD8B
:201520002808000000000000F01BE0FD3008000000000000101CE0FD380800000000000012
:20154000301CE0FD4008000000000000501CE0FD4808000000000000701CE0FD50080000C0
:2015600000000000901CE0FD5808000000000000B01CE0FD6008000000000000D01CE0FDA8
:201580006808000000000000301CE0FD7008000000000000101DE0FD7808000000000000B0
:2015A000301DE0FD8008000000000000501DE0FD8808000000000000701DE0FD900800009D
:2015C00000000000901DE0FD9808000000000000B01DE0FD0010000000000000D01DE0FD5D
:2015E0001810000000000000D81DE0FD0810000000000000F81DE0FD1010000000000000C7
:20160000281EE0FDA008000000000000401EE0FDA808000000000000601EE0FDB008000001
:2016200000000000781EE0FDB808000000000000981EE0FDC008000000000000B01EE0FD71
:20164000C808000000000000D01EE0FDD008000000000000401EE0FDD808000000000000FC
:20166000081FE0FD060008006C02E0FDE80CE0FD010008005402E0FD5001E0FD04000800C6
:201680006002E0FD680CE0FD0000030000000000000000000000F03F000000000000000088
:2016A00000000000010000000400130000000000000000000000F03F0000000000000000E3
:2016C00000000000010000001400180000000000000000000000F03F0000000000000000AE
:2016E000000000000100000000000F00000000002D431CEBE2361A3F000080BF000080BF74
:201700000000A0400100000010001F00000000002D431CEBE2361A3F000080BF000080BF53
:201720000000A0400100000020002F00000000002D431CEBE2361A3F000080BF000080BF13
:201740000000A0400100000030003F00000000002D431CEBE2361A3F000080BF000080BFD3
:201760000000A0400100000000000F00000000002D431CEBE2361A3F000080BF000080BF13
:201780000000A0400100000010001F00000000002D431CEBE2361A3F000080BF000080BFD3
:2017A0000000A0400100000020002F00000000002D431CEBE2361A3F000080BF000080BF93
:2017C0000000A0400100000030003F00000000002D431CEBE2361A3F000080BF000080BF53
:2017E0000000A0400100000000000F00000000002D431CEBE2361A3F000080BF000080BF93
:201800000000A0400100000010001F00000000002D431CEBE2361A3F000080BF000080BF52
:201820000000A0400100000020002F00000000002D431CEBE2361A3F000080BF000080BF12
:201840000000A0400100000030003F00000000002D431CEBE2361A3F000080BF000080BFD2
:201860000000A0400100000000000F00000000002D431CEBE2361A3F000080BF000080BF12
:201880000000A0400100000010001F00000000002D431CEBE2361A3F000080BF000080BFD2
:2018A0000000A0400100000020002F00000000002D431CEBE2361A3F000080BF000080BF92
:2018C0000000A0400100000030003F00000000002D431CEBE2361A3F000080BF000080BF52
:2018E0000000A0400100000000000F00000000002D431CEBE2361A3F000080BF000080BF92
:201900000000A0400100000010001F00000000002D431CEBE2361A3F000080BF000080BF51
:201920000000A0400100000020002F00000000002D431CEBE2361A3F000080BF000080BF11
:201940000000A0400100000030003F00000000002D431CEBE2361A3F000080BF000080BFD1
:201960000000A0400100000000000F00000000002D431CEBE2361A3F000080BF000080BF11
:201980000000A0400100000010001F00000000002D431CEBE2361A3F000080BF000080BFD1
:2019A0000000A0400100000020002F00000000002D431CEBE2361A3F000080BF000080BF91
:2019C0000000A0400100000030003F00000000002D431CEBE2361A3F000080BF000080BF51
:2019E0000000A0400100000000000F00000000002D431CEBE2361A3F000080BF000080BF91
:201A00000000A0400100000010001F00000000002D431CEBE2361A3F000080BF000080BF50
:201A20000000A0400100000020002F00000000002D431CEBE2361A3F000080BF000080BF10
:201A40000000A0400100000030003F00000000002D431CEBE2361A3F000080BF000080BFD0
:201A60000000A0400100000000000F00000000002D431CEBE2361A3F000080BF000080BF10
:201A80000000A0400100000010001F00000000002D431CEBE2361A3F000080BF000080BFD0
:201AA0000000A0400100000020002F00000000002D431CEBE2361A3F000080BF000080BF90
:201AC0000000A0400100000030003F00000000002D431CEBE2361A3F000080BF000080BF50
:201AE0000000A0400100000000000F00000000002D431CEBE2361A3F000080BF000080BF90
:201B00000000A0400100000010001F00000000002D431CEBE2361A3F000080BF000080BF4F
:201B20000000A0400100000020002F00000000002D431CEBE2361A3F000080BF000080BF0F
:201B40000000A0400100000030003F00000000002D431CEBE2361A3F000080BF000080BFCF
:201B60000000A0400100000000000F00000000002D431CEBE2361A3F000080BF000080BF0F
:201B80000000A0400100000010001F00000000002D431CEBE2361A3F000080BF000080BFCF
:201BA0000000A0400100000020002F00000000002D431CEBE2361A3F000080BF000080BF8F
:201BC0000000A0400100000030003F00000000002D431CEBE2361A3F000080BF000080BF4F
:201BE0000000A0400100000000000F00000000002D431CEBE2361A3F000080BF000080BF8F
:201C00000000A0400100000010001F00000000002D431CEBE2361A3F000080BF000080BF4E
:201C20000000A0400100000020002F00000000002D431CEBE2361A3F000080BF000080BF0E
:201C40000000A0400100000030003F00000000002D431CEBE2361A3F000080BF000080BFCE
:201C60000000A0400100000000000F00000000002D431CEBE2361A3F000080BF000080BF0E
:201C80000000A0400100000010001F00000000002D431CEBE2361A3F000080BF000080BFCE
:201CA0000000A0400100000020002F00000000002D431CEBE2361A3F000080BF000080BF8E
:201CC0000000A0400100000030003F00000000002D431CEBE2361A3F000080BF000080BF4E
:201CE0000000A0400100000000000F00000000002D431CEBE2361A3F000080BF000080BF8E
:201D00000000A0400100000010001F00000000002D431CEBE2361A3F000080BF000080BF4D
:201D20000000A0400100000020002F00000000002D431CEBE2361A3F000080BF000080BF0D
:201D40000000A0400100000030003F00000000002D431CEBE2361A3F000080BF000080BFCD
:201D60000000A0400100000000000F00000000002D431CEBE2361A3F000080BF000080BF0D
:201D80000000A0400100000010001F00000000002D431CEBE2361A3F000080BF000080BFCD
:201DA0000000A0400100000020002F00000000002D431CEBE2361A3F000080BF000080BF8D
:201DC0000000A0400100000030003F00000000002D431CEBE2361A3F000080BF000080BF4D
:201DE0000000A0400100000000000F00000000002D431CEBE2361A3F000080BF000080BF8D
:201E00000000A0400100000010001F00000000002D431CEBE2361A3F000080BF000080BF4C
:201E20000000A0400100000020002F00000000002D431CEBE2361A3F000080BF000080BF0C
:201E40000000A0400100000030003F00000000002D431CEBE2361A3F000080BF000080BFCC
:201E60000000A0400100000000000F00000000002D431CEBE2361A3F000080BF000080BF0C
:201E80000000A0400100000010001F00000000002D431CEBE2361A3F000080BF000080BFCC
:201EA0000000A0400100000020002F00000000002D431CEBE2361A3F000080BF000080BF8C
:201EC0000000A0400100000030003F00000000002D431CEBE2361A3F000080BF000080BF4C
:201EE0000000A0400100000000000F0000000000000000000000F03F0000000000000000C3
:201F0000000000000100000010001F0000000000000000000000F03F000000000000000062
:201F2000000000000100000020002F0000000000000000000000F03F000000000000000022
:201F4000000000000100000030003F0000000000000000000000F03F0000000000000000E2
:201F6000000000000100000000000E00000000007B14AE47E17A843F0000B4C2000000003A
:201F800000000000010000000F001D00000000007B14AE47E17A843F0000B4C200000000FC
:201FA00000000000010000001E002C00000000007B14AE47E17A843F0000B4C200000000BE
:201FC00000000000010000002D003B00000000007B14AE47E17A843F0000B4C20000000080
:201FE000000000000100000000000F0000000000000000000000F03F0000000000000000A2
:20200000000000000100000010001F0000000000000000000000F03F000000000000000061
:20202000000000000100000020002F0000000000000000000000F03F000000000000000021
:20204000000000000100000030003F0000000000000000000000F03F0000000000000000E1
:2020600000000000010000000000030000000000000000000000F03F00000000000000002D
:2020800000000000010000000400050000000000000000000000F03F000000000000000007
:2020A000000000000100000006000A0000000000000000000000F03F0000000000000000E0
:2020C00000000000010000000B00120000000000000000000000F03F0000000000000000B3
:2020E000000000000100000013001A0000000000000000000000F03F000000000000000083
:2021000000000000010000001B002A0000000000000000000000F03F00000000000000004A
:2021200000000000010000000000040000000000000000000000F03F00000000000000006B
:20214000000000000100000005000C0000000000000000000000F03F00000000000000003E
:2021600000000000010000000D001C0000000000000000000000F03F000000000000000006
:20218000000000000100000000000F0000000000000000000000F03F000000000000000000
:2021A000000000000100000010001F0000000000000000000000F03F0000000000000000C0
:2021C000000000000100000020002F0000000000000000000000F03F000000000000000080
:2021E000000000000100000030003F0000000000000000000000F03F000000000000000040
:20220000000000000100000000000F0000000000000000000000F03F00000000000000007F
:20222000000000000100000010001F0000000000000000000000F03F00000000000000003F
:20224000000000000100000020002F0000000000000000000000F03F0000000000000000FF
:20226000000000000100000000000F0000000000000000000000F03F00000000000000001F
:20228000000000000100000010001F0000000000000000000000F03F0000000000000000DF
:2022A000000000000100000020002F0000000000000000000000F03F00000000000000009F
:2022C000000000000100000030003F0000000000000000000000F03F00000000000000005F
:2022E000000000000100000000000F0000000000000000000000F03F00000000000000009F
:20230000000000000100000010001F0000000000000000000000F03F00000000000000005E
:20232000000000000100000020002F0000000000000000000000F03F00000000000000001E
:20234000000000000100000000000F0000000000000000000000F03F00000000000000003E
:20236000000000000100000010001F0000000000000000000000F03F0000000000000000FE
:20238000000000000100000020002F0000000000000000000000F03F0000000000000000BE
:2023A000000000000100000030003F0000000000000000000000F03F00000000000000007E
:2023C000000000000100000000000F0000000000000000000000F03F0000000000000000BE
:2023E000000000000100000010001F0000000000000000000000F03F00000000000000007E
:20240000000000000100000020002F0000000000000000000000F03F00000000000000003D
:20242000000000000100000000000F0000000000000000000000F03F00000000000000005D
:20244000000000000100000010001F0000000000000000000000F03F00000000000000001D
:20246000000000000100000020002F0000000000000000000000F03F0000000000000000DD
:20248000000000000100000030003F0000000000000000000000F03F00000000000000009D
:2024A000000000000100000000000F0000000000000000000000F03F0000000000000000DD
:2024C000000000000100000010001F0000000000000000000000F03F00000000000000009D
:2024E000000000000100000020002F0000000000000000000000F03F00000000000000005D
:202500000000000001000000030008007001E0FD0803E0FD040008007C01E0FD6803E0FDCB
:20252000040008008801E0FDE803E0FD040008009401E0FD6804E0FD04000800A001E0FD10
:20254000E804E0FD04000800AC01E0FD6805E0FD04000800B801E0FDE805E0FD040008005A
:20256000C401E0FD6806E0FD04000800D001E0FDE806E0FD04000800DC01E0FD6807E0FDD7
:2025800004000800E801E0FDE807E0FD04000800F401E0FD6808E0FD040008000002E0FD87
:2025A000E808E0FD040008000C02E0FD6809E0FD040008001802E0FDE809E0FD040008002C
:2025C0002402E0FD680AE0FD040008003002E0FDE80AE0FD040008003C02E0FD680BE0FD48
:2025E000040008004802E0FDE80BE0FD030008007802E0FDA80DE0FD040008008402E0FD75
:20260000080EE0FD030008009002E0FD880EE0FD040008009C02E0FDE80EE0FD0300080075
:20262000A802E0FD680FE0FD04000800B402E0FDC80FE0FD03000800C002E0FD4810E0FD8D
:2026400004000800CC02E0FDA810E0FD03000800D802E0FD2811E0FD000000000000000056
:20266000000000000000000000000000000000000000BFFF88EF0100E6EF0100010000004D
:202680000000000001000000000000000000000000000000000080FE0413E0FDEFDAC498A2
:2026A000000008000C13E0FDD0D2C498000008000000000000000000000000000000000010
:0D26C0000100000000000000E80300000120
:1326D00000000000010000000000000000000000000000F6
:2026E4000000000000000000000000006A490200BA4A0200A44B0200284C0200E852020078
:20270400D0510200D2500200B653020090540200904C0200284E0200504F020082550200AD
:2027240032560200C4560200D64902002C590200365A0200205B0200A65B0200B66102001C
:20274400E2600200C25F0200846202005E6302000E5C0200905D0200B85E0200506402003A
:20276400006502009465020092590200000000007013E0FDB013E0FD00000000FFFF000008
:20278400FC010201F0FF04021C000203FCFF0204FF7F00057F000006FF070007FF00000802
:2027A4001F000009F03F040A8400D9FF020000000000FFFF02000000C400D9FF02000000B4
:2027C40003FEFFFF030000000401D9FF020000000C00FFFF040000004401D9FF02000000E7
:2027E400A3FFFFFF050000008401D9FF020000000200FFFF060000008402D9FF020000006B
:202804000080FFFF0A0000004404D9FF0200000080FFFFFF110000000405D9FF0200000099
:202824000088FFFF140000004405D9FF0200000000FFFFFF150000008405D9FF0200000062
:20284400E0FFFFFF160000000406D9FF020000000FC0FFFF180000000100000004000000B3
:20286400008000004000010001000200200002000004020000200200004002000080020082
:20288400100003004000030040000400000804000010040001000500020005000100060066
:2028A4000200060020000600000107000000000000000000080000000000000000000000D6
:2028C400000000008000000000000000000000000000000000000000000000000000000074
:2028E4000000000000000000000000000000000000000000000000000000000000000000D4
:202904000000000000000000000000000000000000000000000000000000000000000000B3
:202924000000000000000000000000002801DF0EA50000004C29030052320300F6350300AB
:20294400F43203003C3603000000010000000100FF000F00FF000000010000000200FF00C4
:202964005F00B3000000010000000400FF004F00FF000000010000000800FF005F00EF0099
:202984000000010000001000FF005F00FF000000010000002000FF005B00FF00000001004A
:2029A40000004000FF00DF00E7000000010000008000F7001300E70000000100000000019A
:2029C400BF001F00A7000000010000000002EF004F00AF000000010000000004FD00450037
:2029E400BD000000010000000008EF004F00AB000000010000000010FF004F00BF00000006
:202A0400010000000020FF005700AF000000010000000040FF004B00BF0000000100000041
:202A24000080AB000B00A3000000010001000400FF007F00AF000000010001000800FF007D
:202A44007F00B7000000010001001000FF007F009F000000010001002000FF007F009F00CE
:202A64000000010001004000BF0039009F000000010001008000FF007F009F0000000100D9
:202A840001000001DB004B009B000000010002000100FF007F00BD0000000100020002002B
:202AA400FF007F00BF000000010002001000FF00FF00BF000000010002002000FF00FB00E8
:202AC400FF000000010002004000FF00FB00FF000000010002008000FF00FF00FD00000039
:202AE400010002000001DF00D100DF000000010002000002FF00F300CD0000000100020078
:202B04000004FF00FD00C3000000010002000008FB00F900D3000000010002000010FF000A
:202B2400FB00FF000000010002000020F7001700F7000000010002000040FF007900FF00B5
:202B44000000010002000080FF00DF00B9000000010003000400FF00FF00E7000000010069
:202B640003000800FF006B00FD000000010003001000FF00FB00E7000000010003004000A6
:202B8400FF006F00B7000000010004000100EF00CF00E1000000010004000400FF00DD0082
:202BA400E7000000010004000800FF008500FF000000010004001000FF00DD00BF000000EA
:202BC400010004002000BF009300AF000000010004004000BF008900BF000000010004007A
:202BE4008000FF00DF00B9000000010004000001BF00AF009F000000010004000002FF00A1
:202C04007F00870000000100040000040000000000000000010004000008AD000D00AD002D
:202C24000000010004000010AF002E00AB000000010004000020FF007F00ED000000010062
:202C440004000040FF007D00DF000000010004000080FF006C00D300000001000500010007
:202C6400FF006B00FF000000010005000200FF006F00D5000000010005000400FF0067002C
:202C8400DD000000010005000800BF0027009D000000010005001000FF006700FB0000004B
:202CA400010005002000FF00EF00B9000000010005004000FF006300FF0000000100050096
:202CC4008000FF006F00FD000000010005000001FF007D00AB000000010005000002FF00D0
:202CE4007500EF000000010005000004FF0077008D000000010005000008BF0035008F00CE
:202D04000000010005000010BF003F0089000000010005000020FF007D00EF000000010080
:202D240005000040BF002500BF0000000100060001007F0065005B00000001000600020057
:202D44007F0065005B0000000100060004007F006B005F0000000100060008007F006900E5
:202D64005F000000010006001000FF00B5004F0000000100060020007E0024005A000000B3
:202D8400010006004000BE00B0000E000000010007000100FF00D300ED000000010007009C
:202DA4000200FF00C300FD000000010007000400FF00DF00E5000000010007000800BF00B0
:202DC4009F00B7000000010007001000FF00C900FF000000010007002000BF000500BB0013
:202DE4000000010007004000BF000100BF000000010007008000FF004300FF00000001003E
:202E040007000001BF003500AF000000010007000002EF006700EF000000010007000004A8
:202E2400F7007500E7000000010007000010EF006B00EF000000010007000020DF005B0078
:202E4400CF000000010007000040FF00EF00D3000000010008000100AD000D00AD00000025
:202E6400010008000200AF000D00A7000000010008000400AB000B00A9000000010008006B
:202E84000800BB000900BB000000010008001000FD004900B5000000010008002000FF006B
:202EA4000100FF000000010008004000B7000100B7000000010008008000B7000700B5005A
:202EC4000000010009000100AD002D00AD000000010009000200AD002900A50000000100D4
:202EE40009000400AF002B00AD000000010009000800BF00BD00B7000000010009001000DB
:202F04009D001D009D00000001000A001000FF002F00DF00000001000A002000FF00EF0015
:202F2400D500000001000A004000FF006300DF00000001000A008000FF00EB00D7000000E0
:202F440001000A000001FF006900DF00000001000A000002FF00ED00DB00000001000A003B
:202F64000004F7006300D700000001000A000008F700E500D300000001000A0000106700D4
:202F840063004500000001000A000020E700E7004300000002000000010000000000000046
:202FA400000002000000020000000000000000000200000004000000000000000000020001
:202FC4000000080000000000000000000200000010000000000000000000020000002000B1
:202FE400000000000000000002000000400000000000000000000200000080000000000009
:203004000000000002000000000100000000000000000200000000020000000000000000A5
:2030240002000000000400000000000000000200000000080000000000000000020000007A
:203044000010000000000000000002000000002000000000000000000200000000400000F8
:203064000000000000000200000000800000000000000000020001000100000000000000C6
:2030840000000200010002000000000000000000020001000400000000000000000002001E
:2030A4000100080000000000000000000200020001000000000000000000020002000200F8
:2030C4000000000000000000020002000400000000000000000002000200080000000000D8
:2030E400000000000200020010000000000000000000020002002000000000000000000094
:203104000200020040000000000000000000020002008000000000000000000002000200DF
:2031240000010000000000000000020002000002000000000000000002000200000400007C
:2031440000000000000002000200000800000000000000000200020000100000000000004B
:203164000000020002000020000000000000000002000200004000000000000000000200E1
:2031840002000080000000000000000002000300010000000000000000000200030002009C
:2031A4000000000000000000020003000400000000000000000002000300080000000000F5
:2031C4000000000002000400010000000000000000000200040002000000000000000000DC
:2031E4000200040004000000000000000000020004000800000000000000000002000400AD
:20320400100000000000000000000000000001000700070002000000000000000200070080
:2032240003000600000000000000040007000700020000000000000008000300030002005D
:20324400000000000000200003000300030000000000000000000000000000000000000041
:2032640000000000000000000000000000000000000000000000000000000000000000004A
:2032840000000000000000000000000000000000000000000000000000000000000000002A
:2032A40000000000000000000000000000000000000000000000000000000000000000000A
:2032C4000000000000000000000000000000000000000000000000000000000000000000EA
:2032E400000000000000000000000000000000003078D38C002001000000307810000000EA
:203304000000000000000000000000000000000000000000000000000000000000000000A9
:20332400000000000000000000000000000000000000000000003C00EBFF000040003400EF
:20334400080008000000000000000000000000000000000000000000000000000000000059
:2033640000000000000000000000000000000000000000000000000000000000C01B5F3AD5
:203384000000032040030000C01800000000000000000000000000000000000000020000E9
:2033A400000000000000000000000000000000000000000000000000000000000000000009
:2033C40000000400EBFF0400400000000400000000000000000000000000000000000000B3
:2033E4000000000000000000000000000000000000000000000000000000000000000000C9
:203404000000000000000000400B2FFE000020104003400B00000000000000000000000072
:20342400000000000000000000000000000000000000000000000000000000000000000088
:203444000000000000080000000000000000183F9CF3000400001821001E002100000000FE
:20346400000000000000000000000000000000000000000018000000000000000000000030
:2034840000001800000000000000000000000000000000000000DCFF000000000000000035
:2034A400000000000000000000000000000000000000000000000000000000000000000008
:2034C4000000000000000000000000000000000000000000000000000000C866A7B9080052
:2034E4000001C8660000000000000000000000000000000000000000000000000000000099
:203504008066000000000000000008000000806600000000000000000000000000000000D3
:20352400E0001FFFE0000000E0000000E000000000000000000000000000000000000000E9
:20354400000000000000000000000000000000000000000000000000000000000000000067
:203564000000000000001F00E2FF010000001F0013000C0000000000000000000000000008
:20358400000000000000000000000000000000000000000000000000000000000000000027
:2035A4000000000000000000000000000000FFFF0000000000000000000000000000000009
:2035C4000000000000000000000000000000000000000000000000000000000000000000E7
:2035E4000000000000000000000000000000000000000000FFFF00000500000000000000C4
:203604000000000000000000000000000000000000000500000000000000000000000000A1
:203624000000000000000000000000000000000000000000000000000000FFFF0000000088
:20364400000000000000000000000000000000000000000000000000000000000000000066
:20366400000000000000000000000000000000000000000000000000000000000000000046
:20368400FFFF00000000000000000000000000000000000000000000000000000000000028
:2036A400000000000000000000000000000000000000000000000000000000000000000006
:2036C400000000000000FFFF000000000000000000000000000000000000000000000000E8
:2036E4000000000000000000000000000000000000000000000000000000000000000000C6
:20370400000000000000000000000000FFFF000000000000000000000000000000000000A7
:20372400000000000000000000000000000000000000000000000000000000000000000085
:20374400000000000000000000000000000000000000FFFF00000000000000000000000067
:20376400000000000000000000000000000000000000000000000000000000000000000045
:16378400000000000000000000000000000000000000000000002F
:20379C002841DE0E000000000438030020380300000000009438030000000000010200004C
:2037BC00008000000C0000000810E8FF8810E8FFEC02F8FF010800000020000008000000CD
:2037DC000C10E8FF8C10E8FFEE02F8FF09040000000000000100010002000100030001004A
:2037FC0000000000010001004050BFFF4052BFFF00F000E00000000000E000E020841401C4
:20381C00000000005010E8FF9010E8FF0000FF010C080008080000000080000000F000002A
:20383C003050BFFF3052BFFF1803F8FF0108000000200000002000003450BFFF3452BFFF0D
:20385C001A03F8FF0904000000400000004000003850BFFF3852BFFF1C03F8FF09040000FA
:20387C0000600000008000003C50BFFF3C52BFFF1E03F8FF09040000343803000000000022
:20389C00010000000000000001000000EC370300010000004C38030000000000010000005B
:2038BC000000000001000000F0370300010000006438030000000000010000000000000020
:2038DC0001000000F4370300010000007C38030000000000010000000000000001000000E3
:2038FC00F837030001000000BC37030000000000010000000000000001000000FC3703004B
:20391C0002000000D43703000000000001000000000000000100000000380300020000003C
:20393C0028C1D40E0303030003000000643903006C390300CC390300203A030000B4C4046B
:07395C00BC3A030000010268
:20396400000000010002000020040000000000000000000000000000010000009C3BE0FD67
:20398400A03BE0FD0000000008010000000000000000000001000000FF0000000000000062
:2039A40000000000AC3CE0FD08010000000000000000000001000000FF0000000000000035
:2039C40000000000B83CE0FD01000100C43A03000000000003000000020000000100000009
:2039E400C83A0300010001004C3B030000000000030100000200000001000000F43A0300FA
:203A0400010000004D3B030000000000030200000000000001000000203B030001000000B1
:203A240000000000000000000100000000000000080001004E3B030008000100503B030055
:203A440000000000000000000000000000000000020000000000000000000000010000005F
:203A64000000000008000100523B0300000000000000000008000100543B0300000000000E
:203A840000000000040000000000000000000000000000000000000008000100563B030081
:203AA4000000000000000000000000000000000008000100583B03000C3201006039030088
:203AC400000000000000000000000000000000000200000003000130000001000A010000A0
:203AE400000000000A0001000A0000000000000000000000000000000000000002000000AB
:203B0400030001300000010014000000000000000A0001000A000000000000000000000043
:203B240000000000000000A002000000030070300000000001000000000000000100010039
:163B44000100000000000000010200000000010001000200020061
:203B5C002881D90E1000000000FA00007C0C7C0001000000000000002801D70E000000009C
:203B7C000000000000000000000000000001000000020000002CC6FF00000000FFFFFFFF39
:203B9C00FFFFFFFFFFFFFFFFFFFFFFFFFFFFFFFFFFFFFFFFFFFFFFFFFFFFFFFF2801D40E1A
:203BBC0001020400D43B03000C3D0300EC3B0300FC3B0300043D03001004020000070000BF
:203BDC00000008006C3C03007C3C0300BC3C030000000100DC3C030000000100F03C030014
:203BFC00000000000000000000000000030000000000000072110000000000000000000023
:203C1C000001000001000000030000000100000072110000000000000100000000004000BE
:203C3C00020000000400000008000000A01C00000000000001000000000140000300000059
:203C5C00040000001E000000A01C0000000000000000000000000100000000000100000068
:203C7C00000000000000000000000000000000000000000000000000000000000000000028
:203C9C00000000000000000000000000000000000000000000000000000000000000000008
:203CBC0000020000000200C0000000000100000001010000000000C000000000020000005F
:203CDC00000000000700180A070101000000000001010000000000000700180A0701010062
:203CFC00000000000101000000000000000000010100020F00082000000400006202F8FF0C
:203D1C006402F8FF6002F8FF0100070F00082000000400008002F8FF8202F8FF7E02F8FF23
:203D3C00010000000000F5FF0018F5FF0014F5FF5202F8FF2881D40E883D0300603D030020
:203D5C004C3CE0FD0180D2FF810200004203F8FF4403F8FF4603F8FF01C0C7FF8102000049
:203D7C004A03F8FF4C03F8FF4E03F8FF0500000100000500010100002841D90E043E0300B3
:203D9C00203E0300B83D030000000000000000000000000000000000D83D0300FCDFC0FDFE
:203DBC0000100000FF00000004000000FCEFA0FD00100000FF000000040000000000000039
:203DDC000000000000000000000000000000000000000000000000000000000000000000C7
:203DFC00000000000000000001000000000000000100000001000000010000004C40030014
:203E1C000B00000000000000FFFF000000000000000000000000000000000000000000007D
:203E3C00000000000000000000000000000000000000000000000000000000000000000066
:203E5C00000000000000000000000000000000000000000000000000000000000000000046
:203E7C00000000000000000000000000000000000000000000000000000000000000000026
:203E9C00000000000000000000000000000000000000000000000000000000000000000006
:203EBC000000000000000000000000000000000000000000000000000000000000000000E6
:203EDC000000000000000000000000000000000000000000000000000000000000000000C6
:203EFC000000000000000000000000000000000000000000000000000000000000000000A6
:203F1C00000000000000000000000000000000000000000000000000100000000000000075
:203F3C00000000000000000000000000000000000000000000000000000000000000000065
:203F5C000000000000000000000000000000000000000000FFFFEF808880C060FEEEF0F8DC
:203F7C00F8F8F8F000C0FF7FF8F03FFCFCFFFFFFC6E8FC7FC6E8FC7F0000000000000000A1
:203F9C00FFFFEF808880C060FEEEF0F8F8F8F8F000C0FF7FF8F03FFCFCFFFFFFC6E8FC7F41
:203FBC00C6E8FC7F00000000000000000000000000000000000000000000000000000000BC
:203FDC000000000000000000000000000000000000000000000000000000000000000000C5
:203FFC000000000000000000000000000000000000000000000000000000000000000000A5
:20401C00000000000000000000000000000000000000000000000000000000000000000084
:20403C0000000000000000000000000000000000008398FF088398FF000000000000000028
:20405C00010000000000000001000000400198FF480198FF00000000000000000100000089
:20407C000000000001000000500198FF580198FF000000000000000001000000000000004A
:20409C0001000000600198FF680198FF00000000000000000000000000000000010000000A
:2040BC00700198FF780198FF0000000000000000010000000000000001000000008298FFB1
:2040DC00088298FF0000000000000000010000000000000001000000108298FF188298FF47
:2040FC000000000000000000030000000000000001000000208298FF288298FF0000000026
:20411C0000000000010000000000000001000000308298FF388298FF408298FF488298FF2D
:20413C00010000000100000003000000508298FF588298FF608298FF688298FF0100000089
:20415C000400000007000000708298FF788298FF808298FF888298FF0100000000000000E3
:04417C000700000038
:02000004FF32C9
:2013800000000000000000000000000000000000FFFFFFFFFFFFFFFFFFFFFFFFFFFFFFFF5D
:2013A0001000F33F0000FBF0FFFFFFFFFCFEFFF10F0C0C0CFFFFFFFFC30FFFFFFFFFFFFF1F
:2013C000FEFFFFFFFFFFF1FF8E28FDF9FFFFFFEFFDFFFFFFFFFFFFFF92010000FFFFFFFF07
:2013E000FFFFFF6FFFFFFFFFFFFFFFFFFFFFFFFF00FF88F0CC00000000C000C000C0FFFF0C
:0400000500021D0CCC
:00000001FF
