:02000004007F7B
:20000000810790BA1C0000000000000000000000810754BB0000000000000000000000005B
:20002000810744BB000000000000000000000000810734BB000000000000000000000000C2
:200040008107AC61000000000000000000000000800700F200000000000000000000000092
:20006000810704BB0000000000000000000000000000000000000000000000000000000039
:200080008107E4BA0000000000000000000000008107D4BA00000000000000000000000024
:2000A0008107C4BA000000000000000000000000000000000000000000000000000000003A
:2000C0008107A4BA000000000000000000000000000000000000000000000000000000003A
:2000E000810784BA000000000000000000000000810774BA00000000000000000000000084
:20010000810764BA000000000000000000000000810754BA000000000000000000000000A3
:20012000810744BA000000000000000000000000810734BA000000000000000000000000C3
:20014000810724BA000000000000000000000000810714BA000000000000000000000000E3
:20016000810704BA0000000000000000000000008107F4B900000000000000000000000004
:200180008107E4B90000000000000000000000008107D4B900000000000000000000000025
:2001A0008107C4B90000000000000000000000008107B4B900000000000000000000000045
:2001C0008107A4B9000000000000000000000000810794B900000000000000000000000065
:1401E000810784B9000000000000000000000000810774B991
:2002000074BB800074BB800074BB800074BB800074BB800074BB800074BB800074BB800066
:2002200074BB800074BB800074BB800074BB800074BB800074BB800074BB800074BB800046
:2002400074BB800074BB800074BB800074BB800074BB800074BB80002685810074BB8000A9
:2002600074BB800074BB800074BB800074BB800074BB800074BB800074BB800074BB800006
:2002800074BB800074BB800074BB800074BB800074BB800074BB800074BB800074BB8000E6
:2002A00074BB800074BB800074BB800074BB800074BB800074BB800074BB800074BB8000C6
:2002C00074BB800066BF810074BB800074BB800074BB800074BB800074BB800074BB8000AF
:2002E00074BB800074BB800074BB800074BB800074BB800074BB800074BB800074BB800086
:2003000074BB800074BB800074BB800074BB800074BB800074BB800074BB800074BB800065
:2003200074BB800074BB800074BB800074BB800074BB800074BB800074BB800074BB800045
:2003400074BB800074BB800074BB800074BB800074BB800074BB800074BB800074BB800025
:2003600074BB800074BB800074BB800074BB800074BB800074BB800074BB800074BB800005
:2003800074BB800074BB800074BB800074BB800074BB800074BB800074BB800074BB8000E5
:2003A00074BB800074BB800074BB800074BB800074BB800074BB800074BB800074BB8000C5
:2003C00074BB800074BB800074BB800074BB800074BB800074BB800074BB800074BB8000A5
:2003E00074BB800074BB800074BB800074BB800074BB800074BB800074BB800074BB800085
:2004000074BB800074BB800074BB800074BB800074BB800074BB800074BB800074BB800064
:2004200074BB800074BB800074BB800074BB800074BB800074BB800074BB800074BB800044
:2004400074BB800074BB800074BB800074BB800074BB800074BB800074BB800074BB800024
:2004600074BB800074BB800074BB800074BB800074BB800074BB800074BB800074BB800004
:2004800074BB800074BB800074BB800074BB800074BB800074BB800074BB800074BB8000E4
:2004A00074BB800074BB800074BB800074BB800074BB800074BB800074BB800074BB8000C4
:2004C00074BB800074BB800074BB800074BB800074BB800074BB800074BB800074BB8000A4
:2004E00074BB800074BB800074BB800074BB800074BB800074BB800074BB800074BB800084
:2005000074BB800074BB800074BB800074BB800074BB800074BB800074BB80005A628000D6
:2005200074BB800074BB800074BB800074BB800074BB800074BB800074BB800074BB800043
:2005400074BB800074BB800074BB800074BB800074BB800074BB800074BB800074BB800023
:2005600074BB800074BB800074BB800074BB800074BB800074BB800074BB800074BB800003
:2005800074BB800074BB800074BB80005EBE810074BB800074BB800074BB800074BB8000F5
:2005A00074BB800074BB800074BB800074BB800074BB800074BB800074BB800074BB8000C3
:2005C00074BB800074BB8000E2BE810074BB800074BB800074BB800074BB800074BB800031
:2005E00074BB800074BB8000507F81000C81810074BB800074BB800074BB800074BB800083
:2006000074BB800074BB800074BB800074BB8000E47F8100A081810074BB800074BB80003A
:20062000788081003482810074BB800074BB800074BB800074BB800074BB800074BB8000F0
:2006400074BB800074BB800074BB800074BB800074BB800074BB800074BB800074BB800022
:2006600074BB800074BB800074BB800074BB800074BB800074BB800074BB800074BB800002
:2006800074BB800074BB800074BB800074BB800074BB800074BB800074BB800074BB8000E2
:2006A00074BB8000AAA0810074BB800074BB800074BB800074BB800074BB800074BB8000A6
:2006C000E0A3810074BB8000C2A1810074BB800074BB800074BB800074BB800074BB800018
:2006E00074BB800074BB800074BB800074BB800074BB800074BB800074BB800056A48100B6
:2007000074BB800038A2810074BB800074BB800074BB800074BB800074BB800074BB8000B5
:2007200074BB800074BB800074BB800074BB800074BB800074BB800074BB800074BB800041
:2007400074BB800074BB800074BB800074BB800074BB800074BB800074BB800074BB800021
:2007600074BB800074BB800074BB800074BB800074BB800074BB800074BB800074BB800001
:2007800074BB800074BB800074BB800074BB800074BB800074BB800074BB800074BB8000E1
:2007A00074BB800074BB800074BB800074BB8000F4F6800074BB800074BB800074BB800006
:2007C00074BB800074BB800074BB800074BB800074BB800074BB800074BB800074BB8000A1
:2007E00074BB800074BB800074BB800074BB800074BB800074BB800074BB800074BB800081
:2008000074BB800074BB800074BB80004C0F8100C20F810074BB800074BB800074BB800090
:2008200074BB800074BB800074BB800074BB8000E64D81005C4E8100D24E8100484F810064
:2008400074BB800074BB800074BB800074BB800074BB800074BB800074BB800074BB800020
:200860003810810074BB800074BB800074BB8000AE1081002411810074BB800074BB80004F
:2008800074BB800010CB810086CB8100FCCB810074BB800072CC8100E8CC81005ECD8100E4
:2008A00074BB800074BB800074BB800074BB800074BB800074BB800074BB800074BB8000C0
:2008C00074BB8000F6F37F006CF47F00E2F47F0074BB800094F27F000AF37F0080F37F00AB
:2008E00074BB800074BB800074BB800074BB800074BB800074BB800074BB800074BB800080
:2009000074BB800074BB800074BB800074BB800074BB800074BB800074BB800074BB80005F
:2009200074BB800074BB800074BB800074BB800074BB800074BB800074BB800074BB80003F
:2009400074BB800074BB800074BB800074BB800074BB800074BB800074BB800074BB80001F
:2009600074BB800074BB800074BB800074BB800074BB800074BB800074BB800074BB8000FF
:2009800074BB800074BB800074BB800074BB800074BB800074BB800074BB800074BB8000DF
:2009A00074BB800074BB800074BB800074BB800074BB800074BB800074BB800074BB8000BF
:2009C00074BB800074BB800074BB800074BB800074BB800074BB800074BB800074BB80009F
:2009E00074BB800074BB800074BB800074BB800074BB800074BB800074BB800074BB80007F
:200A000074BB800074BB800074BB800074BB800074BB800074BB800074BB800074BB80005E
:200A200074BB800074BB800074BB800074BB800074BB800074BB800074BB800074BB80003E
:200A400074BB800074BB800074BB800074BB800074BB800074BB800074BB800074BB80001E
:200A600074BB800074BB800074BB800074BB800074BB800074BB800074BB800074BB8000FE
:200A800074BB800074BB800074BB800074BB800074BB800074BB800074BB800074BB8000DE
:200AA00074BB800074BB800074BB800074BB800074BB800074BB800074BB800074BB8000BE
:200AC00074BB800074BB800074BB800074BB800074BB800074BB800074BB800074BB80009E
:200AE00074BB8000200E810074BB800074BB800074BB800074BB800074BB800074BB80007E
:200B000074BB800074BB800074BB800074BB800074BB800074BB800074BB800074BB80005D
:200B200074BB800074BB800074BB800074BB800074BB800074BB800074BB800074BB80003D
:200B400074BB800074BB800074BB800074BB800074BB800074BB800074BB800074BB80001D
:200B600074BB800074BB800074BB800074BB800074BB800074BB800074BB800074BB8000FD
:200B800074BB800074BB800074BB800074BB800074BB800074BB800074BB800074BB8000DD
:200BA00074BB800074BB800074BB800074BB800074BB800074BB800074BB800074BB8000BD
:200BC00074BB800074BB800074BB800074BB800074BB800074BB800074BB800074BB80009D
:200BE00074BB800074BB800074BB800074BB800074BB800074BB800074BB800074BB80007D
:200C000074BB800074BB800074BB800074BB800074BB8000C84D8200B24E82008C4F8200F3
:200C200074BB800074BB800074BB800074BB800074BB800074BB800074BB800074BB80003C
:200C400074BB800074BB800074BB800074BB800074BB800074BB800074BB800074BB80001C
:200C600074BB800074BB800074BB800074BB800074BB800074BB800074BB800074BB8000FC
:200C800074BB800074BB800074BB800074BB800074BB800074BB800074BB800074BB8000DC
:200CA00074BB800074BB800074BB800074BB800074BB800074BB800074BB800074BB8000BC
:200CC00074BB800074BB800074BB800074BB800074BB800074BB800074BB800074BB80009C
:200CE00074BB800074BB800074BB800074BB800074BB800074BB800074BB800074BB80007C
:200D000074BB800074BB800074BB800074BB800074BB800074BB800074BB800074BB80005B
:200D200074BB800074BB800074BB800074BB800074BB800074BB800074BB800074BB80003B
:200D400074BB800074BB800074BB800074BB800074BB800074BB800074BB800074BB80001B
:200D600074BB800074BB800074BB800074BB800074BB800074BB800074BB800074BB8000FB
:200D800074BB800074BB800074BB800074BB800074BB800074BB800074BB800074BB8000DB
:200DA00074BB800074BB800074BB800074BB800074BB800074BB800074BB800074BB8000BB
:200DC00074BB800074BB800074BB800074BB800074BB800074BB800074BB800074BB80009B
:200DE00074BB800074BB800074BB800074BB800074BB800074BB800074BB800074BB80007B
:200E000074BB800074BB800074BB800074BB800074BB800074BB800074BB800074BB80005A
:200E200074BB800074BB800074BB800074BB800074BB800074BB800074BB800074BB80003A
:200E400074BB800074BB800074BB800074BB800074BB800074BB800074BB800074BB80001A
:200E600074BB800074BB800074BB800074BB800074BB800074BB800074BB800074BB8000FA
:200E800052483835302F553241782044656D6F20436F64650D0A0056656869636C654374DE
:200EA000726C005379734D6F6E0064697361626C650076657273696F6E007472696767658F
:200EC00072004F46460073746172740068656C700072656164002D73002D630073746F705C
:200EE0000073746174757300656E61626C65002D67006E6F74696679004F4E006C69737461
:200F00000047726F757020256420737461747573206973202573200A006164632073746FDB
:200F200070203C67726F75703E20202020202020202020202020202020202020202D20535A
:200F4000746F70732074686520636F6E76657273696F6E0A004144432047726F757025647C
:200F6000204368616E6E656C25642056616C7565203D20307825780A0047726F75702025D4
:200F80006420636F6E76657273696F6E207374617274210A004D6F64756C652049443D2599
:200FA000642C56656E646F7249443D25642C5377566572696F6E3D25642E25642E25640A39
:200FC0000047726F7570202564206861726477617265207472696767657220656E61626CB7
:200FE0006564210A004144435F434F4D504C45544544006164632068656C702020202020A8
:2010000020202020202020202020202020202020202020202020202D2073686F77207468E6
:2010200069732068656C70206D6573736167650A004368616E6E656C20256420696E20473C
:20104000726F75702025642064697361626C6564210A0047726F75702025642063616C6C2C
:201060002D6261636B206E6F74696669636174696F6E2077696C6C20626520696E766F6B85
:201080006564210A00556E6B6E6F776E20636F6D6D616E642E20506C6561736520656E745E
:2010A000657220276164632720666F722068656C700A004144435F49444C45004144435F1D
:2010C00042555359004144435F53545245414D5F434F4D504C4554454400616463206C69C1
:2010E0007374202020202020202020202020202020202020202020202020202020202D203C
:201100006C697374206D63616C20636F6E66696775726174696F6E0A006164632073746124
:201120007274203C67726F75703E202020202020202020202020202020202020202D205302
:2011400074617274732074686520636F6E76657273696F6E0A002020202020202020202050
:201160002020202020202A202D733A20202020202020202020202D207265616420737472C9
:2011800065616D6D696E670A00202020202020202020202020202020202A202D63203C63CE
:2011A00068616E6E656C3E3A202D2072656164207370656369666963206368616E6E656CD9
:2011C0000A0047726F757020256420636F6E76657273696F6E2073746F70210A00436861CC
:2011E0006E6E656C20256420696E2047726F757020256420656E61626C6564210A004772FD
:201200006F75702025642063616C6C2D6261636B206E6F74696669636174696F6E20776F2A
:201220006E277420626520696E766F6B6564210A0047726F75702025642068617264776136
:20124000726520747269676765722064697361626C6564210A006164632076657273696F40
:201260006E202020202020202020202020202020202020202020202020202D204765742053
:201280007468652076657273696F6E206F66207468652041444320447269766572206D6F21
:2012A00064756C650A0061646320737461747573203C67726F75703E2020202020202020C7
:2012C000202020202020202020202D204765742074686520636F6E76657273696F6E207307
:2012E00074617475730A0061646320656E61626C65202D67203C67726F75703E202D6320B9
:201300003C6368616E6E656C3E20202D20456E61626C6520746865206368616E6E656C202C
:20132000696E2067726F75700A006164632064697361626C65202D67203C67726F75703EE8
:20134000202D63203C6368616E6E656C3E202D2044697361626C6520746865206368616E2E
:201360006E656C20696E2067726F75700A00616463206E6F74696679203C4F4E2F4F4646FC
:201380003E202D67203C67726F75703E2020202020202D20456E61626C652F44697361622E
:2013A0006C65207468652067726F757020636F6E76657273696F6E20636F6D706C657469CB
:2013C0006F6E206E6F746966790A006164632074726967676572203C4F4E2F4F46463E20D0
:2013E0002D67203C67726F75703E20202020202D20456E61626C652F44697361626C65205B
:2014000074686520686172647761726520747269676765720A006164632072656164203CBF
:2014200067726F75703E203C6F7074696F6E733E202020202020202020202D205265616492
:201440002076616C75652C6F7074696F6E7320696E636C7564653A0A006164632064697347
:2014600061626C65202D67203C67726F75703E202D63203C6368616E6E656C3E20202D20AD
:2014800044697361626C6520746865206368616E6E656C20696E2067726F75700A002B2D98
:2014A0002D2D2D2D2D2D2D2D2D2D2D2D2D2D2D2D2D2D2D2D2D2D2D2D2D436F6E66696775FC
:2014C000726174696F6E20496E666F726D6174696F6E2D2D2D2D2D2D2D2D2D2D2D2D2D2D63
:2014E0002D2D2D2D2D2D2D2D2D2D2D2D2D2B0A007C20202020202020202020202020202012
:2015000020202020202047726F75703020414E3030307E414E30343320746F74616C203255
:2015200030206368616E6E656C732020202020202020202020202020202020202020207CF3
:201540000A002B2D2D2D2D2D2D2D2D2D2D2D2D2D2D2D2D2D2D2D2D2D2D2D2D2D2D2D2D2D3D
:201560002D2D2D2D2D2D2D2D2D2D2D2D2D2D2D2D2D2D2D2D2D2D2D2D2D2D2D2D2D2D2D2DCB
:201580002D2D2D2D2D2D2D2D2D2D2D2D2D2D2D2D2D2B0A007C205472696767657220202049
:2015A00020202020202020207C20536F66747761726520747269676765722E202020202062
:2015C00020202020202020202020202020202020202020202020202020202020202020200B
:2015E0002020207C0A007C20436F6E76657273696F6E20202020202020207C204F6E652065
:2016000073686F7420636F6E76657273696F6E2E2020202020202020202020202020202078
:201620002020202020202020202020202020202020202020207C0A007C2041636365737396
:20164000206D6F6465202020202020207C2053696E676C6520616363657373206D6F646590
:201660002E202020202020202020202020202020202020202020202020202020202020205C
:20168000202020202020207C0A007C20526573756C742061636365737320202020207C20FB
:2016A000495352206D6F646520776974686F7574207573696E6720444D41207472616E73C3
:2016C0006665722E2020202020202020202020202020202020202020207C0A007C2020209D
:2016E00020202020202020202020202020202020202047726F75703120414E3130307E416D
:201700004E31323320746F74616C203132206368616E6E656C732020202020202020202072
:2017200020202020202020202020207C0A007C20436F6E76657273696F6E20202020202041
:2017400020207C20436F6E74696E756F757320636F6E76657273696F6E2E20202020202022
:2017600020202020202020202020202020202020202020202020202020202020207C0A0043
:201780007C20416363657373206D6F6465202020202020207C204C696E6561722073747246
:2017A00065616D696E6720616363657373206D6F64652E2020202020202020202020202093
:2017C0002020202020202020202020202020207C0A007C20526573756C7420616363657369
:2017E0007320202020207C20504F4C4C494E47206D6F646520776974686F757420757369BB
:201800006E6720444D41207472616E736665722E202020202020202020202020202020204E
:20182000207C0A007C20202020202020202020202020202020202020202047726F757032A7
:2018400020414E3133307E414E31343320746F74616C202038206368616E6E656C73202038
:20186000202020202020202020202020202020202020207C0A007C20526573756C742061E6
:20188000636365737320202020207C20504F4C4C494E47206D6F646520776974682075733D
:2018A000696E6720444D41207472616E736665722E20202020202020202020202020202065
:2018C00020202020207C0A007C20202020202020202020202020202020202020202047720D
:2018E0006F75703320414E3230307E414E32313020746F74616C202035206368616E6E653A
:201900006C732020202020202020202020202020202020202020207C0A007C205472696790
:2019200067657220202020202020202020207C20486172647761726520747269676765722B
:201940002E2020202020202020202020202020202020202020202020202020202020202079
:201960002020202020202020207C0A007C20436F6E76657273696F6E2020202020202020FF
:201980007C204F6E6573686F727420636F6E76657273696F6E2E2020202020202020202085
:2019A0002020202020202020202020202020202020202020202020202020207C0A007C20A5
:2019C000526573756C742061636365737320202020207C20495352206D6F64652077697493
:2019E00068207573696E6720444D41207472616E736665722E202020202020202020202034
:201A0000202020202020202020202020207C0A006164632074726967676572203C4F4E2F3C
:201A20004F46463E202D67203C67726F75703E2020202020202D20456E61626C652F4469E2
:201A40007361626C652074686520686172647761726520747269676765720A0041444320AA
:201A600047726F75702564200A00202043482530326420207C0020307825303478207C00CF
:201A80007C000A0076657273696F6E002D6964007374617274007772697465000A00686590
:201AA0006C70002D630073746F7000726561640043616E25642073746172746564210A007B
:201AC00063616E207374617274202D63203C6368616E6E656C3E2020202020202020202023
:201AE0002D7374617274206368616E6E656C0A0043616E25642073746F70706564210A00A3
:201B0000436F6D6D616E64204572726F72210A004D6F64756C652049443D25642C56656E83
:201B2000646F7249443D25642C5377566572696F6E3D25642E25642E25640A0057616974D1
:201B4000696E6720666F722043616E206D657373616765210A0052656369657665205469DE
:201B60006D656F7574210A0063616E207772697465202D63203C636F6E74726F6C6C657243
:201B80003E202D6964203C69643E202020202D207772697465206D6573736167650A00631C
:201BA000616E2072656164202020202020202020202020202020202020202020202020207A
:201BC00020202020202D2072656164206D657373736167650A0063616E207374617274205A
:201BE0002D63203C6368616E6E656C3E202020202020202020202020202020202D207374AE
:201C0000617274206368616E6E656C0A0063616E2073746F70202D63203C6368616E6E65E9
:201C20006C3E202020202020202020202020202020202D2073746F70206368616E6E656CEE
:201C40000A0063616E207374617274202D63203C6368616E6E656C3E2020202020202020D7
:201C600020202D73746F70206368616E6E656C0A0063616E20256420686176652073656E29
:201C8000642061206672616D652077697468206964203078253034780A00506C656173653E
:201CA0002073656E64206D65737361676520696E203130732E0A0054696D652072656D61DE
:201CC000696E696E67203A2031302E30730008080808082025642E25647300526563696560
:201CE0007665205375636375657373210A004964203D307825782C44617461203D20307856
:201D000025782C307825782C307825782C307825782C00307825782C307825782C307825F8
:201D2000782C307825780A0063616E2076657273696F6E20202020202020202020202020B8
:201D400020202020202020202020202020202D20476574207468652076657273696F6E20AF
:201D60006F66207468652043616E20447269766572206D6F64756C650A0063616E20766592
:201D80007273696F6E202020202020202020202020202020202020202020202020202D20AB
:201DA000476574207468652076657273696F6E206F66207468652043616E204472697665DA
:201DC00072206D6F64756C650A0076657273696F6E002D636F002D676F00777269746500AE
:201DE00068656C70006C697374002D63002D67002D70007265616400666C69700020202016
:201E000020202020202A202D636F20666F72206368616E6E656C206F75747075742C202D2F
:201E2000676F20666F72206368616E6E656C2067726F7570206F75747075740A00202020E4
:201E400020202020202A203C76616C75653E206C6576656C2076616C75652C203078312047
:201E60006F722030783020666F72206368616E6E656C2C0A0064696F20666C6970203C6927
:201E80006E6465783E2020202020202020202020202020202020202020202020202D2066A2
:201EA0006C6970206368616E6E656C0A00726561642064696F206368616E6E656C206772F0
:201EC0006F7570202564203A202573206C6576656C206973203078253034780A004D6F64CC
:201EE000756C652049443D25642C56656E646F7249443D25642C5377566572696F6E3D2571
:201F0000642E25642E25640A00496E76616C696420706172616D65746572210A00777269C0
:201F200074652064696F206368616E6E656C2067726F7570202564203A20257320746F2048
:201F4000203078253034780A0064696F2066646C6970203C696E6465783E202020202020D1
:201F600020202020202020202020202020202D666C6970206368616E6E656C0A0047726F9E
:201F800075705F4730320047726F75705F4730330047726F75705F4730340047726F75701A
:201FA0005F4730350047726F75705F4730360047726F75705F4731300047726F75705F4736
:201FC00031370047726F75705F4732300047726F75705F4732310047726F75705F47323257
:201FE0000047726F75705F473234006368616E6E656C206572726F722175736520646566E8
:2020000061756C74206368616E6E656C2067726F7570204731372E0A006368616E6E656CE4
:20202000206572726F72217573652064656661756C7420706F727420504731372E0A006344
:2020400068616E6E656C206572726F72217573652064656661756C74206368616E6E656C54
:20206000204B4559315F50335F362E0A00726561642064696F206368616E6E656C202564DD
:20208000203A202573206C6576656C2069732025640A0066696C702064696F206368616E86
:2020A0006E656C202564203A2025730A00556E6B6E6F776E20636F6D6D616E642E20506C23
:2020C0006561736520656E746572202764696F2720666F722068656C700A005F303230301F
:2020E0005F504D49435F494E544220005F303230325F504D49435F5353504220005F303289
:2021000031355F504D49435F5744454E42005F303330365F4B455931202020202020005F42
:20212000303430305F414645325F4454522020005F303430355F414645325F44544D2020EC
:20214000005F303431305F4C494E5F57414B452020005F303431335F414645315F44545286
:202160002020005F303431345F4C494E5F534C50202020005F303431355F414645315F44DF
:20218000544D2020005F303530345F414645315F454E202020005F303530365F4146453102
:2021A0005F464C542020005F303630355F414645325F464C542020005F303631315F4B4578
:2021C0005932202020202020005F303631325F4B455932202020202020005F313030305FD3
:2021E0004554485F57414B452020005F313030315F4554485F524553455420005F313730DD
:20220000305F4C454431202020202020005F313730315F4C454432202020202020005F318B
:202220003730355F4C454433202020202020005F323030385F5048595F494E4420202000C8
:2022400020202020202020202A202D6320666F72206368616E6E656C2C202D6720666F72FD
:20226000206368616E6E656C2067726F75702C202D7020666F7220706F72740A0064696F9D
:20228000206368616E6E656C2069642025643A2025730A0064696F206368616E6E656C205E
:2022A00067726F75702069642025643A2025730A006368616E6E656C206572726F722175A6
:2022C00073652064656661756C74206368616E6E656C204C454F31205031375F302E0A0058
:2022E000656E7465722064696F206C697374202D6320746F20676574206368616E6E656C7C
:20230000206C6973740A0077726974652064696F206368616E6E656C202564203A2025739C
:2023200020746F206C6576656C2025640A00656E7465722064696F206C697374202D672085
:20234000746F20676574206368616E6E656C2067726F7570206C6973740A007772697465E3
:202360002064696F20706F727420256420746F202030782534780A00726561642064696FB5
:20238000206368616E6E656C202564203A202573206F7574707574206C6576656C20697384
:2023A0002025640A00726561642064696F206368616E6E656C2067726F7570202564203A29
:2023C000202573206F7574707574206C6576656C206973203078253034780A0072656164D1
:2023E0002064696F20706F72742025642076616C75652069732030782534780A002D2D2D90
:202400002D2D2D2D2D2D2D2D2D2D2D2D2D2D2D2D2D2D2D2D2D2D2D2D2D2D2D2D2D2D2D2D1C
:202420002D2D2D2D2D2D2D2D2D2D2D2D2D2D2D2D2D2D2D2D2D2D2D2D2D2D2D2D2D2D2D2DFC
:202440002D2D2D2D2D2D2D2D2D2D2D2D2D0A0064696F2076657273696F6E20202020202007
:2024600020202020202020202020202020202020202020202020202D2047657420746865AE
:202480002076657273696F6E206F66207468652044696F20447269766572206D6F64756CB7
:2024A000650A0064696F206C697374203C2D632F2D673E2020202020202020202020202008
:2024C00020202020202020202020202D206C69737420636F6E666967757265642063686101
:2024E0006E6E656C206F72206368616E6E656C200A0020202020202020202020202020204B
:202500002020202020202020202020202020202020202020202020202020202067726F757E
:20252000702C207573652074686520696420666F72207772697465206F7220726561640ACB
:202540000020202020202020202A203C2D632F2D673E202020202D20272D632720666F7252
:20256000206368616E6E656C2C20272D672720666F72206368616E6E656C2067726F757087
:202580000A0064696F207772697465203C2D632F2D672F2D703E203C696E6465783E203CE3
:2025A00076616C75653E202020202D207772697465206368616E6E656C2F6368616E6E6533
:2025C0006C2067726F75702F706F72740A0020202020202020202A203C696E6465783E2048
:2025E000636F6E66696775726564206368616E6E656C2026206368616E6E656C2067726F15
:20260000757020696E6465782C6F7220706F7274206E756D6265720A002020202020202018
:20262000202A2020202020202020203136206269747320706F736974696F6E206D61736B96
:202640002076616C756520666F72206368616E6E656C2067726F75702F706F72740A00642E
:20266000696F2072656164203C2D632F2D672F2D702F2D636F2F2D676F3E203C696E6465B1
:20268000783E20202020202D2072656164206368616E6E656C2F6368616E6E656C20677201
:2026A0006F75702F706F72740A0064696F2076657273696F6E202020202020202020202006
:2026C00020202020202020202020202020202D20476574207468652076657273696F6E2026
:2026E0006F66207468652044696F20447269766572206D6F64756C650A0064696F206C69FB
:202700007374203C2D632F2D673E2020202020202020202020202D206C69737420636F6EFC
:2027200066696775726564206368616E6E656C206F72206368616E6E656C2067726F757073
:202740002C7573652074686520696420666F72207772697465206F7220726561640A0064D5
:20276000696F207772697465203C2D632F2D672F2D703E203C696E6465783E203C76616C2C
:2027800075653E20202020202020202D7772697465206368616E6E656C2F6368616E6E6534
:2027A0006C2067726F75702F706F72740A0064696F2072656164203C2D632F2D672F2D70EF
:2027C0002F2D636F2F2D676F3E203C696E6465783E20202020202020202D7265616420635D
:2027E00068616E6E656C2F6368616E6E656C2067726F75702F706F72740A007665727369E7
:202800006F6E00726563696576650030782530327820007374616E64627900706879006F7C
:202820006666002D657200736574002D636D002D706100676574002D637600777269746510
:20284000000A002530327820002D72787374002D747873740068656C7000696E6974006C88
:20286000696E6B006C6F6F70006F6E0072656164002D72002D640073656E6400257800610B
:20288000637469766500646F776E002D706166002D61002D6465627567002D7465630020B6
:2028A00020202020202020202020202A202D706120666F7220706879736963616C206164A7
:2028C00064726573730A0065746820736574202D7061202020202020202020202020202D35
:2028E0002073657420706879736963616C20616464726573730A0065746820736574202DE5
:202900006465627567203C6F6E2F6F66663E202D20646562756720636F6E736F6C65206DBB
:202920006F6465206F6E206F72206F66660A0077616974696E67206C696E6B207570203ADC
:202940002031302E3073000A4C696E6B20697320646F776E210A00446562756720636F6E47
:20296000736F6C65206D6F6465206F6E210A00636F6D6D616E64206572726F72210A006EF5
:20298000756D626572206F6620616C69676E6D656E74206572726F72733A2025640A00742A
:2029A0006F74616C206E756D626572206F66206572726F6E656F7573206F7574626F756E9B
:2029C00064207061636B6574733A2025640A00546869732066656174757265206973206E6D
:2029E0006F7420737570706F72746564210A00546865206E756D626572206F6620706163B0
:202A00006B6574732072656365697665642077697468206372632F616C69676E20657272C1
:202A20006F722025640A00436F6D6D616E64204572726F72210A00202020202020202020CE
:202A400020202020202020202020202020202020203C7265673E20666F7220696E646578FF
:202A6000283862697473206F7220313620626974730A00657468207265636965766520205C
:202A8000202020202020202020202020202020202020202020202020202020202D20726592
:202AA0006369657665206D6573736167650A004D6F64756C652049443D25642C56656E6469
:202AC0006F7249443D25642C5377566572696F6E3D25642E25642E25640A00657468206C4E
:202AE0006F6F70203C6F6E2F6F66663E202020202020203A206C6F6F702D6261636B206D68
:202B00006F6465206F6E206F72206F66660A0057726974652070687920726567697374658B
:202B200072206964203078253032782C2076616C7565203078253034780A00577269746528
:202B400020706879207265676973746572206964203078253034782C2076616C7565203010
:202B600078253034780A00436F6E74726F6C6C6572206D6F64652069732061637469766551
:202B8000210A00546865206E756D626572206F66206F7574626F756E64207061636B657423
:202BA000733A2025640A0065746820676574203C2D636D2F2D70612F2D63762F2D746563C1
:202BC0002F2D727873742F2D747873743E202D204765742065746820696E666F726D6174ED
:202BE000696F6E0A002020202020202020202020202A202D637620666F7220636F756E7405
:202C000065722076616C7565730A0050687920696E697469616C697A6564210A000A4C6952
:202C20006E6B206973207570210A005068792065787465726E616C206C6F6F706261636B70
:202C4000206D6F64652064697361626C6564210A006574682073656E74206D657373616771
:202C600065206661696C6564210A0057616974696E6720666F7220657468206D657373616B
:202C80006765210A004D7367204C656E6774683A25642C4672616D6520747970653A3078F6
:202CA000253034782C536F7572636520616464726573733A30780052656369657665205457
:202CC000696D656F7574210A0041646472657373203A00436F6E74726F6C6C6572206D6FF6
:202CE000646520697320646F776E210A00506879736963616C2061646472657373206973CD
:202D0000203A0064726F70706564207061636B6574732064756520746F2062756666657265
:202D2000206F76657272756E3A25640A0064726F70706564207061636B657473206475653E
:202D400020746F20435243206572726F72733A25640A00546865206E756D626572206F662F
:202D6000207061636B6574732025640A00546865206E756D626572206F6620676F6F6420ED
:202D800062726F616463617374207061636B6574732072656365697665642025640A005407
:202DA0006865206E756D626572206F6620676F6F64206D756C74696361737420616464722E
:202DC000657373207061636B6574732072656365697665642025640A00546865206E756DF2
:202DE000626572206F66206F6374657473207472616E736D6974746564206F7574206F66B7
:202E00002074686520696E746572666163652025640A00202020202020202020202020202D
:202E2000202020202020202020202020203C646174613E20666F72207265676973746572F2
:202E40002076616C756528313662697473290A002020202020202020202020202A202D6367
:202E60006D20666F7220636F6E74726F6C6C6572206D6F64650A002020202020202020202B
:202E80002020202A202D74656320666F72207478206572726F7220636F756E7465720A0038
:202EA0002020202020202020202020202A202D7278737420666F7220727820737461747588
:202EC000730A002020202020202020202020202A202D7478737420666F7220747820737431
:202EE000617475730A006574682073656E64202020202020202020202020202020202020C0
:202F00002020202020202020202020202020202D2073656E64206D6573736167650A0008C3
:202F2000080808082025642E256473005068792065787465726E616C206C6F6F70626163EA
:202F40006B206D6F646520656E61626C6564210A0052656164207068792072656769737490
:202F60006572206964203078253032782C2076616C7565203078253034780A00526561640E
:202F800020706879207265676973746572206964203078253034782C2076616C75652030CC
:202FA00078253034780A006574682073656E74206D657373616765207375636365737365F0
:202FC00064210A00506C656173652073656E64206D65737361676520696E203130732E0A16
:202FE0000054696D652072656D61696E696E67203A2031302E3073005265636965766520D9
:203000005375636375657373210A000A4D6173736167653A0A006574682072656369657649
:2030200065202020202020202020202020202020202020202020202020202020202020204B
:2030400020202D2072656369657665206D6573736167650A0045746820636F6E74726F6CAF
:203060006C6572206D6F64652073657420746F2025730A0061646420746F2070687973699E
:2030800063616C20616464726573732066696C746572210A0072656D6F7665642066726FD0
:2030A0006D20706879736963616C20616464726573732066696C746572210A0075706461A5
:2030C00074656420706879736963616C2061646472657373210A00446562756720636F6EBE
:2030E000736F6C65206D6F6465206F6666210A00436F6E74726F6C6C6572206D6F646520C9
:203100006973207374616E646279210A00546865206E756D626572206F6620696E626F7597
:203120006E64207061636B6574733A2025640A00746F74616C206E756D626572206F6620E3
:203140006572726F6E656F757320696E626F756E64207061636B6574733A2025640A005333
:20316000696E676C6520636F6C6C6973696F6E206672616D65733A2025640A004D756C7427
:2031800069706C6520636F6C6C6973696F6E206672616D65733A2025640A004E756D626517
:2031A00072206F66206465666572726564207472616E736D697373696F6E3A2025640A0010
:2031C0004E756D626572206F66206C61746520636F6C6C6973696F6E733A2025640A006817
:2031E0006172647761726520646570656E64656E7420636F756E7465722076616C75653085
:203200003A2025640A00686172647761726520646570656E64656E7420636F756E7465727C
:203220002076616C7565313A2025640A00686172647761726520646570656E64656E7420EE
:20324000636F756E7465722076616C7565323A2025640A006861726477617265206465706B
:20326000656E64656E7420636F756E7465722076616C7565333A2025640A002D2D2D2D2D72
:203280002D2D2D2D2D2D2D2D2D2D2D2D2D2D2D2D2D2D2D2D2D2D2D2D2D2D2D2D2D2D2D2D8E
:2032A0002D2D2D2D2D2D2D2D2D2D2D2D2D2D2D2D2D2D2D2D2D2D2D2D2D2D2D2D2D2D2D2D6E
:2032C0002D2D2D2D2D2D2D2D2D2D2D0A006574682076657273696F6E20202020202020208E
:2032E000202020202020202020202020202020202020202D20476574207468652076657233
:2033000073696F6E206F66207468652045746820447269766572206D6F64756C650A0065BC
:20332000746820706879203C696E69742F6C6F6F702F77726974652F726561642F6C696EB0
:203340006B3E20203C6F6E2F6F66663E202D72203C7265673E202D64203C646174613E2027
:203360002D20436F6E666967757265207068790A0020202020202020202A20696E697420C5
:2033800020202020202020202020202020202020202020202020202020202020203A2072C1
:2033A000756E2074686520696E697469616C697A6520726F7574696E650A002020202020A7
:2033C0002020202A206C696E6B2020202020202020202020202020202020202020202020B5
:2033E000202020202020203A2067657420746865206C696E6B207374617475730A00202016
:203400002020202020202A206C6F6F70203C6F6E2F6F66663E2020202020202020202020A7
:20342000202020202020202020203A206C6F6F702D6261636B206D6F6465206F6E206F72B7
:20344000206F66660A0020202020202020202A207772697465203C2D722F2D65723E203CCA
:203460007265673E202D64203C646174613E202020203A207772697465207068792072657E
:203480006769737465722C200A002020202020202020202020202020202020202020202088
:2034A000202020202D7220666F72206D6969207265676973746572732C202D657220666FEA
:2034C0007220657874656E646564207265676973746572730A0020202020202020202A20BD
:2034E00072656164203C2D722F2D65723E203C7265673E202020202020202020202020204C
:2035000020203A2072656164207068792072656769737465722C203C7265673E20666F7214
:2035200020696E6465780A0065746820736574202D636D203C6163746976652F7374616EC2
:203540006462792F646F776E2F74785F6F66663E202020202D73657420636F6E74726F6C38
:203560006C6572206D6F64650A0065746820736574202D706166203C2D612F2D723E2020D2
:2035800020202D20616464282D6129206F722072656D6F7665282D72292070687973696347
:2035A000616C20616464726573732066696C7465720A006574682076657273696F6E2020E1
:2035C00020202020202020202020202020202020202020202020202D20476574207468653D
:2035E0002076657273696F6E206F66207468652045746820447269766572206D6F64756C41
:20360000650A00657468207068792072656164203C2D722F2D65723E203C7265673E202049
:20362000202020202020202020202020203A207265616420706879207265676973746572FE
:203640002C203C7265673E20666F7220696E6465780A002065746820706879207772697405
:2036600065203C2D722F2D65723E203C7265673E202D64203C646174613E202020203A20E2
:203680007772697465207068792072656769737465722C200A006E756D626572206F662015
:2036A000756E64657273697A65207061636B6574732077686963682077657265206C6573BC
:2036C00073207468616E203634206F6374657473206C6F6E673A2025640A006E756D62659C
:2036E00072206F66206F76657273697A65207061636B657473207768696368206172652016
:203700006C6F6E676572207468616E2031353138206F63746574733A2025640A00535145E0
:203720002074657374206572726F72206163636F7264696E6720746F204945544620524692
:20374000433136343320646F74335374617473535145546573744572726F72733A202564C6
:203760000A00546865206E756D626572206F66207061636B6574732072656365697665640E
:2037800020746861742077657265206C657373207468616E203634206F6374657473206C1B
:2037A0006F6E672025640A00546865206E756D626572206F66207061636B65747320726551
:2037C00063656976656420746861742077657265206C6F6E676572207468616E20313531AC
:2037E00038206F63746574732025640A00546865206E756D626572206F66207061636B6549
:2038000074732074686174206265207472616E736D697474656420746F2061206E6F6E2D1E
:20382000756E696361737420616464726573732025640A00546865206E756D626572206F7F
:2038400066207061636B6574732074686174206265207472616E736D697474656420746F6D
:203860002061207375626E6574776F726B2D756E6963617374206164647265737320256480
:203880000A0065746820676574203C2D636D2F2D70612F2D63762F2D7465632F2D72787371
:2038A000742F2D747873743E202020202020202020202D206765742065746820696E666F2D
:2038C000726D6174696F6E0A0076657273696F6E003078253032782000636F6D7061726530
:2038E000006572617365007772697465000A00626C63686B0068656C70002D61002D6C00AF
:2039000072656164002D73002D740020202020202020202020202A203C7467743E20736F55
:203920007572636520616464726573732C64656661756C742077726974652062756666654E
:20394000720A004461746120696E2030782578202620307825782061726520636F6E7369D6
:203960007374656E7420666F7225642062797465730A0020202020202020202020202A202E
:203980003C6C656E3E206C656E67746820696E2062797465732C64656661756C74203078B5
:2039A00031303030750A004D6F64756C652049443D25642C56656E646F7249443D25642CD5
:2039C0005377566572696F6E3D25642E25642E25640A004572726F722120496E76616C69BE
:2039E000642061646472657373206F72206C656E67746821005375636365656420746F20BA
:203A000077726974652061646472657373203078257820666F722025642062797465732099
:203A20007465737420646174610A004661696C656420746F2077726974652061646472654F
:203A4000737320307825780A005265616420726573756C743A0A00666C7320726561642071
:203A60002D61203C616464723E202D6C203C6C656E3E20202D2072656164206461746120EE
:203A800066726F6D206461746120666C6173680A00202020202020202020202A203C6164F5
:203AA00064723E20737461727420616464726573732C64656661756C742030783430303001
:203AC000750A00202020202020202020202A203C6C656E3E206C656E67746820696E206209
:203AE000797465732C64656661756C74203078303330300A004461746120696E20307825FD
:203B000078202620307825782061726520696E636F6E73697374656E740A0020202020203F
:203B200020202020202020202A203C7467743E20736F7572636520616464726573732C642B
:203B4000656661756C74207772697465206275666665720A00426C616E6B20636865636BEF
:203B60002070617373206174206164647265737320307825780A00556E6B6E6F776E206391
:203B80006F6D6D616E642E20506C6561736520656E7465722027666C732720666F72206821
:203BA000656C700A0020202020202020202020202A203C616464723E20737461727420612C
:203BC0006464726573732C64656661756C7420307834303030750A00202020202020202044
:203BE0002020202A203C6C656E3E206C656E67746820696E2062797465732C646566617551
:203C00006C74203078303330300A0020202020202020202020202A203C7372633E20736FC1
:203C20007572636520616464726573732C64656661756C7420307834303030750A00202073
:203C40002020202020202020202A203C616464723E20737461727420616464726573732C65
:203C600064656661756C7420307834343030750A0020202020202020202020202A203C6CFE
:203C8000656E3E206C656E67746820696E2062797465732C64656661756C742030783032F8
:203CA00030300A005375636365656420746F20657261736564206164647265737320307879
:203CC000257820666F7220307825782062797465730A004661696C656420746F206572618A
:203CE000736564206164647265737320307825780A00666C73207772697465202D61203C79
:203D0000616464723E202D6C203C6C656E3E20202D20777269746520746573742064617447
:203D20006120746F206461746120666C6173680A005375636365656420746F2072656164B2
:203D40002061646472657373203078257820666F722025642062797465730A004661696C1B
:203D6000656420746F2072656164206164647265737320307825780A004661696C656420E1
:203D8000746F20636F6D7061726520616464726573732030782578202620307825780A0019
:203DA000202020202020202020202020202A203C7372633E20736F757263652061646472EB
:203DC0006573732C64656661756C7420307834303030750A0020202020202020202020201C
:203DE00020202A203C6C656E3E206C656E67746820696E2062797465732C64656661756C03
:203E000074203078303330300A00426C616E6B20636865636B2070617373206174203078FF
:203E2000257820666F7220307825642062797465730A002D2D2D2D2D2D2D2D2D2D2D2D2D93
:203E40002D2D2D2D2D2D2D2D2D2D2D2D2D2D2D2D2D2D2D2D2D2D2D2D2D2D2D2D2D2D2D2DC2
:203E60002D2D2D2D2D2D2D2D2D2D2D2D2D2D2D2D2D2D2D2D2D2D2D2D2D2D2D2D2D2D2D2DA2
:203E80002D2D2D0A00666C732076657273696F6E2020202020202020202020202020202026
:203EA000202020202020202020202020202D20476574207468652076657273696F6E206FDF
:203EC000662074686520464C5320447269766572206D6F64756C650A00666C73206572613D
:203EE0007365202D61203C616464723E202D6C203C6C656E3E202020202020202020202015
:203F0000202D204572617365206F6E65206F72206D6F726520636F6D706C65746520666CA3
:203F200061736820736563746F72730A0020202020202020202020202A202D612026202D4D
:203F40006C20617265206F7074696F6E616C2C77696C6C2065786563757465207769746844
:203F60002064656661756C742076616C7565206966206E6F74207365740A00666C7320774D
:203F800072697465202D61203C616464723E202D6C203C6C656E3E202020202020202020D8
:203FA0002020202D2057726974652074657374206461746120746F206461746120666C619F
:203FC00073680A00666C732072656164202D61203C616464723E202D6C203C6C656E3E2066
:203FE0002020202020202020202020202D205265616420646174612066726F6D2064617491
:204000006120666C6173680A00666C7320636F6D70617265202D73203C7372633E202D7458
:20402000203C7467743E202D6C203C6C656E3E20202D20636F6D70617265206461746120B7
:20404000696E20736F7572636520262074617267657420616464726573730A00202020205B
:20406000202020202020202A202D732026202D742026202D6C20617265206F7074696F6E5F
:20408000616C2C77696C6C206578656375746520776974682064656661756C742076616C18
:2040A0007565206966206E6F74207365740A00666C7320626C63686B202D61203C616464B4
:2040C000723E202D6C203C6C656E3E2020202020202020202020202D20706572666F726DD6
:2040E00020626C616E6B20636865636B206F66206461746120666C6173680A00666C73202E
:2041000076657273696F6E2020202020202020202020202020202020202020202020202079
:204120002D20476574207468652076657273696F6E206F662074686520464C5320447269F1
:20414000766572206D6F64756C650A00666C73206572617365202D61203C616464723E20EA
:204160002D6C203C6C656E3E20202D206572617365206F6E65206F72206D6F726520636F08
:204180006D706C65746520666C61736820736563746F72730A0020202020202020202020FD
:2041A0002A202D612026202D6C20617265206F7074696F6E616C2C77696C6C2065786563A1
:2041C00075746520776974682064656661756C742076616C7565206966206E6F742073651B
:2041E000740A00202020202020202020202020202A202D732026202D742026202D6C206130
:204200007265206F7074696F6E616C2C77696C6C2065786563757465207769746820646585
:204220006661756C742076616C7565206966206E6F74207365740A00666C7320626C636851
:204240006B202D61203C616464723E202D6C203C6C656E3E20202D20506572666F726D20F6
:20426000626C616E6B20636865636B206F66206461746120666C6173680A00007665727371
:20428000696F6E004F4646006765740073746172740068656C70002D630073746F70006E22
:2042A0006F74696679004F4E002D65002D72006C697374004368616E6E656C202564203A8D
:2042C00020257320656C61707365642076616C75652069732020256420210A004D6F647546
:2042E0006C652049443D25642C56656E646F7249443D25642C5377566572696F6E3D25645E
:204300002E25642E25640A004368616E6E656C2025732063616C6C2D6261636B206E6F74C9
:20432000696669636174696F6E2077696C6C20626520696E766F6B6564210A004368616E53
:204340006E656C202564203A2025732073746172742C206578706972652076616C756520DF
:204360006973202564207469636B73210A004368616E6E656C202564203A202573207261E8
:204380006D61696E696E672076616C75652069732020256420210A00556E6B6E6F776E20DD
:2043A000636F6D6D616E642E20506C6561736520656E74657220276770742720666F7220F8
:2043C00068656C700A004750545F4F53544D30305F434830004750545F4F53544D30315FD6
:2043E000434830004750545F5441554A335F43483031004750545F5441554A305F4348303E
:204400003000202020202020202020202A203C2D652F2D723E202D6520656C617065732C90
:20442000202D722072616D61696E696E670A004368616E6E656C202564203A2025732073D6
:20444000746F70210A004368616E6E656C2025732063616C6C2D6261636B206E6F746966B3
:2044600069636174696F6E20776F6E277420626520696E766F6B6564210A004368616E6E3C
:20448000656C202564203A2025730A002D2D2D2D2D2D2D2D2D2D2D2D2D2D2D2D2D2D2D2D02
:2044A0002D2D2D2D2D2D2D2D2D2D2D2D2D2D2D2D2D2D2D2D2D2D2D2D2D2D2D2D2D2D2D2D5C
:2044C0002D2D2D2D2D2D2D2D2D2D2D2D2D2D2D2D2D2D2D2D2D2D2D2D2D2D2D2D0A0067700F
:2044E000742076657273696F6E202020202020202020202020202020202020202020202042
:2045000020202D20476574207468652076657273696F6E206F662074686520477074204462
:204520007269766572206D6F64756C650A00677074207374617274202D63203C63683E20D5
:204540003C76616C3E202020202020202020202020202D2053746172742074686520636857
:20456000616E6E656C2026207365742074686520657870697265207469636B732E0A0020D7
:20458000202020202020202020202A203C63683E206368616E6E656C2C2075736520226C0C
:2045A0006973742220636F6D6D616E6420746F20676574206368616E6E656C20646573636F
:2045C00072697074696F6E2E0A200020202020202020202020202A203C76616C3E2073651F
:2045E000742074686520657870697265207469636B732E76616C7565206973206F707469D8
:204600006F6E616C2C206966206E6F74207365742064656661756C7420697320383030300F
:20462000302E0A006770742073746F70202D63203C63683E2020202020202020202020204C
:2046400020202020202020202D2053746F7020746865206368616E6E656C2026207365745B
:204660002074686520657870697265207469636B732E0A00202020202020202020202A202C
:204680003C63683E206368616E6E656C2C2075736520226C6973742220636F6D6D616E6424
:2046A00020746F20676574206368616E6E656C206465736372697074696F6E2E0A2000671B
:2046C0007074206E6F74696679203C4F4E2F4F46463E202D63203C6368616E6E656C3E20B9
:2046E0002020202D20456E61626C652F44697361626C6520746865206E6F74696679206346
:20470000616C6C6261636B0A0067707420676574203C2D652F2D723E202D63203C636861E8
:204720006E6E656C3E20202020202020202D204765742074686520656C6170736564206F33
:20474000722072616D61696E696E672074696D652E0A00677074206C697374202020202043
:2047600020202020202020202020202020202020202020202020202D204C69737420746874
:2047800065206368616E6E656C20636F6E66696775726174696F6E0A006770742073746166
:2047A0007274202D63203C63683E203C76616C3E2020202020202020202020202020202021
:2047C000202D20537461727420746865206368616E6E656C2026207365742074686520656C
:2047E0007870697265207469636B732E0A006770742073746F70202D63203C63683E202095
:20480000202020202020202020202020202020202020202D2053746F7020746865206368F9
:20482000616E6E656C2026207365742074686520657870697265207469636B732E0A0067CD
:204840007074206E6F74696679203C4F4E2F4F46463E202D63203C6368616E6E656C3E2037
:2048600020202020202D20456E61626C652F44697361626C6520746865206E6F7469667907
:204880002063616C6C6261636B0A0067707420676574203C2D652F2D723E202D63203C63AD
:2048A00068616E6E656C3E2020202020202D204765742074686520656C6170736564206F29
:2048C000722072616D61696E696E672074696D652E0A0000E0487F00EA487F0042D07F00A0
:2048E0005F5F636D645F6770740067707420746573742066756E6374696F6E0076657273AB
:20490000696F6E006D6561737572650025730A00676574002D6463007374616D700073747D
:204920006172740068656C70006C6973740073746F70002D680065646765002D63002D64BA
:20494000005441554432493820207C2074696D65207374616D7020202020207C20503130B9
:204960005F3038202020202020207C2066616C6C696E6720656467650049525132352020CF
:2049800020207C206564676520646574656374202020207C205030365F3131286B657932D7
:2049A00029207C2066616C6C696E67206564676500656E61626C65642074696D65207374DF
:2049C000616D7021706C6561736520696E7075742076616C696420696E74657276616C20D9
:2049E0007369676E616C20746F20706F7274210A0074696D65207374616D7020696E646572
:204A0000782069732025642C74696D65207374616D702076616C756520697320256C640A01
:204A20000064697361626C656420686967682074696D65206D6561737572656D656E7421C8
:204A400000656E61626C6564206564676520646574656374696F6E21706C656173652069D3
:204A60006E7075742076616C69642065646765207369676E616C20746F20706F7274210AD9
:204A80000076616C69642065646765206861766520646574656374656420666F722025641B
:204AA0002074696D6573210A004D6F64756C652049443D25642C56656E646F7249443D2527
:204AC000642C5377566572696F6E3D25642E25642E25640A00656E61626C656420656467B0
:204AE0006520636F756E7421706C6561736520696E7075742076616C696420656467652018
:204B00007369676E616C20746F20706F7274210A00696E707574206C6576656C206E6F7728
:204B20002069732025642C2073746174652069732025730A005441554432493132207C20DD
:204B40007369676E616C206D656173757265207C205031305F3133202020202020207C2019
:204B600064757479206379636C65005441554432493133207C207369676E616C206D6561A5
:204B800073757265207C205031305F3133202020202020207C2064757479206379636C65B4
:204BA00000202020202020202020202020202020202020202020202020202020202D2065C3
:204BC00064676520636F756E74206F7220656467652064657465637420746573740A0068BB
:204BE0006967682074696D65206973202564207469636B732C205441557820636F756E74D4
:204C000065722076616C756520697320256C640A00647574792069732025642E25642C20F7
:204C20007065726F696420697320256C64207469636B73205441557820636F756E74657200
:204C40002076616C756520697320256C640A0065646765206E756D62657220697320256419
:204C60002C205441557820636F756E7465722076616C756520697320256C640A00202020AE
:204C80002020202020202A202D6320666F72206564676520636F756E742C202D6420666F43
:204CA000722065646765206465746563740A00556E6B6E6F776E20636F6D6D616E642E20ED
:204CC000506C6561736520656E74657220276963752720666F722068656C700A0054415569
:204CE0004431493420207C206564676520636F756E7465722020207C205030345F3132209F
:204D00002020202020207C20726973696E672065646765005441554431493320207C2073CC
:204D200069676E616C206D656173757265207C205030345F3131202020202020207C206841
:204D40006967682074696D65004943555F414354495645004943555F49444C4500696375B1
:204D6000207374616D70203C73746172742F73746F702F6765743E20202D2074696D652066
:204D80007374616D7020746573740A00696375206D656173757265203C2D682F2D64633E5F
:204DA000203C73746172742F73746F702F6765743E0A00202020202020202020202020201D
:204DC0002020202020202020202020202020202D207369676E616C206D6561737572656DA9
:204DE000656E7420746573740A006963752065646765203C2D632F2D643E203C737461728C
:204E0000742F73746F702F6765743E0A002020202020202020202020202A202D6320666F23
:204E200072206564676520636F756E742C202D6420666F7220656467652064657465637470
:204E40000A0064697361626C65642074696D65207374616D7021005441557820636F756EA4
:204E60007465722076616C756520697320256C640A00696375207374616D70203C73746165
:204E800072742F73746F702F6765743E20202020202020202D2074696D65207374616D7049
:204EA00020746573740A0064697361626C65642064757479266379636C65206D6561737579
:204EC00072656D656E74210064697361626C6564206564676520636F756E7421006469738F
:204EE00061626C6564206564676520646574656374696F6E21002D2D2D2D2D2D2D2D2D2D43
:204F00002D2D2D2D2D2D2D2D2D2D2D2D2D2D2D2D2D2D2D2D2D2D2D2D2D2D2D2D2D2D2D2DF1
:204F20002D2D2D2D2D2D2D2D2D2D2D2D2D2D2D2D2D2D2D2D2D2D2D2D2D2D2D2D2D2D2D2DD1
:204F40002D2D2D2D2D2D0A006963752076657273696F6E2020202020202020202020202032
:204F6000202020202D20476574207468652076657273696F6E206F66207468652049637526
:204F800020447269766572206D6F64756C650A00696375206C6973742020202020202020B8
:204FA0002020202020202020202020202D206C6973742074686520636F6E66696775726525
:204FC00074696F6E206F6620494355206D6F64756C650A00202020202020202020202020F1
:204FE0002A202D6820666F7220686967682074696D65206D6561737572652C202D6463206A
:20500000666F722064757479266379636C65206D6561737572650A006963752076657273F0
:20502000696F6E202020202020202020202020202020202020202020202020202D20476511
:2050400074207468652076657273696F6E206F662074686520496375204472697665722012
:205060006D6F64756C650A00656E61626C656420686967682074696D65206D656173757299
:20508000656D656E7421706C6561736520696E7075742076616C696420696E7465727661C3
:2050A0006C207369676E616C20746F20706F7274210A00656E61626C6564206475747926FC
:2050C0006379636C65206D6561737572656D656E7421706C6561736520696E707574207679
:2050E000616C696420696E74657276616C207369676E616C20746F20706F7274210A006977
:205100006375206D656173757265203C2D682F2D64633E203C73746172742F73746F702FA5
:205120006765743E20202D207369676E616C206D6561737572656D656E7420746573740A36
:20514000006963752065646765203C2D632F2D643E203C73746172742F73746F702F6765F5
:20516000743E202020202D206564676520636F756E74206F722065646765206465746563F7
:205180007420746573740A0076657273696F6E003078253032782000736C656570000A00C1
:2051A00068656C70006C6973740077616B65002D6D002D73002D690073656E64007478007C
:2051C0007278004C696E25642077616B65757020696E7465726E616C210A004D6F64756CE3
:2051E000652049443D25642C56656E646F7249443D25642C5377566572696F6E3D25642E8D
:2052000025642E25640A006C696E2073656E642069643D3078253032780A006C696E207485
:2052200078206F6B210A006C696E20727820726573706F6E73652069733A0020202020201F
:205240002020202A202D6D20666F72206D61737472206368616E6E656C2C202D7320666F82
:205260007220736C617665206368616E6E656C0A0020202020202020202A20747820666F53
:205280007220747820726573706F6E73652C20727820666F7220727820726573706F6E7330
:2052A000650A004C696E256420736C656570210A00206C696E206C69737420202020202070
:2052C0002020202020202020202020202020202020202D204C6973742074686520636F6EE4
:2052E00066696775726174696F6E0A0020202020202020202A2069642031362D62697473EF
:20530000207064752069640A002D2D2D2D2D2D2D2D2D2D2D2D2D2D2D2D2D2D2D2D2D2D2D22
:205320002D2D2D2D2D2D2D2D2D2D2D2D2D2D2D2D2D2D2D2D2D2D2D2D2D2D2D2D2D2D2D2DCD
:205340002D2D2D2D2D2D0A007C20524C494E3330207C204D6173746572204368616E6E656C
:205360006C207C2039363030627073207C205030345F303928525829205030345F303828FB
:20538000545829207C0A007C20524C494E3331207C204D6173746572204368616E6E656C5C
:2053A000207C2039363030627073207C205030325F303428525829205030325F30352854DF
:2053C0005829207C0A004C696E25642077616B657570210A004C696E256420736C6565703D
:2053E00020696E7465726E616C210A006C696E207478206572726F72210A006C696E20726C
:2054000078206E6F20726573706F6E7365210A002D2D2D2D2D2D2D2D2D2D2D2D2D2D2D2D8D
:205420002D2D2D2D2D2D2D2D2D2D2D2D2D2D2D2D2D2D2D2D2D2D2D2D2D2D2D2D2D2D2D2DCC
:205440002D2D2D2D2D2D2D2D2D2D2D2D2D2D2D2D2D2D2D2D2D2D2D2D2D2D2D2D2D2D2D2DAC
:205460000A00206C696E2076657273696F6E20202020202020202020202020202020202059
:205480002020202D20476574207468652076657273696F6E206F6620746865204C696E20FF
:2054A000447269766572206D6F64756C650A00206C696E2077616B65203C2D6D2F2D733EA2
:2054C000203C2D692F203E2020202020202020202D2077616B6575702F696E7465726E6133
:2054E0006C2077616B65206D6173746572206F7220736C617665206368616E6E656C0A008D
:2055000020202020202020202A202D6D20666F72206D61737472206368616E6E656C2C20B4
:205520002D7320666F7220736C617665206368616E6E656C2C202D6920666F7220696E747C
:2055400065726E616C2077616B6575700A00206C696E20736C656570203C2D6D2F2D733EE3
:20556000203C2D692F203E20202020202020202D20736C6565702F696E7465726E616C2D8D
:20558000736C656570206D6173746572206F7220736C617665206368616E6E656C0A0020E7
:2055A0006C696E2073656E64203C69643E203C2D6D2F2D733E203C74782F72783E20202075
:2055C0002D2073656E64206672616D6520666F72206D6173746572206F7220736C6176655A
:2055E000206368616E6E656C0A006C696E2076657273696F6E2020202020202020202020DF
:2056000020202020202020202020202020202D20476574207468652076657273696F6E20B6
:205620006F6620746865204C696E20447269766572206D6F64756C650A006C696E2077617A
:205640006B65203C2D6D2F2D733E203C2D692F203E2020202020202020202D77616B65758E
:20566000702F696E7465726E616C2077616B65206D6173746572206F7220736C617665205E
:205680006368616E6E656C0A006C696E20736C656570203C2D6D2F2D733E203C2D692F2067
:2056A0003E2020202020202020202D736C6565702F696E7465726E616C2D736C6565702054
:2056C0006D6173746572206F7220736C617665206368616E6E656C0A006C696E2073656E56
:2056E00064203C69643E203C2D6D2F2D733E203C74782F72783E20202020202020202D739D
:20570000656E64206672616D6520666F72206D6173746572206F7220736C617665206368ED
:20572000616E6E656C0A0076657273696F6E00676574002D726573660068656C7000696EAE
:205740006974002D636C6F636B002D72616D002D706C6C7374002D72616D7374002D726512
:20576000736672002D77756600737265736574004D43555F5354414E4442595F5253540018
:205780004D43555F45434D5F5359535F525354004D43555F45434D5F4150505F5253540089
:2057A0004D43555F47544D5F434F4D504152455F4552525F525354004D43555F5048455244
:2057C0004950484552414C5F4255535F525354004D43555F4C4F43414C5F464C4153485F48
:2057E0004255535F525354004D43555F44534D4946305F434F4D505F4552525F5253540052
:205800004D43555F44534D4946315F434F4D505F4552525F525354004D43555F4145535FF6
:20582000434F4D504152455F4552525F525354004D43555F4446505F434F4D504152455FDE
:205840004552525F525354004D43555F4446505F4943414348455F4543435F324249545FF4
:205860004552525F525354004D43555F4446505F4943414348455F4543435F314249545FD5
:205880004552525F525354004D43555F504547554152445F4552525F5045305F52535400B7
:2058A0004D43555F504547554152445F4552525F5045315F525354004D43555F5045475562
:2058C0004152445F4552525F5045325F525354004D43555F504547554152445F4552525F38
:2058E0005045335F525354004D43555F504547554152445F4552525F5045345F5253540074
:205900004D43555F504547554152445F4552525F5045355F525354004D43555F52455345FF
:20592000525645445F525300202020202020202A202D777566202020202020202D6765743C
:205940002077656B65757020666163746F720A00696E697469616C7A6520636C6F636B20D8
:205960006163636F7264696E6720746F20636F6E66696775726174696F6E202564210A000E
:205980004D43555F4558545F525354004D43555F4943554D5F53575F5359535F5253540049
:2059A0004D43555F4943554D5F53575F4150505F525354004D43555F45434D5F444C595F14
:2059C00054494D45525F4F464C4F575F525354004D43555F53444D4143305F4348414E4E65
:2059E000454C305F4552525F525354004D43555F53444D4143305F4348414E4E454C315F82
:205A00004552525F525354004D43555F53444D4143305F4348414E4E454C325F4552525F38
:205A2000525354004D43555F53444D4143305F4348414E4E454C335F4552525F5253540066
:205A40004D43555F53444D4143305F4348414E4E454C345F4552525F525354004D43555FFA
:205A600053444D4143305F4348414E4E454C355F4552525F525354004D43555F53444D41F8
:205A800043305F4348414E4E454C365F4552525F525354004D43555F53444D4143305F43E7
:205AA00048414E4E454C375F4552525F525354004D43555F53444D4143315F4348414E4EB5
:205AC000454C305F4552525F525354004D43555F53444D4143315F4348414E4E454C315FA0
:205AE0004552525F525354004D43555F53444D4143315F4348414E4E454C325F4552525F57
:205B0000525354004D43555F53444D4143315F4348414E4E454C335F4552525F5253540084
:205B20004D43555F53444D4143315F4348414E4E454C345F4552525F525354004D43555F18
:205B400053444D4143315F4348414E4E454C355F4552525F525354004D43555F53444D4116
:205B600043315F4348414E4E454C365F4552525F525354004D43555F53444D4143315F4304
:205B800048414E4E454C375F4552525F525354004D43555F47544D5F4552525F4953525F58
:205BA000525354004D43555F4D53504952414D5F454343324249545F4552525F52535400B4
:205BC0004D43555F4D53504952414D5F454343314249545F4552525F525354004D43555F4A
:205BE0004D4D434152414D5F454343324249545F4552525F525354004D43555F4D4D43416A
:205C000052414D5F454343314249545F4552525F525354004D43555F444154414255535F23
:205C2000454343324249545F4552525F525354004D43555F444154414255535F4543433145
:205C40004249545F4552525F525354004D43555F444154415F5452414E535F484255535F90
:205C60004552525F525354004D43555F4446505F4D50555F4552525F525354004D43555F90
:205C80004446505F414C4C5F4552525F525354004D43555F4D4F44455F554E494E545F4459
:205CA000454255475F454E41424C455F5045305F525354004D43555F5744545F4552525F65
:205CC0005045305F525354004D43555F444154415F4143434553535F4552525F5045305F6D
:205CE000525354004D43555F554E494E545F444554454354494F4E5F5045315F525354005E
:205D00004D43555F4D4F44455F554E494E545F44454255475F454E41424C455F5045315FDD
:205D2000525354004D43555F5744545F4552525F5045315F525354004D43555F4441544114
:205D40005F4143434553535F4552525F5045315F525354004D43555F554E494E545F4445B3
:205D600054454354494F4E5F5045325F525354004D43555F4D4F44455F554E494E545F4496
:205D8000454255475F454E41424C455F5045325F525354004D43555F5744545F4552525F82
:205DA0005045325F525354004D43555F444154415F4143434553535F4552525F5045325F88
:205DC000525354004D43555F554E494E545F444554454354494F4E5F5045335F525354007B
:205DE0004D43555F4D4F44455F554E494E545F44454255475F454E41424C455F5045335FFB
:205E0000525354004D43555F5744545F4552525F5045335F525354004D43555F4441544131
:205E20005F4143434553535F4552525F5045335F525354004D43555F554E494E545F4445D0
:205E400054454354494F4E5F5045345F525354004D43555F4D4F44455F554E494E545F44B3
:205E6000454255475F454E41424C455F5045345F525354004D43555F5744545F4552525F9F
:205E80005045345F525354004D43555F444154415F4143434553535F4552525F5045345FA3
:205EA000525354004D43555F554E494E545F444554454354494F4E5F5045355F5253540098
:205EC0004D43555F4D4F44455F554E494E545F44454255475F454E41424C455F5045355F18
:205EE000525354004D43555F5744545F4552525F5045355F525354004D43555F444154414F
:205F00005F4143434553535F4552525F5045355F525354004D43555F52455345545F554EDE
:205F2000444546494E4544004D43555F4E4F4E5F52535400202020202020202A202D706CB8
:205F40006C737420202020202D67657420706C6C2073746174650A00202020202020202A24
:205F6000202D72616D737420202020202D6765742072616D2073746174650A004D6F647560
:205F80006C652049443D25642C56656E646F7249443D25642C5377566572696F6E3D2564A1
:205FA0002E25642E25640A00726573657420726561736F6E2069732025730A004D43555F9C
:205FC00057445442415F5359535F525354004D43555F494E5445525F434C55535445525FF3
:205FE0004255535F525354004D43555F434C4D415F4D4F53435F4552525F525354004D433D
:20600000555F434C4D415F484F53435F4552525F525354004D43555F434C4D415F4C4F53D5
:20602000435F4552525F525354004D43555F434C4D415F554853425F4552525F52535400EB
:206040004D43555F434C4D415F484255535F454D555F3353305F4552525F525354004D43C3
:20606000555F434C4D415F434C4B435F4C53425F4552525F525354004D43555F434C4D4192
:206080005F484255535F454D555F3353315F4552525F525354004D43555F434C4D415F5360
:2060A0004255535F4552525F525354004D43555F4F53544D315F494E545F525354004D436C
:2060C000555F4F53544D325F494E545F525354004D43555F4F53544D335F494E545F5253ED
:2060E00054004D43555F4F53544D345F494E545F525354004D43555F4F53544D355F494E3D
:20610000545F525354004D43555F54534733305F4552525F4953525F525354004D43555F0D
:2061200054534733315F4552525F4953525F525354004D43555F54534733325F4552525FE2
:206140004953525F525354004D43555F41445F5041524954595F4552525F525354004D43C8
:20616000555F464153545F434F4D505F4552525F525354004D43555F43464C485F45525266
:206180005F4144525F505254595F4552525F525354004D43555F465252414D5F4543433263
:2061A0004249545F4552525F525354004D43555F465252414D5F454343314249545F455274
:2061C000525F525354004D43555F54534E305F4543435F324249545F4552525F5253540072
:2061E0004D43555F54534E305F4543435F314249545F4552525F525354004D43555F545312
:206200004E315F4543435F324249545F4552525F525354004D43555F54534E315F45434331
:206220005F314249545F4552525F525354004D43555F444645305F52414D5F4552525F32F4
:206240004249545F525354004D43555F444645305F52414D5F4552525F314249545F5253CA
:2062600054004D43555F5045524952414D5F4543435F4F464C4F575F4552525F52535400C6
:206280004D43555F444154415F5452414E535F444D415F4F525F4454535F4552525F5253F2
:2062A00054004D43555F53575F414C41524D305F525354004D43555F53575F414C41524D8E
:2062C000315F525354004D43555F53575F414C41524D325F525354004D43555F53575F4163
:2062E0004C41524D335F525354004D43555F53575F414C41524D345F525354004D43555F5D
:2063000053575F414C41524D355F525354004D43555F4255535F53454355524954595F45D1
:2063200043435F324249545F4552525F525354004D43555F4255535F5345435552495459C2
:206340005F4543435F314249545F4552525F525354004D43555F4255535F534543555249AC
:2063600054595F44525F5452414E535F4552525F525354004D43555F4446505F5744545F29
:2063800054494D45525F4552525F525354004D43555F4446505F4C52414D5F4543435F3278
:2063A0004249545F4552525F525354004D43555F4446505F4C52414D5F4543435F31424970
:2063C000545F4552525F525354004D43555F4446505F47554152445F4552525F5253540039
:2063E0004D43555F44434C535F434F4D505F4552525F5045305F525354004D43555F444316
:206400004C535F4D4F44455F5045305F4552525F525354004D43555F4C52414D5F454343FB
:20642000315F4552525F5045305F525354004D43555F4C52414D5F4552524144525F4F46E4
:206440004C4F575F5045305F525354004D43555F4943414348455F4144525F4F525F4544CF
:20646000435F4552525F5045305F525354004D43555F5045475F4F544845525F4C52414D89
:206480005245515F5045305F525354004D43555F44434C535F434F4D505F4552525F504564
:2064A000315F525354004D43555F44434C535F4D4F44455F5045315F4552525F52535400A0
:2064C0004D43555F4C52414D5F454343315F4552525F5045315F525354004D43555F4C524A
:2064E000414D5F4552524144525F4F464C4F575F5045315F525354004D43555F4943414338
:2065000048455F4144525F4F525F4544435F4552525F5045315F525354004D43555F5045EF
:20652000475F4F544845525F4C52414D5245515F5045315F525354004D43555F44434C53D9
:206540005F434F4D505F4552525F5045325F525354004D43555F44434C535F4D4F44455F9A
:206560005045325F4552525F525354004D43555F4C52414D5F454343315F4552525F5045AD
:20658000325F525354004D43555F4C52414D5F4552524144525F4F464C4F575F5045325F77
:2065A000525354004D43555F4943414348455F4144525F4F525F4544435F4552525F504564
:2065C000325F525354004D43555F5045475F4F544845525F4C52414D5245515F5045325F38
:2065E000525354004D43555F44434C535F434F4D505F4552525F5045335F525354004D4353
:20660000555F44434C535F4D4F44455F5045335F4552525F525354004D43555F4C52414DE5
:206620005F454343315F4552525F5045335F525354004D43555F4C52414D5F4552524144FB
:20664000525F4F464C4F575F5045335F525354004D43555F4943414348455F4144525F4FBE
:20666000525F4544435F4552525F5045335F525354004D43555F5045475F4F544845525F76
:206680004C52414D5245515F5045335F525354004D43555F44434C535F434F4D505F455279
:2066A000525F5045345F525354004D43555F44434C535F4D4F44455F5045345F4552525F4B
:2066C000525354004D43555F4C52414D5F454343315F4552525F5045345F525354004D439E
:2066E000555F4C52414D5F4552524144525F4F464C4F575F5045345F525354004D43555FF1
:206700004943414348455F4144525F4F525F4544435F4552525F5045345F525354004D4323
:20672000555F5045475F4F544845525F4C52414D5245515F5045345F525354004D43555FB1
:206740004C52414D5F454343315F4552525F5045355F525354004D43555F4C52414D5F45D5
:2067600052524144525F4F464C4F575F5045355F525354004D43555F4943414348455F41B6
:2067800044525F4F525F4544435F4552525F5045355F525354004D43555F5045475F4F544D
:2067A0004845525F4C52414D5245515F5045355F525354004D43555F4D554C54495F525333
:2067C00054006D637520676574203C6F7074696F6E733E202020202020202020202020207A
:2067E00020202020202D204765742074686520696E666F726D6174696F6E0A00706C6C20F3
:206800007374617475732069732025730A00556E6B6E6F776E20636F6D6D616E642E205089
:206820006C6561736520656E74657220276D63752720666F722068656C700A004D43555FDF
:20684000504C4C5F4C4F434B4544004D43555F504C4C5F554E4C4F434B4544004D43555F1B
:20686000504C4C5F5354415455535F554E444546494E4544004D43555F504F5745525F4F7D
:206880004E5F5245534554004D43555F564D4F4E5F525354004D43555F53575F5359535F41
:2068A000525354004D43555F53575F4150505F525354004D43555F4445455053544F505F52
:2068C000525354004D43555F45434D5F434F4D505F4552525F525354004D43555F4D4F4454
:2068E000455F4552525F305F525354004D43555F4D4F44455F4552525F315F525354004D3E
:2069000043555F4D4F44455F4552525F325F525354004D43555F4D4F44455F4552525F33E7
:206920005F525354004D43555F4D4F44455F4552525F345F525354004D43555F4D4F4445FA
:206940005F4552525F355F525354004D43555F4D4F44455F4552525F365F525354004D43D5
:20696000555F464C4153485F4143434553535F4552525F525354004D43555F4454535F4373
:206980004F4D505F4552525F525354004D43555F454D553353305F525354004D43555F45A9
:2069A0004D553353315F525354004D43555F524443305F4552525F525354004D43555F52A3
:2069C0004443315F4552525F525354004D43555F4255535F4252494447455F53444D43306F
:2069E0005F4552525F525354004D43555F4255535F4252494447455F53444D43315F455210
:206A0000525F525354004D43555F4255535F425249444745434F4D505F4552524F525F52C9
:206A20005354004D43555F494E5445525F50524F435F454C454D454E545F4255535F5253A0
:206A400054004D43555F4352414D5F4255535F525354004D43555F53595354454D5F4255BB
:206A6000535F525354004D43555F474C4F42414C5F464C4153485F4255535F525354004DBB
:206A800043555F434C4D415F4C53425F4552525F525354004D43555F5345435F504F574549
:206AA000525F535550505F4552525F525354004D43555F5245534F4C56455F434F4E565FE5
:206AC0004552525F525354004D43555F54454D505F53454E534F524552525F525354004D34
:206AE00043555F43464C485F454343324249545F4552525F525354004D43555F43464C4846
:206B00005F454343314249545F4552525F525354004D43555F43464C485F4552525F41440E
:206B2000525F4F464C4F575F525354004D43555F44464C485F454343324249545F455252E0
:206B40005F525354004D43555F44464C485F454343314249545F4552525F525354004D4311
:206B6000555F44464C485F4552525F4144525F4F464C4F575F525354004D43555F4C524164
:206B80004D5F454343324249545F4552525F525354004D43555F4C52414D5F4543433142C0
:206BA00049545F4552525F525354004D43555F4C52414D5F4552525F4144525F4F464C4F1B
:206BC000575F525354004D43555F4352414D5F4144525F4F525F454343325F4552525F5214
:206BE0005354004D43555F4352414D5F454343314249545F4552525F525354004D43555F69
:206C00004352414D5F4552525F4144525F4F464C4F575F525354004D43555F4454535241D3
:206C20004D5F454343324249545F4552525F525354004D43555F44545352414D5F454343F3
:206C4000314249545F4552525F525354004D43555F44545352414D5F4552525F4144525F98
:206C60004F464C4F575F525354004D43555F53444D4143305F52414D5F45434332424954DF
:206C80005F4552525F525354004D43555F53444D4143305F52414D5F454343314249545FA0
:206CA0004552525F525354004D43555F53444D4143315F52414D5F454343324249545F4598
:206CC00052525F525354004D43555F53444D4143315F52414D5F454343314249545F45526C
:206CE000525F525354004D43555F43414E52414D5F454343324249545F4552525F52535419
:206D0000004D43555F43414E52414D5F454343314249545F4552525F525354004D43555F5F
:206D200047544D52414D5F454343324249545F4552525F525354004D43555F47544D5241F1
:206D40004D5F454343314249545F4552525F525354004D43555F525357495443485F4543BD
:206D6000435F324249545F4552525F525354004D43555F525357495443485F4543435F319E
:206D80004249545F4552525F525354004D43555F4144524255535F4544435F4543435F4576
:206DA00052525F525354004D43555F4352414D5F47554152445F4552525F525354004D436E
:206DC000555F494255535F47554152445F4552525F525354004D43555F504255535F4755E1
:206DE0004152445F4552525F525354004D43555F484255535F47554152445F4552525F52DB
:206E00005354004D43555F4558545F455252494E305F525354004D43555F4558545F455204
:206E200052494E315F525354004D43555F4558545F455252494E325F525354004D43555FFE
:206E40004558545F455252494E335F525354004D43555F4558545F455252494E345F52538B
:206E600054004D43555F4558545F455252494E355F525354004D43555F4558545F455252A0
:206E8000494E365F525354004D43555F4558545F455252494E375F525354004D43555F41A5
:206EA0004345305F434F4D504152455F4552525F525354004D43555F4943554D48425F4277
:206EC00055535F524F5554494E475F4552525F525354004D43555F4255535F5345435552D4
:206EE0004954595F47554152445F4552525F525354004D43555F4446505F48575F434845DF
:206F0000434B45525F4552525F525354004D43555F4446505F434C4D415F4552525F5253C6
:206F200054004D43555F4446505F4552525F4F564552464C4F575F525354004D43555F44E4
:206F400046505F4255535F5041524954595F4552525F525354004D43555F434C4D415F4575
:206F600052525F5045305F525354004D43555F4C52414D5F4144525F4F525F454343325F90
:206F80004552525F5045305F525354004D43555F434C4D415F4552525F5045315F52535466
:206FA000004D43555F4C52414D5F4144525F4F525F454343325F4552525F5045315F52535E
:206FC00054004D43555F434C4D415F4552525F5045325F525354004D43555F4C52414D5F67
:206FE0004144525F4F525F454343325F4552525F5045325F525354004D43555F434C4D4137
:207000005F4552525F5045335F525354004D43555F4C52414D5F4144525F4F525F454343D9
:20702000325F4552525F5045335F525354004D43555F434C4D415F4552525F5045345F52D5
:207040005354004D43555F4C52414D5F4144525F4F525F454343325F4552525F5045345FB8
:20706000525354004D43555F4C52414D5F4144525F4F525F454343325F4552525F504535A4
:207080005F525354004D43555F52414D53544154455F494E56414C4944004D43555F5241B6
:2070A0004D53544154455F56414C4944006D63752073726573657420202020202020202018
:2070C000202020202020202020202D20506572666F726D20736F66742072657365740A001F
:2070E000202020202020202A202D726573662020202020202D676574207265736574207287
:207100006561736F6E0A00202020202020202A202D726573667220202020202D67657420A9
:20712000726573657420747970652076616C75650A0072616D2025642068617320696E695E
:207140007469616C697A6564210A0072616D2073746174652069732025730A0072657365C0
:207160007420726561736F6E207261772076616C75652069732030782578200A0077616B7E
:20718000652D757020666163746F72206D6F6E2076616C75652069732030782578200A00A7
:2071A00077616B652D757020666163746F722064657461696C3A200A00575546305F412598
:2071C00064203D20307825780A006D637520736F6674207265736574210A006D6375207615
:2071E000657273696F6E20202020202020202020202020202020202D204765742074686511
:207200002076657273696F6E206F6620746865204D435520447269766572206D6F64756C20
:20722000650A006D637520696E6974203C6F7074696F6E733E203C7061723E202020202D96
:20724000696E6974206D6F64756C65732C203C7061723E206973206F7074696F6E616C2CAA
:2072600064656661756C7420300A00202020202020202A202D636C6F636B203C636F6E666A
:207280003E2020202020202D696E697420636C6F636B2C3C636F6E6669673E206973206348
:2072A0006C6F636B2073657474696E672067726F75700A00202020202020202A202D726186
:2072C0006D203C736563743E20202020202020202D696E69742072616D2073656374696F10
:2072E0006E2C3C736563743E2069732073656374696F6E206E756D6265720A006D637520A2
:2073000076657273696F6E2020202020202020202020202020202020202020202020202047
:207320002D20476574207468652076657273696F6E206F6620746865204D435520447269BF
:20734000766572206D6F64756C650A00202020202020202A202D636C6F636B203C636F6E31
:20736000663E2020202D696E697420636C6F636B2C3C636F6E6669673E20697320636C6F86
:20738000636B2073657474696E672067726F75700A00202020202020202A202D72616D20F3
:2073A0003C736563743E20202020202D696E69742072616D2073656374696F6E2C3C73656E
:2073C00063743E2069732073656374696F6E206E756D6265720A0076657273696F6E006F5F
:2073E00075740064697200616C740064696F0068656C70006D6F6465002D67002D70002D3C
:20740000616C7400696E002D64696F0073776974636800706F7274206D6F6465202D6720FB
:207420003C67723E202D70203C70696E3E203C2D616C742F2D64696F3E203C616C745F6E51
:20744000756D3E203C696E2F6F75742F6469723E200A00506F72742025642050696E2025A2
:207460006420686173206265656E2073657420746F2064696F20202573707574206D6F6436
:20748000650A00506F72742025642050696E20256420686173206265656E20736574207429
:2074A0006F202573206D6F64650A0020202020202020202020202020202020202020202036
:2074C0002020202020202020202020202020202D2053657420746865206D6F6465206F6638
:2074E00020706F72740A004D6F64756C652049443D25642C56656E646F7249443D25642CAB
:207500005377566572696F6E3D25642E25642E25640A00496E76616C696420706172616DF8
:2075200065746572210A0020202020202020202020202A203C2D616C742F2D64696F3E2026
:207540002020202D20616C7465726E6174697665206F722064696F0A002020202020202098
:20756000202020202A203C67723E20202020202020202020202D2067726F75700A002020CA
:207580002020202020202020202A203C70696E3E202020202020202020202D2070696E0AE2
:2075A0000020202020202020202020202A203C616C745F6E756D3E2020202020202D206149
:2075C0006C7465726E61746976652066756E6374696F6E2073656C6563740A0020202020BD
:2075E000202020202020202A203C696E2F6F75742F6469723E2020202D20646972656374F3
:20760000696F6E0A00706F727420646972202D67203C67723E202D70203C70696E3E203CD5
:20762000696E2F6F75743E200A0020202020202020202020202A203C696E2F6F75743E20E2
:207640002020202020202D20646972656374696F6E0A00706F727420737769746368202D8E
:2076600067203C67723E202D70203C70696E3E203C616C742F64696F3E200A0020202020A2
:20768000202020202020202A203C616C742F64696F3E2020202020202D20616C7465726E07
:2076A000617465206F722064696F206D6F64650A00506F72742025642050696E2025642006
:2076C000686173206265656E2073657420746F20616C7465726E6174697665202564202598
:2076E00073206D6F64650A00506F72742025642050696E20256420686173206265656E20D4
:2077000073657420746F2025730A00556E6B6E6F776E20636F6D6D616E642E20506C656199
:20772000736520656E7465722027706F72742720666F722068656C700A002D2D2D2D2D2DB8
:207740002D2D2D2D2D2D2D2D2D2D2D2D2D2D2D2D2D2D2D2D2D2D2D2D2D2D2D2D2D2D2D2D89
:207760002D2D2D2D2D2D2D2D2D2D2D2D2D2D2D2D2D2D2D2D2D2D2D2D2D2D2D2D2D2D2D2D69
:207780002D2D2D2D2D2D2D2D2D2D0A00706F72742076657273696F6E202020202020202032
:2077A000202020202020202020202020202020202D20476574207468652076657273696F43
:2077C0006E206F662074686520506F727420447269766572206D6F64756C650A0020202084
:2077E000202020202020202020202020202020202020202020202020202020202020202089
:20780000202D205365742074686520646972656374696F6E206F6620706F72740A00202069
:20782000202020202020202020202020202020202020202020202020202020202020202048
:2078400020202D2053776974636820746F2064696F206F7220616C7465726E617465206D5C
:207860006F64650A00506F72742076657273696F6E2020202020202020202020202020201B
:20788000202020202020202020202D20476574207468652076657273696F6E206F6620742B
:2078A000686520506F727420447269766572206D6F64756C650A000076657273696F6E00F4
:2078C000736574004F4646002D636C006C6F770068656C70002D63002D64002D70006C69F7
:2078E0007374006E6F74696679004F4E002D720073657463007365746F0068696768006959
:20790000646C650070776D206368616E6E656C202564206861732073657420746F20647578
:207920007479203078253034782825642E25642563292C7065726F696420256420746963C0
:207940006B730A0054415544314F31333C2D2D2D3E5032315F30350054415544314F3134A2
:207960003C2D2D2D3E5032315F30360054415544314F31353C2D2D2D3E5032315F30370000
:207980004D6F64756C652049443D25642C56656E646F7249443D25642C5377566572696F26
:2079A0006E3D25642E25642E25640A004368616E6E656C2025642063616C6C2D6261636B3F
:2079C000206E6F74696669636174696F6E2077696C6C20626520696E766F6B6564210A0086
:2079E00070776D206368616E6E656C202564206861732073656C656374656420636C6F630B
:207A00006B20736F757263652025640070776D206368616E6E656C202564206861732073BC
:207A2000657420746F20257320737461746521002020202020202020202020202020202050
:207A400020202020202020202020202020202020202020202D2053657420647574792061C6
:207A60006E642F6F72207065726F69640A00556E6B6E6F776E20636F6D6D616E642E2050EA
:207A80006C6561736520656E746572202770776D2720666F722068656C700A005441554474
:207AA000314F31323C2D2D2D3E4E6F207369676E616C206F757470757428616C736F206659
:207AC0006F72204144432068617264776172652074726967676572290054415544334F3250
:207AE0003C2D2D2D3E5032325F30320054415544334F333C2D2D2D3E5032325F3033002096
:207B000070776D20736574202D63203C6368616E6E656C3E202D64203C647574793E202D24
:207B200070203C7065726F69643E0A00202020202020202020202A202D70203C7065726F75
:207B400069643E206973206F7074696F6E616C0A002070776D206E6F74696679203C4F4E68
:207B60002F4F46463E202D63203C6368616E6E656C3E20203C2D722F2D662F2D623E0A00B7
:207B80002020202020202020202020202020202020202020202020202020202020202020E5
:207BA000202020202D20456E61626C652F44697361626C652063616C6C6261636B0A007007
:207BC000776D206368616E6E656C202564206861732073657420746F2064757479203078A6
:207BE000253034782C77686963682069732025642E25642025630A004368616E6E656C205E
:207C00002564203A2025730A004368616E6E656C2025642063616C6C2D6261636B206E6FE6
:207C200074696669636174696F6E20776F6E277420626520696E766F6B6564210A002D2D8F
:207C40002D2D2D2D2D2D2D2D2D2D2D2D2D2D2D2D2D2D2D2D2D2D2D2D2D2D2D2D2D2D2D2D84
:207C60002D2D2D2D2D2D2D2D2D2D2D2D2D2D2D2D2D2D2D2D2D2D2D2D2D2D2D2D2D2D2D2D64
:207C80002D2D2D2D2D2D2D2D2D2D2D2D2D2D0A002070776D2076657273696F6E202020204A
:207CA00020202020202020202020202020202020202020202D20476574207468652076657B
:207CC0007273696F6E206F66207468652050776D20447269766572206D6F64756C650A0093
:207CE0002070776D206C697374202020202020202020202020202020202020202020202054
:207D0000202020202D206C697420636F6E66696775726174696F6E20696E666F726D617435
:207D2000696F6E0A0020202020202020202020202A203C2D722F2D662F2D623E2065646760
:207D400065206F66206E6F746966792C2D7220666F7220726973696E672C2D6620666F720C
:207D60002066616C6C696E672C2D6220666F7220626F74680A002070776D207365746320AA
:207D80002D63203C6368616E6E656C3E202D636C203C636C6B3E20202020202020202020B0
:207DA00020202020202D2053657420636C6F636B20736F757263650A002070776D20736557
:207DC000746F202D63203C6368616E6E656C3E203C686967682F6C6F772F69646C653E20F5
:207DE00020202020202020202D20536574206F757470757420746F207374617469632073FB
:207E0000746174650A002070776D2073657463202D63203C6368616E6E656C3E202D636C28
:207E2000203C636C6B3E202020202020202020202020202020202D2053657420636C6F6334
:207E40006B20736F757263650A002070776D207365746F202D63203C6368616E6E656C3E8A
:207E6000203C686967682F6C6F772F69646C653E202020202020202020202D2053657420A1
:207E80006F757470757420746F207374617469632073746174650A00A47E7F00AE7E7F00EF
:207EA0005CE77F005F5F636D645F70776D0070776D20746573742066756E6374696F6E00A1
:207EC00076657273696F6E006765740050325F31320050325F31330050325F31310050320E
:207EE0005F3134005031305F390049420045420050365F380050355F320050365F390050C2
:207F0000365F36005031305F3131005031305F3130005031305F31320068656C70006C69C2
:207F20007374002D64002D6A002D73002D680063616E63656C002D66005350495F4A4F42DE
:207F40005F50454E44494E47005350495F5345515F50454E44494E470020737069207472B3
:207F6000616E736D6974203C69643E203C646174613E202020202020202D5472616E736D58
:207F80006974206461746120766961207370690A0020202020202020202020202A202D6A33
:207FA00020666F72205370695F4765744A6F62526573756C7428290A0073706920747261E7
:207FC0006E736D6974203C69643E203C646174613E20202020202020202D5472616E736D39
:207FE0006974206461746120766961207370690A00537069204A6F62256420726573756CD9
:20800000742069732025730A0073706920676574203C2D642F2D6A2F2D732F2D683E203CA2
:2080200069643E202D20676574207374617475732F726573756C740A00202020202020200C
:20804000202D6420666F72205370695F47657453746174757328290A00202020202020207E
:20806000202D7320666F72205370695F47657453657175656E6365526573756C7428290AFB
:208080000020202020202020202020202A203C646174613E20387E33322062697473206491
:2080A0006174610A004D6F64756C652049443D25642C56656E646F7249443D25642C5377C4
:2080C000566572696F6E3D25642E25642E25640A002020202020207C202020202020434C64
:2080E0004B20203C2D2D3E202573200A002020202020207C2020202020204D4F5349203CAF
:208100002D2D3E202573200A002020202020207C2020202020204D49534F203C2D2D3E209D
:208120002573200A002020202020207C20202020202043535378203C2D2D3E202573200A4A
:2081400000616665207261613237313732300020737069206C697374202020202020202024
:208160002020202020202020202020202020202D206C6973742074686520636F6E6669671F
:2081800075726174696F6E0A00207370692063616E63656C203C2D663E203C69643E20200D
:2081A0002020202020202020202D2063616E63656C206F7220666F7263652063616E6365A2
:2081C0006C0A0020202020202020202020202A202D6620666F72205370695F466F726365EB
:2081E00043616E63656C28292C626C616E6B20666F72205370695F43616E63656C28290A01
:20820000005472616E736D6974696E67206461746120307825303478206F6E20535049251D
:2082200064435325640A00537069207374617475732069732025730A002020202020202023
:20824000202D6820666F72205370695F4765744857556E697453746174757328290A0073A6
:2082600070692063616E63656C203C2D663E203C69643E202020202D2063616E63656C20B8
:208280006F7220666F7263652063616E63656C0A00706D696320726161323731303834000B
:2082A0005350495F554E494E4954005350495F49444C45005350495F4255535900535049B9
:2082C0005F4A4F425F4F4B005350495F4A4F425F4641494C4544005350495F4A4F425F516B
:2082E0005545554544005350495F5345515F4F4B005350495F5345515F4641494C454400A1
:208300005350495F5345515F43414E43454C45440020202020202020202020202A203C694C
:20832000643E20696E6465782C20757365206C69737420636F6D6D616E7420746F206765F0
:2083400074207468652064657363726970740A002073706920676574203C2D642F2D6A2F12
:208360002D732F2D683E203C69643E20202020202D20676574207374617475732F7265738A
:20838000756C740A0020202020202020202020202A202D6420666F72205370695F47657411
:2083A00053746174757328290A0020202020202020202020202A202D7320666F722053704A
:2083C000695F47657453657175656E6365526573756C7428290A0020202020202020202082
:2083E00020202A202D6820666F72205370695F4765744857556E6974537461747573282918
:208400000A002049443A2564207C204D53504925644353532564207C2042756666657220BC
:208420003A202573207C20446576696365203A202573200A007472616E736D6974005472CA
:20844000616E736D69742046696E697368215265616420646174612069732030782530346B
:20846000780A005370692053657175656E6365256420726573756C742069732025730A00EF
:2084800053706920686172647761726520726573756C742069732025730A00202020202025
:2084A0002020202D6A20666F72205370695F4765744A6F62526573756C7428290A005370DB
:2084C000692073657175656E6365256420666F7263652063616E63656C64210A00537069C1
:2084E0002073657175656E636525642063616E63656C64210A0020202020202020202D66D2
:2085000020666F72205370695F466F72636543616E63656C28292C626C616E6B20666F7228
:20852000205370695F43616E63656C28290A002D2D2D2D2D2D2D2D2D2D2D2D2D2D2D2D2DF2
:208540002D2D2D2D2D2D2D2D2D2D2D2D2D2D2D2D2D2D2D2D2D2D2D2D2D2D2D2D2D2D2D2D7B
:208560002D2D2D2D2D2D2D2D2D2D2D2D2D2D2D2D2D2D2D2D2D2D2D2D2D2D2D2D2D2D2D0A7E
:2085800000207370692076657273696F6E20202020202020202020202020202020202020E9
:2085A000202D20476574207468652076657273696F6E206F6620746865205370692044722F
:2085C00069766572206D6F64756C650A00207370692076657273696F6E20202020202020C3
:2085E000202020202020202020202D20476574207468652076657273696F6E206F662074BE
:2086000068652053706920447269766572206D6F64756C650A0076657273696F6E00737418
:208620006172740068656C70007764672073746172742020202020202020202020202020FA
:2086400020202020202D20537461727420746865207761746368646F672074696D65720A02
:20866000004D6F64756C652049443D25642C56656E646F7249443D25642C537756657269A8
:208680006F6E3D25642E25642E25640A00556E6B6E6F776E20636F6D6D616E642E20506CC6
:2086A0006561736520656E74657220277764672720666F722068656C700A0077646720761C
:2086C000657273696F6E20202020202020202020202020202020202D20476574207468651C
:2086E0002076657273696F6E206F66207468652057646720447269766572206D6F64756CEF
:20870000650A00496D706C656D656E742077646720747269676765722066756E6374696FB1
:208720006E20616E642072657365742077696C6C206F63637572206166746572203430303B
:2087400030206D73210A00496E76616C6964206C69676874696E674D6F64653A2025640A0F
:20876000000000000000F9FF0080F9FF80B0C6FF00B1C6FF0030C6FF000BDEFF000CDEFF58
:20878000000DDEFF000EDEFF0012DEFF002BC7FF002CC7FF002DC7FF0053C7FF8053C7FF8D
:2087A00000A3C7FF00A4C7FF00A5C7FF0010C8FF0012C8FF0020C8FF0094F4FF0096F4FFD4
:2087C0000093F2FF00A097FF00130AFF00150AFF00170AFF009487FF009587FF00148BFFB2
:2087E00000168BFF00188BFF00808FFF00B0C6FF00B0C6FF0031C6FF0010DEFF0010DEFF6F
:208800000010DEFF0010DEFF0010DEFF0032C7FF0032C7FF0032C7FF0054C7FF0054C7FF75
:2088200000B0C7FF00B0C7FF00B0C7FF0030C8FF0030C8FF4030C8FF00A0F4FF00A0F4FF8B
:2088400000A0F2FF00A297FF00140AFF00140AFF00140AFF00A087FF00A087FF00208BFF02
:2088600000208BFF00208BFF00818FFF0000041052783A20436F6E74726F6C6C65722049D0
:208880006E646578203D2025642C205265636569766564204C656E42797465203D202564D7
:2088A0002C204672616D6554797065203D2030782530347820497342726F6164636173744A
:2088C000203D202564200A0054783A20436F6E74726F6C6C657220496E646578203D202564
:2088E000642C20436F6E6669726D656420427566496478203D202564200A00436F6E747299
:208900006F6C6C657220496E646578203D2025642C204D6F6465206368616E6765642043FD
:2089200074726C4D6F6465203D202564200A000090816EFF90886EFF90896EFF94816EFF25
:2089400094886EFF94896EFF841360FF041960FF841A60FF801360FF001960FF801A60FF32
:208960000000000001000000020000000300000049444C45000925630925750925750925CE
:20898000750D0A0006000000546D72205376630048656C6C6F205248383530210A00566595
:2089A0007273696F6E25642E25642E25640D007361792068656C6C6F20776F726C64005F60
:2089C0005F636D645F68656C6C6F0000BF897F00AF897F0026A48000E4897F00F2897F00E3
:2089E0003AA480005F5F636D645F76657273696F6E0073686F77207368656C6C207665725C
:208A000073696F6E20696E666F726D6174696F6E000000005248383530203E000820080012
:208A20000A0008002563000825732020080025730025733A20636F6D6D616E64206E6F74DA
:208A400020666F756E642E0A005F5F636D645F0025730A0025732573001B5B324B0D00542B
:208A60006F6F206D616E7920617267732021205765206F6E6C79205573653A0A002573202E
:208A8000005248383530207368656C6C20636F6D6D616E64733A0A00252D313673202D2018
:208AA00025730A007368656C6C2068656C702E00BC8A7F00A48A7F003EB380005F5F636D94
:208AC000645F68656C700053746172746B69745F55324100286E756C6C290028666C6F61D7
:208AE0007429000000000000000000000000244000000000000059400000000000408F40CD
:208B0000000000000088C34000000000006AF8400000000080842E4100000000D01263412F
:208B20000000000084D797410000000065CDCD41000000205FA00242000000E87648374240
:208B4000000000A2941A6D42000040E59C30A2420000901EC4BCD64200003426F56B0C43F2
:208B60000080E03779C34143000000000000F03F176E05B5B5B89346F5F93FE9034F384DFD
:208B800063B3D86275F6DD53321D30F94877825AC3FC6F25D4C22661EB24A7F11E0ECC6761
:208BA0009967FCDF524A716E3CBF737FDD4F1575468D2B83DF44BA7BC2A7FDA40E90A70391
:208BC000080C1014182030400001020304050607080C10141820304000010203040506079D
:208BE00008090909090A0A0A0A0B0B0B0B0C0C0C0C0D0D0D0D0D0D0D0D0E0E0E0E0E0E0EFB
:208C00000E0E0E0E0E0E0E0E0E0F0F0F0F0F0F0F0F0F0F0F0F0F0F0F0F00000101020202DE
:098C200002030303030303030331
:208C2A002000210022001000FFFF15001100FFFF15001200FFFF15001300FFFF150018001D
:208C4A00FFFF1A001900FFFF1A001A00FFFF1A001B00FFFF1A001C00FFFF1A000400FFFF26
:208C6A001C000500FFFF1C000600FFFF1C000700FFFF1C000200FFFF1C001400FFFF1A0026
:208C8A001E0025000200000027001F00010026000F000300FFFF01001D00FFFF1A000A00C8
:208CAA0000000100000002000000000000000000000003000100010000000300010001009D
:208CCA0000000000010007000100010001000700030003000300FF0F0F0003000100FF004F
:208CEA00FF00FF00FF00FF001F000100010001000100010001000100010001000100010044
:108D0A000100010001000100010001000100010051
:208D1C00FFFFFFFFFFFF0000000000000000000000200AFF0A05F8FF00000000000000000E
:208D3C000000000000000000C0030000C00300000005000040060000E0010000E001000084
:208D5C0080020000200300000000C5FF0001C5FF140000001000000008400000004000001D
:208D7C00180000001C000000280000002C000000000000000000000000000000000000004F
:208D9C00000000000000000000000000000000000C400000104000001C400000244000005B
:208DBC0000000000000000000000000000000000144000003840000018400000284000000B
:208DDC0030000000044000000000000000000000146000001060000000600000402F000050
:208DFC00442F0000040000002000000024000000080000000C0000003C000000010000004B
:208E1C00000000000800000000000000000000000000000000000000070700000000000020
:208E3C0000000000000000000007000000070000FFFFFFFFFFFFFFFFFFFFFFFFF8FFFFFF1F
:208E5C00FFFFFFFFFFFFFFFFFFFFFFFFFFF8FFFFFFF8FFFFFFFFFFFFFFFFFFFFFFFFFFFF24
:208E7C00FFF8FFFFFFFFFFFFFFFFFFFFFFFFFFFFFFFFFFFFFFFFFFFF010000009300000061
:208E9C0002000000930000000400000093000000080000009300000010000000930000004C
:208EBC00200000009300000040000000930000008000000093000000000100009300000069
:208EDC0000020000930000000004000093000000000800000B000000001000009300000094
:208EFC00002000009300000000400000930000000080000093000000000001009300000029
:208F1C00000002009300000000000400930000000000080093000000000010000C00000052
:208F3C00000020009300000000004000930000000000800093000000000000010D0000006E
:208F5C00000000020E000000000000040F0000000000000810000000000000101100000099
:208F7C00000000201200000000000040130000000000008093000000010000001400000028
:208F9C000200000093000000040000009300000008000000930000001000000015000000C9
:208FBC002000000016000000400000001700000080000000930000000001000018000000DC
:208FDC000002000019000000000400001A000000000800001B000000001000001C000000ED
:208FFC00002000001D000000004000001E0000000080000093000000000001001F00000087
:20901C00000002002000000000000400210000000000080022000000000010002300000090
:20903C000000200024000000000040009300000000008000930000000000000125000000C4
:20905C00000000022600000000000004270000000000000828000000000000102900000038
:20907C00000000202A000000000000402B000000000000802C000000010000002D00000045
:20909C0002000000930000000400000093000000080000009300000010000000930000004A
:2090BC00200000009300000040000000930000008000000093000000000100002E000000CC
:2090DC00000200009300000000040000930000000008000093000000001000002F0000006E
:2090FC0000200000930000000040000093000000008000009300000000000100300000008A
:20911C000000020031000000000004003200000000000800330000000000100093000000EC
:20913C00000020009300000000004000930000000000800093000000000000013400000045
:20915C00000000023500000000000004360000000000000893000000000000109300000044
:20917C00000000209300000000000040930000000000008093000000010000003700000002
:20919C000200000038000000040000003900000008000000930000001000000093000000FE
:2091BC00200000009300000040000000930000008000000093000000000100003A000000BF
:2091DC00000200003B000000000400003C00000000080000930000000010000093000000B8
:2091FC00002000009300000000400000930000000080000093000000000001003D0000007C
:20921C00000002003E000000000004003F0000000000080093000000000010009300000071
:20923C00000020009300000000004000930000000000800093000000000000014000000038
:20925C0000000002410000000000000442000000000000084300000000000010930000007B
:20927C000000002093000000000000409300000000000080930000000100000044000000F4
:20929C0002000000450000000400000046000000080000004700000010000000480000007A
:2092BC002000000049000000400000004A000000800000004B000000000100004C00000087
:2092DC00000200004D000000000400004E000000000800004F00000000100000500000001A
:2092FC00002000005100000000400000930000000080000093000000000001009300000067
:20931C000000020093000000000004009300000000000800930000000000100093000000C7
:20933C000000200093000000000040009300000000008000930000000000000193000000E4
:20935C00000000029300000000000004930000000000000893000000000000109300000087
:20937C00000000209300000000000040930000000000008052000000010000005300000025
:20939C000200000054000000040000005500000008000000930000001000000093000000C4
:2093BC002000000093000000400000009300000080000000930000000001000056000000A1
:2093DC000002000057000000000400005800000000080000590000000010000093000000B8
:2093FC00002000009300000000400000930000000080000093000000000001009300000024
:20941C000000020093000000000004009300000000000800930000000000100093000000C6
:20943C000000200093000000000040005A000000000080005B000000000000015C0000008B
:20945C00000000025D000000000000045E000000000000085F000000000000109300000025
:20947C000000002093000000000000409300000000000080930000000100000060000000D6
:20949C000200000061000000040000006200000008000000630000001000000093000000D9
:2094BC00200000009300000040000000930000008000000093000000000100009300000063
:2094DC00000200009300000000040000930000000008000093000000001000009300000006
:2094FC00002000009300000000400000930000000080000093000000000001009300000023
:20951C000000020093000000000004009300000000000800930000000000100093000000C5
:20953C000000200093000000000040009300000000008000930000000000000193000000E2
:20955C00000000029300000000000004930000000000000893000000000000109300000085
:20957C000000002093000000000000409300000000000080930000000100000064000000D1
:20959C000200000093000000040000009300000008000000650000001000000066000000A0
:2095BC002000000067000000400000009300000080000000930000000001000068000000B9
:2095DC000002000069000000000400006A0000000008000093000000001000006B00000080
:2095FC00002000009300000000400000930000000080000093000000000001006C00000049
:20961C00000002006D000000000004009300000000000800930000000000100093000000EA
:20963C000000200093000000000040009300000000008000930000000000000193000000E1
:20965C00000000029300000000000004930000000000000893000000000000109300000084
:20967C0000000020930000000000004093000000000000806E000000010000006F000000EA
:20969C00020000009300000004000000930000000800000070000000100000007100000089
:2096BC002000000072000000400000009300000080000000930000000001000073000000A2
:2096DC0000020000740000000004000075000000000800009300000000100000760000005E
:2096FC0000200000930000000040000093000000008000009300000000000100770000003D
:20971C000000020078000000000004009300000000000800930000000000100093000000DE
:20973C000000200093000000000040009300000000008000930000000000000193000000E0
:20975C00000000029300000000000004930000000000000893000000000000109300000083
:20977C00000000209300000000000040930000000000008079000000080001000000DAFF6C
:20979C00B8977F0010000B000000D9FF4C987F0010000500800CD9FFA89E7F00000000004B
:2097BC0000000000FF00000000000000050000000000000000000000000000000000000089
:2097DC0000000000000000000000000000000000000000000000000000000000000000006D
:2097FC00050000000000000000000000000000000000000000000000000000000000000048
:20981C0000000000000000000000000000000000000000000000000000000000000000002C
:20983C00000000000000000000000000000000000200FFFF0000FFFFFFFFFFFF0000FFFF14
:20985C000000FFFF0000FFFF0000FFFF0000000000000000000000000000000000000000F2
:20987C00000000000000000000000000000000000000FFFF0000FFFF0000FFFF0000DEFFF5
:20989C00000000000000000000000000000000000000FFFF0000FFFF0000FFFF0000FFFFB4
:2098BC000000FFFF0000FFFF0000FFFF000000000000FFFF0000FFFF0000FFFF0000000098
:2098DC00080000000300FC010000FC01FFFFFC010000FC010000FC010000FC010000FC0178
:2098FC0000000000000000000000000000000000000000000000000000000000000000004C
:20991C00000000000000FC010000FC010000FC010000FC0100000000000000000000000037
:20993C00000000000000FC010000FC010000FC010000FC010000FC010000FC010000FC0120
:20995C00000000000000FC010000FC010000FC0100000000100000000400F3FF0000F3FFFC
:20997C00FFFFF3FF0000F3FF0000F3FF0000F3FF0000F3FF00000000000000000000000013
:20999C000000000000000000000000000000000000000000000000000000F3FF0000F3FFC7
:2099BC000000F3FF0000F3FF000000000000000000000000000000000000F3FF0000F3FFC3
:2099DC000000F3FF0000F3FF0000F3FF0000F3FF0000F3FF000000000000F3FF0000F3FFCD
:2099FC000000F3FF000000002000000005005C0000005C00FFFF5C0000005C0000005C006A
:209A1C0000005C0000005C0000000000000000000000000000000000000000000000000072
:209A3C0000000000000000000000000000005C0000005C0000005C0000005C00000000009A
:209A5C0000000000000000000000000000005C0000005C0000005C0000005C0000005C001E
:209A7C0000005C0000005C000000000000005C0000005C0000005C000000000040000000BE
:209A9C000600FDFB0000FDFFFFFBFDFB0000FDFF0000FDFB0000FDFB0000FDFB00000000DA
:209ABC0000000000000000000000000000000000000000000000000000000000000000008A
:209ADC000000FDFF0000FDFF0000FDFF000000E50000000000000000000000000000000091
:209AFC000000FDFF0000FDFF0000FDFF0004FDFF0004FDFF0000FDFF0000FDFF000000005E
:209B1C000000FDFF0000FDFF0000FDFF00000000800000000A00FF7F0000FF7FFFFFFF7F33
:209B3C000000FF7F0000FF7F0000FF7F0000FF7F0000000000000000000000000000000011
:209B5C0000000000000000000000000000000000000000000000FF7F0000FF7F0000FF7F6F
:209B7C000000FF00000000000000000000000000000000000000FF7F0000FF7F0000FF7F50
:209B9C000000FF7F0000FF7F0000FF7F0000FF7F000000000000FF7F0000FF7F0000FF7F37
:209BBC00000000000004000011007F0000007F00FFFF1F0000007F0000007F0000007F00DC
:209BDC0000007F0000000000000000000000000000000000000000000000000000000000EA
:209BFC00000000000000000000007F0000007F0000007F00000000000000000000000000CC
:209C1C00000000000000000000007F0000007F0000007F0000007F0000007F0000007F002E
:209C3C0000007F000000000000007F0000007F0000007F0000000000002000001400FF7762
:209C5C000000FF77FFFFFF770000FF770000FF770000FF770000FF77000000000000000026
:209C7C00000000000000000000000000000000000000000000000000000000000000FF7752
:209C9C000000FF770000FF770000FF77000000000000000000000000000000000000FF77D0
:209CBC000000FF770000FF770000FF770000FF770000FF770000FF77000000000000FF774E
:209CDC000000FF770000FF7700000000000001001500FF000000FF00FFFFFF000000FF006C
:209CFC000000FF000000FF000000FF0000000000000000000000000000000000000000004B
:209D1C00000000000000000000000000000000000000FF000000FF000000FF000000FF002B
:209D3C00000000000000000000000000000000000000FF000000FF000000FF000000FF000B
:209D5C000000FF000000FF000000FF00000000000000FF000000FF000000FF0000000000ED
:209D7C000000020016001F0000001F00FFFF1F0000001F0000001F0000001F0000001F00D8
:209D9C000000000000000000000000000000000000000000000000000000000000000000A7
:209DBC000000000000001F0000001F0000001F0000000E000000000000000000000000001C
:209DDC000000000000001F0000001F0000001F0000001F0000001F0000001F0000001F008E
:209DFC000000000000001F0000001F0000001F0000000000000004001800F03F0000F03F70
:209E1C00FFFFF03F0000F03F0000F03F0000F03F0000F03F0000000000000000000000003D
:209E3C000000000000000000000000000000000000000000000000000000F03F0000F03FA8
:209E5C000000F03F00000000000000000000000000000000000000000000F03F0000F03F59
:209E7C000000F03F0000F03F0000F03F0000F03F0000F03F000000000000F03F0000F03F7D
:209E9C000000F03F0000000000001000000000000000FFFFFFFF00000000FFFF000000006D
:209EBC00000000000000000000000000000000000000000000000000000000000000000086
:209EDC00000000000000000000000000000000000000000000000000000000000000000066
:209EFC000000000000000000000000000000FFFF0000FFFF0000FFFF000000000000FFFF4E
:209F1C000000FFFF0000FFFF000000000000FFFF0000FFFF0000FFFF00000000000020000F
:209F3C000100000000000F00FFFF000000000F0000000000000000000000000000000000E8
:209F5C000000000000000000000000000000000000000000000000000000000000000000E5
:209F7C000000000000000000000000000000000000000000000000000000000000000000C5
:209F9C0000000F0000000F0000000F000000000000000F0000000F0000000F00000000004B
:209FBC0000000F0000000F0000000F000000000000004000020000000000FFFFFFFF00001A
:209FDC000000FFFF0000000000000000000000000000000000000000000000000000000067
:209FFC00000000000000000000000000000000000000000000000000000000000000000045
:20A01C0000000000000000000000000000000000000000000000FFFF0000FFFF0000FFFF2A
:20A03C00000000000000FFFF0000FFFF0000FFFF000000000000FFFF0000FFFF0000FFFF10
:20A05C0000000000000080000300000000000F00FFFF000000000F00000000000000000045
:20A07C000000000000000000000000000000000000000000000000000000000000000000C4
:20A09C000000000000000000000000000000000000000000000000000000000000000000A4
:20A0BC00000000000000000000000F0000000F0000000F000000000000000F0000000F0039
:20A0DC0000000F000000000000000F0000000F0000000F0000000000000000010400000023
:20A0FC0000001F00FFFF000000001F00000000000000000000000000000000000000000008
:20A11C00000000000000000000000000000000000000000000000000000000000000000023
:20A13C000000000000000000000000000000000000000000000000000000000000001F00E4
:20A15C0000001F0000001F000000000000001F0000001F0000001F000000000000001F0029
:20A17C0000001F0000001F000000000000000002245E8100426D8100A26481006066810082
:20A19C0026708100006F8100166E8100EA708100225F81000060C7FF4057C7FF005DC7FF14
:20A1BC00F401F8FFF601F8FFF801F8FFFA01F8FF0800000000E0C7FF40C8C7FF005DC7FF28
:20A1DC000802F8FF0A02F8FF0C02F8FF0E02F8FF080000000000D8FF4058C7FF005DC7FFF3
:20A1FC001002F8FF1202F8FF1402F8FF1602F8FF0800000000E280FF04001FE80848074008
:20A21C000638610200522036140082FF4EB3202E0000E90D23060000E1FD003A0042004A32
:20A23C001C0A41192406B49EE0FD80072400E029B20D2A06B49EE0FD250600000000A55136
:20A25C00CA2180070C0004260040042600404036000006360000B20580FF0400403600002E
:20A27C0006360000B20580FF04002506808E7F00400EE1FD010E80C1A20501F02A06EA5D09
:20A29C0080FF2B06000000001D60E059C2052C0616A27F00CC51EAA7200034060000000004
:20A2BC00350600000000360600000000370600000000380600000000E5374000405E030093
:20A2DC000B31E62F2000005E0000F205E537400886360200E62F200800CA00D25D3600000E
:20A2FC002636F20081FFB036800700000100000000000000800E7F000000000000000000F9
:20A31C000000000000000000000000002A0600ECFEFF2A5F0100E059D2FD7F000132403E46
:20A33C00FFFF673701EC7F008607E1F006D0DA0007C808E89D0009C03C062421E0FD3B0621
:20A35C008820E0FD63CF050043EF090021060800E0FD630F010043D708002337010018389E
:20A37C001D4081FF36351B0F0000E009D20D5B0700001C3080FF4473E051EA051C30233ED6
:20A39C00000080FF4A7301524606FFF07F00800761003D060000E0FD3D0F0100410A7D0F2C
:20A3BC00010081FFAEB93D0F010001069CFF9A0D010A2B060400E0FD6B0F01007D070100E6
:20A3DC0040067F007F007F007F007F007F007F007F007F007F007F008007E11006D83D060D
:20A3FC004800E0FD3C064800E0FD1F001B303C3F0100084281FFA4343CF701008803400628
:20A41C00FF10F00700017F00501A634F0D00634709000608633F0500E0071001031E1000E0
:20A43C007F00840721002036C700203E450080FF64622036C700013A80FF80622606D00714
:20A45C00840081FFA43F003281FF0A4320368C01203E460080FF3E6220368D01203E4600CC
:20A47C0080FF326220368E01203E460080FF266220368F01203E460080FF1A6220368C01B5
:20A49C00013A80FF366220368D01013A80FF2C6220368E01013A80FF226220368F01013ADE
:20A4BC0080FF186226068818840081FFE48781FF708B81FFAC8B2036B501203E460080FFEB
:20A4DC00D4612036B601203E460080FFC8612036B701203E460080FFBC612036B501013A3D
:20A4FC0080FFD8612036B601013A80FFCE612036B701013A80FFC4610532270620A1070079
:20A51C00004280FFB86C053280FF986F2036B101203E460080FF7E612036B201203E4600C6
:20A53C0080FF72612036B301203E460080FF66612036B101013A80FF82612036B201013AD0
:20A55C0080FF78612036B301013A80FF6E610432203E8025004280FF646C043280FF446FC2
:20A57C002606800E7F0081FF420381FF1A090032003A81FFB00D800E18F02B06C451BFFFDB
:20A59C006B0F0000260676F67F00030A630F01002706970E7F002046000229067856341292
:20A5BC006307050080FFA4D326060AF87F00010A630F01002706A30E7F00204600022906FB
:20A5DC00785634126307050080FF80D32B064C00E0FD4B07000080FF12DC80FFF2BB44067B
:20A5FC003F0080076100E05740100AE8000040067F0080072100E0076001003227068038D3
:20A61C00010081FF764040063F008E07E1FF06D807E83C067000E0FD380642157F00360641
:20A63C00EF0E7F0035066421E0FD61DAA70D3D3F05002606CC0E7F0081FFE815E051CA4533
:20A65C002606F30F7F0081FF62022606DA107F0081FF5802260656127F0081FF4E022606CF
:20A67C0019117F0081FF44022606190F7F0081FF3A022606A6127F0081FF30022606E71286
:20A69C007F0081FF260226062A137F0081FF1C0226066E137F0081FF12022606CB137F00A8
:20A6BC0081FF0802260616147F0081FFFE01260656117F0081FFF401260689117F0081FF54
:20A6DC00EA01800732063D3F05002606D10E7F0081FF5015E051EA077B0163DAE6075301A8
:20A6FC0065DAEF074D0101BA3D37090081FF1A180AD0DA001AF0DCF160088507C910200950
:20A71C00EC0F4402C209A1A725001AF0DCF160088507C9102009EC0F4402C209A15F1100BA
:20A73C00635F120063DABA151AF0DCF16030153881FF84FE0AB81AF0DCF160301438154895
:20A75C00014280FFB80517508007AE0564DA8A3D3D3F0D002606D60E7F0081FFC614E05115
:20A77C00FA6580CEFFFF1AF0DCF1603082FF30006352E20519085FCAD900E009DAF5000083
:20A79C001AF0DCF160302706A421E0FD273F010082FF3E002C06A821E0FD4C5700001AF0BC
:20A7BC00DCF160301438E34713002906A421E0FD294F010080FF4605005280073C0565DA2A
:20A7DC00FA353D3F0D002606D90E7F0081FF5414E051EA2D3D37110081FF2E17CA00635715
:20A7FC00100080CEFFFF1AF0DCF16030153881FFC6FD0AB81AF0DCF1603081FFA2FFE0516F
:20A81C00E20519085FCAD900E009EAEDE34711001AF0DCF12606550F7F00603808F0C1F2EE
:20A83C00D5F1704881FF840000528007CC04260616147F0081FF7400260656117F0081FF76
:20A85C006A00260689117F0081FF60008007A8043D3F05002606C60E7F0081FFC613E05190
:20A87C00EA1D63DADA153D37090081FF9C160AD0DA001AF0DCF1603081FF18FD1A382606AC
:20A89C00790F7F0081FF2400005280076C04260619117F0081FF140080075C043D3F0500D7
:20A8BC002606DC0E7F0081FF7A13E051EA1D63DADA153D37090081FF50160AD0DA001AF055
:20A8DC00DCF1603081FFDEFC1A382606C2117F0080FFD8FF0052800720042606190F7F00AF
:20A8FC0080FFC8FF800710043D3F05002606E10E7F0081FF2E13E0518A2D63DAFA1D3D37CF
:20A91C00090081FF04160AD0DA001AF0DCF1603081FF8CFE0AC81AF0DCF1603819F0C2F255
:20A93C0022067400E0FDC2F100452606010F7F0080FF78FF00528007C0032606A6127F00DA
:20A95C0080FF68FF8007B0033D3F05002606E80E7F0081FFCE12E0519A3D66DA8A351630EC
:20A97C003D3F090081FFBC12E0519A2D3D3F11002606D90E7F0081FFAA12E0518A253D3741
:20A99C000D0081FF84150AD0DA003D37150081FF78150AC8D9001AF0DCF160301938870041
:20A9BC0081FF72FF19381AF0DCF160402606DD117F0080FFF6FE005280073E032606E71277
:20A9DC007F0080FFE6FE80072E033D3F05002606AA0E7F0081FF4C12E0519A3D66DA8A35F8
:20A9FC0016303D3F090081FF3A12E0519A2D3D3F11002606D90E7F0081FF2812E0518A25F3
:20AA1C003D370D0081FF02150AD0DA003D37150081FFF6140AC8D9001AF0DCF160301938D8
:20AA3C00870081FFAAFE19381AF0DCF16040260631107F0080FF74FE00528007BC022606E3
:20AA5C0059147F0080FF64FE8007AC023D3F05002606F20E7F0081FFCA11E051DA4565DAC2
:20AA7C00CA3D16303D3F0D0081FFB811E051DA353D37110081FF92140AD0DA003D3F090077
:20AA9C002606F90E7F0081FF9A11E051FA0D1AF0DCF1603081FFDAFC1A38260653107F0068
:20AABC0080FF08FE0052800750023D3F09002606C20E7F0081FF6C11E051FA0D1AF0DCF1BE
:20AADC00603081FFC4FC1A382606FE117F0080FFDAFD00528007220226066E137F0080FF80
:20AAFC00CAFD800712023D3F05002606B20E7F0081FF3011E051CA2562DABA1D233614008B
:20AB1C0081FFB4FCE33F1700E3471500A30F1900834F1900630F0100830F1B00630F050024
:20AB3C002606950F7F0080FF82FD00528007CA01260656127F0080FF72FD8007BA013D3F49
:20AB5C0005002606FC0E7F0081FFD810E051EA07090126069E147F0080FF50FD2606F01432
:20AB7C007F0080FF46FD183080FF40FD260694157F0080FF36FD2606E6157F0080FF2CFD20
:20AB9C00260638167F0080FF22FD26068A167F0080FF18FD183080FF12FD2606DC167F00B0
:20ABBC0080FF08FD183080FF02FD260694157F0080FFF8FC26062E177F0080FFEEFC2606E3
:20ABDC0080177F0080FFE4FC2606D2177F0080FFDAFC183080FFD4FC260624187F0080FFFE
:20ABFC00CAFC183080FFC4FC260694157F0080FFBAFC26062E177F0080FFB0FC26063816CE
:20AC1C007F0080FFA6FC260676187F0080FF9CFC183080FF96FC2606C8187F0080FF8CFC3D
:20AC3C00183080FF86FC26061A197F0080FF7CFC26066C197F0080FF72FC260638167F00C4
:20AC5C0080FF68FC2606BE197F0080FF5EFC183080FF58FC85553D3F05002606BA0E7F00B1
:20AC7C0081FFC00FE051AA4565DAAA3D16303D3F0D0081FFAE0FE051BA353D37110081FFF2
:20AC9C0088120AD0DA003D3F09002606F90E7F0081FF900FE051EA0D1AF0DCF1603081FFE5
:20ACBC001AFA1A382606C10F7F0080FFFEFB0052B5253D3F09002606C20E7F0081FF640F00
:20ACDC00E051EA0D1AF0DCF1603081FF54FA1A38260631127F0080FFD2FB0052D50D26060F
:20ACFC00101A7F0080FFC4FBE505260685107F0080FFB8FB00524E06FFFF8007E1FF06B034
:20AD1C00D60009A03806821A7F0007A8D5003706801A7F0008C8D9001508F90801D0DA00F3
:20AD3C00DA0000EA01E200DA163826065C1A7F0080FF78FB173080FF72FB00EA95151B38FB
:20AD5C0026066A1A7F0080FF62FBF9E1D10541DA9B0001E2B50541E29C0041EA9D00FAE95F
:20AD7C00F1ED183080FF44FB173080FF3EFB00EAC50D1DF0C1F2D4F170382606761A7F00B0
:20AD9C0080FF28FB41EA9D00FAE9C1F5183080FF1AFB4006FFFF9607E1F306D807E83906F7
:20ADBC00A31A7F0038062421E0FD3606681B7F0061DAA70D3D3F050026069E1A7F0081FF4A
:20ADDC00620EE051AA1D2606281D7F0080FFDCFA163080FFD6FA26069F1B7F0080FFCCFA6B
:20ADFC002606D61B7F0080FFC2FA26060D1C7F0080FFB8FA8007CC023D3F05002606841ABB
:20AE1C007F0081FF1E0EE051CA2562DABA1D2336240081FFC8D7E33F2700E3472500A30FD2
:20AE3C002900834F2900630F0100830F2B00630F05002606101B7F0080FF70FA0052800793
:20AE5C00840226067A1D7F0080FF60FA800774023D3F05002606901A7F0081FFC60DE051DE
:20AE7C00EA2500E264DACA1D19303D3F090081FFB20DE051FA053D370D0081FF8C100AE0DC
:20AE9C00BC001C308600013A81FF48DC1C382606B01A7F0080FF14FA0052800728022606A4
:20AEBC00C01A7F0080FF04FA800718023D3F05002606A61A7F0081FF6A0DE051EA2500E2FA
:20AEDC0064DACA1D19303D3F090081FF560DE051FA053D370D0081FF30100AE0BC001C301D
:20AEFC008600023A81FFECDB1C382606F01A7F0080FFB8F900528007CC012606421C7F0045
:20AF1C0080FFA8F98007BC013D3F05002606961A7F0081FF0E0DE0519A5566DAAA4D00E201
:20AF3C0000D219303D3F090081FFF80CE051FA053D370D0081FFD20F0AE0BC003D3F11008C
:20AF5C0026068C1A7F0081FFDA0CE051FA0D3D371500233E0800004281FF020E0AB823F746
:20AF7C000900000BE009AA0517D0080A430F2100020A430F200063D71D0021068400E0FD40
:20AF9C00630F19001CF0C1F222068C00E0FDC2F10133233E1800C60081FF76DC1C381A4014
:20AFBC002606711C7F0080FF02F9005280071601163080FFF6F880070A013D3F05002606E1
:20AFDC00AB1A7F0081FF5C0CE051EA7520E66300010A2B068820E0FD4B0F000062DA9A75CA
:20AFFC0026063C1B7F0080FFC2F826069A1C7F0080FFB8F82606B71C7F0080FFAEF8203671
:20B01C00640080FFA255320667666666FC97209A1C10BF121C40A29AA299133887000A125E
:20B03C00E247FC422606CE1C7F00880080FF7CF8183080FF7A66E051E2051C085FE2BC009D
:20B05C00E009EADD26069C1A7F0080FF5EF8183080FF5C66E051AA2D1830233E0C0080FF29
:20B07C00C0662606DB1C7F0080FF40F8233F110023F70D00620860406148630F010063080A
:20B09C00630F05002606EE1C7F0080FF1EF823F70D006438654066486708630F01002606AF
:20B0BC00131D7F0080FF04F8C50D2606561B7F0080FFF8F7E5052606001B7F0080FFECF7DC
:20B0DC0000525606FFF38E07E1FF06D807E83906B800E0FD3806B401E0FD3706FD237F00F2
:20B0FC003606CE257F0061DAA70D3D3F05002606E01D7F0081FF2C0BE051FA5D173080FF69
:20B11C00AAF726064F247F0080FFA0F7173080FF9AF72606A3247F0080FF90F72606F2242D
:20B13C007F0080FF86F7260641257F0080FF7CF7173080FF76F7260682257F0080FF6CF70E
:20B15C00260640227F0080FF62F72606FD1D7F0080FF58F7163080FF52F726063D1E7F0047
:20B17C0080FF48F7260619267F0080FF3EF7173080FF38F726065F267F0080FF2EF7260662
:20B19C0040227F0080FF24F72606FD1D7F0080FF1AF7163080FF14F7173080FF0EF72606FC
:20B1BC00751E7F0080FF04F7163080FFFEF6173080FFF8F68007EA053D3F05002606CA1D70
:20B1DC007F0081FF5E0AE051CA2562DABA1D2336140081FFAE30E33F1700E3471500A30FC4
:20B1FC001900834F1900630F0100830F1B00630F05002606DD1E7F0080FFB0F600528007F4
:20B21C00A2052606AA267F0080FFA0F6800792053D3F05002606E51D7F0081FF060AE051CE
:20B23C008A5D62DAB20563DA8A4D3A06EA1D7F0000E263DABA053DD709002606EA1D7F0091
:20B25C001A3881FFDE09E051FA1500E2F50D1CF0FE00FEF60C001C3826067D227F00D9F183
:20B27C00024580FF46F641E2DC001C06EBFF89F5005280072E051A382606ED1D7F0081FF94
:20B29C00A209E051DA1500E2D50D1C381CF0C3F2D8F10245260694227F0080FF0EF641E2D7
:20B2BC00DC001C06EBFFA9F500528007F6042606091F7F0080FFF4F52606FA267F0080FF94
:20B2DC00EAF5260641257F0080FFE0F58007D2043D3F05002606DA1D7F0081FF4609E0518E
:20B2FC00EA07E90165DAEA07B1012606EA1D7F003D3F090081FF2C09E051BA4500AA3D373B
:20B31C000D0081FF040C0AE0DC001C06EAFF910D1CF0FE00FEF60C00D9F16808610AD20D77
:20B33C0020E611002606B1227F0080FF7EF52606E0227F0080FF74F53D371100233E0800E7
:20B35C00004281FF180A0AD023F70900000BE009CA05E0D1EAAF00001C30153881FF602D3D
:20B37C001CF0FE00FEF60C001C381548260607237F00D9F1024580FF32F500528007240469
:20B39C003D3F09002606ED1D7F0081FF9608E051FA3D00E23D370D0081FF6E0B0AA8D500EE
:20B3BC006BAA931521062006840001A618002606EB1F7F0080FFF4F426062E237F0080FF8D
:20B3DC00EAF4D50515F0C3F2D8F100A53D371100233E0800004281FF84090AD023F7090037
:20B3FC00000BE009BA051AE09C0014301C3881FF282E153815F0C3F2D8F102451C482606D3
:20B41C001D1F7F0080FFA4F40052800796033D3F09002606F01D7F0081FF0808E051FA359F
:20B43C0000AA3D370D0081FFE00A0AE0DC001C06E6FF910D3E069C00E0FDDCF160080106F7
:20B45C0001FFFA0506E2260619207F0080FF5CF43D371100233E0800004281FF00090AD0A3
:20B47C0023F70900000BE009BA051AA895001C308600153881FFB62B1C38154026065B23B0
:20B49C007F0080FF26F40052800718032606091F7F0080FF16F426065F277F0080FF0CF478
:20B4BC00260640227F0080FF02F4163080FFFCF326063D1E7F0080FFF2F3260619267F00E6
:20B4DC0080FFE8F38007DA023D3F05002606F31D7F0081FF4E07E051EA07430264DAEA07EC
:20B4FC0017022606EA1D7F003D3F090081FF3407E051AA3500D23D370D0081FF0C0A0AE042
:20B51C00DC001C06EAFF910D1CF0FE00FEF60C00D9F16808E009C20D03E226063F207F009F
:20B53C0080FF88F32606E0227F0080FF7EF31C3081FF442B0AD01CF0FE00FEF60C001C38E5
:20B55C001A4826066D207F00D9F1024580FF5CF3005280074E023D3F09002606D21D7F000E
:20B57C0081FFC006E051AA2D00D23D370D0081FF98090AE0DC001C06EAFFC90D03E2260635
:20B59C003F207F0080FF24F326062E237F0080FF1AF31C3081FF6A2D0AD01CF0FE00FEF658
:20B5BC000C001C381A48260678237F00D9F1024580FFF8F200528007EA013D3F0900260678
:20B5DC00ED1D7F0081FF5C06E051CA2D00D23D370D0081FF34090AE0DC006BE2C30D2106A2
:20B5FC002006840001AE18002606EB1F7F0080FFBAF2D5051CF0C3F2D8F100AD153081FF08
:20B61C00DA2B0AD09A001C381CF0C3F2D8F102451A482606AD1E7F0080FF90F200528007BE
:20B63C0082013D3F09002606D61D7F0081FFF405E051CA2D00D23D370D0081FFCC080AE016
:20B65C00DC006BE2C30D21062006840001AE18002606EB1F7F0080FF52F2D5051CF0C3F22A
:20B67C00D8F100AD153081FFD62C0AD09A001C381CF0C3F2D8F102451A482606A5237F0003
:20B69C0080FF28F2005280071A013D3F09002606F01D7F0081FF8C05E0518A2D00D23D3785
:20B6BC000D0081FF64080AE0DC001C06E6FF910D3E069C00E0FDDCF16008010601FFFA0512
:20B6DC0006E2260619207F0080FFE0F11C30860081FF32290AD09A001C381A402606DC2338
:20B6FC007F0080FFC6F10052C55D2606091F7F0080FFB8F12606AE277F0080FFAEF1260640
:20B71C0040227F0080FFA4F12606FD1D7F0080FF9AF1163080FF94F1B5453D3F0500260658
:20B73C00F81D7F0081FFFC04E051DA3563DAAA2D3D37090081FFD2070AE0DC001C06EAFFDE
:20B75C00910D1CF0FE00FEF60C00D9F16808610A820D20E611002606B1227F0080FF4CF1A0
:20B77C001C3081FFD0291CF0FE00FEF60C001C38260693207F00D9F1024580FF2EF100522B
:20B79C0085152606491F7F0080FF20F1163080FF1AF1E5052606AD207F0080FF0EF100524E
:20B7BC004E06FFFFBE07E1FF031E9CFF06D807E839067B327F003806372A7F0037068A3469
:20B7DC007F0036060C02E0FD3406F7287F0061DAB70D3D3F0500260655287F0081FF44045F
:20B7FC00E051EA071901193080FFC0F02606CD327F0080FFB6F0193080FFB0F026061F33C4
:20B81C007F0080FFA6F0260671337F0080FF9CF02606BB337F0080FF92F02606FE337F00A8
:20B83C0080FF88F0260646347F0080FF7EF0173080FF78F0183080FF72F02606132E7F00A0
:20B85C0080FF68F02606D6347F0080FF5EF0173080FF58F0183080FF52F0193080FF4CF058
:20B87C002606A72B7F0080FF42F02606502E7F0080FF38F026069F287F0080FF2EF0260673
:20B89C00E52B7F0080FF24F02606772E7F0080FF1AF02606A02E7F0080FF10F02606C32E7C
:20B8BC007F0080FF06F0193080FF00F0260628357F0080FFF6EF26066A357F0080FFECEFB0
:20B8DC002606C7287F0080FFE2EF143080FFDCEF193080FFD6EF2606E62E7F0080FFCCEF4E
:20B8FC00193080FFC6EF2606732A7F0080FFBCEF193080FFB6EF8007440B3D3F050026064D
:20B91C00FB277F0081FF1C03E051CA2562DABA1D2336D80082FFDA64E33FDB00E347D900A8
:20B93C00A30FDD00834FDD00630F0100830FDF00630F05002606AF2A7F0080FF6EEF0052A0
:20B95C008007FC0A2606B3357F0080FF5EEF8007EC0A3D3F050026061B287F0081FFC402AD
:20B97C00E051EA07CD0300E263070E0063DA8A653D3F090026065A287F0081FFA602E05128
:20B99C00BA0D80FFC20A26060B2C7F0080FF1CEF00528007AA0A3D3F090026065F287F00C9
:20B9BC0081FF8002E051EA07270320D6630026062F297F0080FFF4EE0032003A0142234E40
:20B9DC000E0082FF8C622036640080FFDA4B320667666666FA97209A1A10BF121A40A29AC3
:20B9FC00A299133887000A12E247FC4226061F2F7F00880080FFB4EEE30F0F00830AE10585
:20BA1C001A085FD29A00E0098ADDE30F0F00830AF90526061D2C7F0080FF90EEE50526063A
:20BA3C0047297F0080FF84EE00528007120A64DA9A6D3D3F0900260664287F0081FFE401AF
:20BA5C00E051EA078B023D3F0D00260669287F0081FFD001E051BA250032003A20461E0005
:20BA7C00204E004082FF50610032003A20461F00234E0E0082FFDA61C3270F00E34F0F0064
:20BA9C000032003A20461F0082FF2C6126062C2F7F0080FF16EE00528007A4093D3F0D00F3
:20BABC0026061F287F0081FF7A01E051BA250032003A20461E00204E004082FFFA600032C2
:20BADC00003A20461F00234E0E0082FF8461C3A70F00E34F0F000032003A20461F0082FF7A
:20BAFC00D66026062B2C7F0080FFC0ED005280074E092606DB2A7F0080FFB0ED00528007F1
:20BB1C003E0965DACA653D3F090026066C287F0081FF1001E051EA4D3D371100233E0800A9
:20BB3C00004281FF38020AD023F70900000BE009BA051AE09C003D3F0D00260671287F00DA
:20BB5C0081FFE000E051BA151C400032003A234E0E0082FFFC601C38E3470F002606512F0C
:20BB7C007F0080FF46ED00528007D4083D3F0D00260623287F0081FFAA00E051BA1D1C48AE
:20BB9C000032003A20461E0082FF2C600032003A20461F00234E0E0082FFB6601C38E34707
:20BBBC000F0026067C2F7F0080FF00ED005280078E08260603367F0080FFF0EC173080FF24
:20BBDC00EAEC183080FFE4EC8007040167DAFA7D3D3F090026063B287F0081FF4600E0510E
:20BBFC00EA753D371100233E0800004281FF6E010AD023F70900000BE009BA051AE09C0065
:20BC1C003D3F1900260674287F0081FF1600E0518A153D371900233E0800004281FF3E01CF
:20BC3C000AD023F70900000BE009BA0563D70E003D3F0D00260671287F0080FFE6FFE0518E
:20BC5C00BA151C40E34F0F000032003A82FF685F1C38E3470F0026060F2B7F0080FF4CEC7F
:20BC7C0000528007DA073D3F0D00260623287F0080FFB0FFE051BA1D1C480032003A204603
:20BC9C001E0082FF325FE34F0F000032003A20461F0082FF225F1C38E3470F0026063B2B05
:20BCBC007F0080FF06EC005280079407260653367F0080FFF6EB173080FFF0EB183080FF08
:20BCDC00EAEB2606132E7F0080FFE0EB26061F337F0080FFD6EB260671337F0080FFCCEB7B
:20BCFC002606BB337F0080FFC2EB2606FE337F0080FFB8EB260646347F0080FFAEEB1730E1
:20BD1C0080FFA8EB183080FFA2EB2606132E7F0080FF98EB2606D6347F0080FF8EEB1730BF
:20BD3C0080FF88EB183080FF82EB800710073D3F0500260677287F0080FFE8FEE0519A2DFB
:20BD5C0062DA8A2500E227061E02E0FD63070100003220463E00084863B7050080FFC008D9
:20BD7C000AE0E0E1F2052606A72F7F0080FF3CEBE5052606512C7F0080FF30EB0052800759
:20BD9C00BE062606E62E7F0080FF20EB8007AE063D3F0500260603287F0080FF86FEE051B4
:20BDBC00EA07450162DAEA07310120D663002106A427E0FDE10F010001A8950026066B2CB7
:20BDDC007F0080FFE6EA2606C42F7F0080FFDCEA2606E12F7F0080FFD2EA2036640080FF67
:20BDFC00C647320667666666FA97209A1A10BF121A40A29AA299133887000A12E247FC42DD
:20BE1C0026061F2F7F00880080FFA0EA2106A427E0FDE10F0100F509E3051A085FD2BA00C9
:20BE3C00E009CADD260641287F0080FF7EEA2106A427E0FDE10F0100F509E34500E2260667
:20BE5C00F82F7F0080FF64EA2706A227E0FDE73F01002806A827E0FDE84701002606852C72
:20BE7C007F0080FF46EA00E2D50D3E069C27E0FDDCF1603826067C287F0080FF2EEA41E262
:20BE9C009C0066E2B1F526060B307F0080FF1CEA00E2D50D3E06AA21E0FDDCF16038260650
:20BEBC000B287F0080FF04EA41E29C002106A227E0FDE10F0100E1E1E1ED260641287F0026
:20BEDC0080FFE8E9E5052606B72C7F0080FFDCE9005280076A05260616307F0080FFCCE9CD
:20BEFC0080075A053D3F0500260627287F0080FF32FDE051EA07230262DAE707F5013D3F34
:20BF1C00090026062B287F0080FF18FDE0519A3D00E264DAFA2D3D3F0D0026067F287F0040
:20BF3C0080FF00FDE051BA0501E2E5153D3F0D00260613287F0080FFEAFCE051BA0502E2F4
:20BF5C00B50D3D3F0D00260686287F0080FFD4FCE051AA0500E21C38003282FF38593D3FFC
:20BF7C000D00260655307F0080FF40E900528007CE04260628357F0080FF30E9800772017B
:20BF9C003D3F090026068B287F0080FF96FCE051FA5500D264DAEA4D3D3F0D00260690285D
:20BFBC007F0080FF7EFCE051BA1D00D22606C92C7F0080FFF6E800E2B50D1CF0D6F1603807
:20BFDC00260643287F0080FFE2E841E29C0066E2D1F5260674307F0080FFD0E8B5253D3F3D
:20BFFC000D00260671287F0080FF38FCE051AA1D01D22606C92C7F0080FFB0E800E2B50DFB
:20C01C001CF0D6F16038260643287F0080FF9CE841E29C0066E2D1F5260695307F0080FFC4
:20C03C008AE816381A40003282FF785A005280070E0426066A357F0080FF70E8955D3D3FCB
:20C05C00090026062F287F0080FFD8FBE051FA0D27061202E0FD003282FFF8592606BC30F5
:20C07C007F0080FF46E800528007D4033D3F0900260693287F0080FFAAFBE051CA353D3F0D
:20C09C000D00260669287F0080FF98FBE051FA0D010A2B069203E0FD4B0F0000260657293D
:20C0BC007F0080FF06E80052800794033D3F0D0026061F287F0080FF6AFBE051EA0D2B0650
:20C0DC009203E0FD4B0700002606D7307F0080FFDAE7005280076803143080FFCEE7005280
:20C0FC0080075C0326066F297F0080FFBEE7260628357F0080FFB4E726066A357F0080FFEC
:20C11C00AAE72606C7287F0080FFA0E7143080FF9AE7800728033D3F0500260633287F0055
:20C13C0080FF00FBE051EA070B0363DAEA07BD023D3F090026062B287F0080FFE6FAE05139
:20C15C00DA25630711000032233E100082FF8458230F1100610AD105A20D620AE20DB515F1
:20C17C002606D32C7F0080FF42E7D50D2606672B7F0080FF36E7F5052606F0307F0080FF52
:20C19C002AE7000000528007B6023D3F090026062F287F0080FF8CFAE051AA250032233EC2
:20C1BC00D20082FF48582606ED2C7F0080FFFCE600E2C50D23F6D200DCF1603826060B28E8
:20C1DC007F0080FFE6E641E29C0066E2C1F5260641287F0080FFD4E60052800762023D3FB6
:20C1FC000900260637287F0080FF38FAE051EA0711010032233E880082FFE45A233F890066
:20C21C002606032D7F0080FFA2E6233F8D0026062D2D7F0080FF94E6233F91002606963648
:20C23C007F0080FF86E6233F95002606DB367F0080FF78E6233F990026067F297F0080FF1B
:20C25C006AE6233F9D0026061D377F0080FF5CE6233FA10026060D317F0080FF4EE6233FB2
:20C27C00A500260630317F0080FF40E6233FA9002606832B7F0080FF32E6233FAD00260616
:20C29C009F297F0080FF24E6233FB10026065F317F0080FF16E6233FB50026067C317F007A
:20C2BC0080FF08E6233FB90026069B317F0080FFFAE5233FBD002606C0317F0080FFECE5FA
:20C2DC00233FC1002606DF317F0080FFDEE5233FC500260606327F0080FFD0E5233FC900B9
:20C2FC0026062D327F0080FFC2E5233FCD00260654327F0080FFB4E50052800742013D3FE2
:20C31C00090026069A287F0080FF18F9E051EA0D0032233E6C0082FF145A2606CF297F0042
:20C33C0080FF88E50052800716013D3F0900260649287F0080FFECF8E051AA350032233E5E
:20C35C00240082FFB459233F2D002606532D7F0080FF58E5233F310026066D2D7F0080FF42
:20C37C004AE5233F350026069F2D7F0080FF3CE5233F39002606EF297F0080FF2EE5233F72
:20C39C003D00260662377F0080FF20E5233F41002606A8377F0080FF12E5005285553D3F31
:20C3BC00090026064F287F0080FF78F8E051DA1D0032233E180082FF5A59233F1900260699
:20C3DC00D92D7F0080FFE4E4233F1D002606ED377F0080FFD6E4233F2100260634387F0054
:20C3FC0080FFC8E40052B52D260682387F0080FFBAE42606502E7F0080FFB0E426069F2811
:20C41C007F0080FFA6E42606E52B7F0080FF9CE42606772E7F0080FF92E42606A02E7F0000
:20C43C0080FF88E42606C32E7F0080FF7EE4E5052606272A7F0080FF72E40052031E6400E6
:20C45C007E06FFFF8207610020361000003A81FF6E1C0F32003A81FF661C3D0640420F0059
:20C47C00A50500001D085FEAE009CAFD20361000013A81FF4A1C20EE1027A50500001D083D
:20C49C005FEAE009CAFD0F32013A81FF321C0032003A0042804E008082FF1C570032003AE1
:20C4BC000042234E020082FFA857E30F0300900AE1F50032003A20461E00204E231082FFB4
:20C4DC00F6560032003A20461F00804E00FC82FFE6560032003A20461E00204E1D1082FF70
:20C4FC00D6560032003A20461F00204EC01282FFC6560032003A20461E00204E001082FF37
:20C51C00B6560032003A20461F00234E020082FF4057C3BF0200E34F03000032003A2046EC
:20C53C001F0082FF92560032003A20461E00204E1D1082FF82560032003A20461F00204E14
:20C55C00C01282FF72560032003A20461E00204E1E1082FF62560032003A20461F00204E80
:20C57C00001982FF52560032003A20461E00204E1F1082FF42560032003A20461F00204E58
:20C59C00001982FF32560032003A20461E00204E834082FF22560032003A20461F00204EE4
:20C5BC00274382FF12560032003A20461E00204E824082FF02560032003A20461F00204EB4
:20C5DC00200C82FFF2550032003A20461E00204E004082FFE2550032003A20461F00204E96
:20C5FC00002082FFD25542067F008007E10080EEFFFF2606FC24840082FF8851BFFF48FE8E
:20C61C000032013A82FF8E520AE061E2EA051D085FEADD00E009DAF54006FF008A07E1FF5B
:20C63C0006E09C0007C883A741003706F027E0FD08B0D6003A06F227E0FD09A8D50063B78D
:20C65C0012001CF0D7F180031C301438230E1200630F010023460C00234E080082FFE8565A
:20C67C000AC0E0C1BA0DE0C9920D9AF701002206AA27E0FD010AC2F1800B9A0F0100410A7E
:20C69C005A0F0000233709001938E347130081FF0A1280EEFFFFE30F1300235F45001C3004
:20C6BC00233F0D001540630F0100014A635F050082FFD4560AD861DAEA051D085FEADD0013
:20C6DC00E009AAED82FF4457000AE0D9FA051CF0D7F16010E011EA0F000001508A004A0687
:20C6FC00FFFF9807E1FF06E007E83B069403E0FD3A06A003E0FD3506333E7F0034062D3F86
:20C71C007F0061E2A70D3D3F05002606F5387F0080FF10F5E051EA7D153080FF8EE12606B3
:20C73C00853E7F0080FF84E1153080FF7EE12606D93E7F0080FF74E12606A53B7F0080FFF4
:20C75C006AE1260673397F0080FF60E1143080FF5AE1153080FF54E126067B3F7F0080FF80
:20C77C004AE12606A53B7F0080FF40E12606D83B7F0080FF36E1143080FF30E1153080FF5B
:20C79C002AE12606C43F7F0080FF20E12606A53B7F0080FF16E12606D83B7F0080FF0CE119
:20C7BC00143080FF06E1153080FF00E1260609407F0080FFF6E026060B3C7F0080FFECE088
:20C7DC0026060B397F0080FFE2E02606D83B7F0080FFD8E026065C407F0080FFCEE015305F
:20C7FC0080FFC8E02606AF407F0080FFBEE026063E3C7F0080FFB4E02606713C7F0080FF30
:20C81C00AAE0143080FFA4E0153080FF9EE0800788073D3F05002606C9387F0080FF04F42F
:20C83C00E051CA2562E2BA1D2336280082FF5828E33F2B00E3472900A30F2D00834F2D00A1
:20C85C00630F0100830F2F00630F05002606A7397F0080FF56E00052800740072606FC4049
:20C87C007F0080FF46E0800730073D3F05002606E1387F0080FFACF3E051EA07290162E2C7
:20C89C00B20566E2BA7D20C6004020BE0010015A435F0B003906FFFFFF0066E2FA2D3D3F03
:20C8BC0009002606FA387F0080FF78F3E051FA0D3D370D00233E0C00004280FFA0F40AB057
:20C8DC0023F70D00000BE009AA0516C03D3F11002606FD387F0080FF4AF3E051FA0D3D37C7
:20C8FC001500233E0C00004280FF72F40AB023F70D00000BE009AA0516B81830173882FF09
:20C91C00202343570B00A35F0B00615AFA052606D3397F0080FF94DF95353906FFFFFF009D
:20C93C00D50582FFF82480FF760682FFB4246152D20519085FCAE009DAF582FFC2247B574B
:20C95C00010082FF9C247A5701003A0F0100610AFA0D3B0F0100E009BA0D1838174026061D
:20C97C00A43C7F0080FF44DF005280072E0618382606D33C7F0080FF32DF26064C417F00BB
:20C99C0080FF28DF2606A53B7F0080FF1EDF260673397F0080FF14DF143080FF0EDF8007EE
:20C9BC00F8053D3F05002606E7387F0080FF74F2E051EA073F0180FF060662E2C20566E2EE
:20C9DC00EA07090120C6004020B60003015A435F0B003906FFFFFF0066E2CA353D3F090031
:20C9FC002606FA387F0080FF3AF2E051FA0D3D370D00233E1000004280FF62F30AB823F777
:20CA1C001100000BE009AA0517C03D3F11002606FD387F0080FF0CF2E051CA153D371500EC
:20CA3C00233E1000004280FF34F30AB823F71100000BE009FA051706FFFC200E0003E1BFB8
:20CA5C0022B3183016402706F82AE0FD82FF982243570B00A35F0B00615AFA052606D3393C
:20CA7C007F0080FF46DE95353906FFFFFF00D50582FFAA2380FF280582FF66236152D2050A
:20CA9C0019085FCAE009DAF582FF74237B57010082FF4E237A5701003A0F0100610AFA0D0D
:20CABC003B0F0100E009BA0D183816402606F5397F0080FFF6DD00528007E0041838260655
:20CADC002B3A7F0080FFE4DD2606F23C7F0080FFDADD2606A53B7F0080FFD0DD2606D83B11
:20CAFC007F0080FFC6DD143080FFC0DD8007AA043D3F0500260600397F0080FF26F1E051B8
:20CB1C00EA07970180FFB80462E2C20566E2EA075D0120BE004020B60003015A435F0B0094
:20CB3C003806FFFFFF0066E29A3D3D3F09002606FA387F0080FFECF0E0519A153D370D0061
:20CB5C00233E1400004280FF14F26357250023F71500000BE009BA0523BF25003D3F110028
:20CB7C002606FD387F0080FFBAF0E051FA153D371500233E1400004280FFE2F163572500DF
:20CB9C0023F71500000BE0099A0D236725000C06FFFC200E0003E16722B3173016402706DB
:20CBBC00F82DE0FD82FF0C2343570B00A35F0B00615AFA052606D3397F0080FFEEDCE55501
:20CBDC003806FFFFFF00D50582FF522280FFD00382FF0E226152D20518085FC2E009DAF5A9
:20CBFC0082FF1C227B57010082FFF6217A5701003A0F0100610ACA353B0F0100E0098A3576
:20CC1C00173816402606313D7F0080FF9EDC2606493A7F0080FF94DC00CA851D3E06F82D4F
:20CC3C00E0FDD9F160382606D1387F0080FF7CDC190E01000A12E20FFE0AE009EA052606CD
:20CC5C00ED387F0080FF64DC41CAF6C981ED2606ED387F0080FF54DC005280073E03173835
:20CC7C0026065C3D7F0080FF42DC2606573A7F0080FF38DC2606913A7F0080FF2EDC2606BD
:20CC9C00C33A7F0080FF24DC260696417F0080FF1ADC800704033D3F05002606D9387F00BB
:20CCBC0080FF80EFE051EA07B10180FF120362E2C20568E2EA076D0120C60040205E0003A7
:20CCDC00635F25003706F82AE0FD015A435F0B003606FFFFFF0068E2DA4D3D3F09002606B2
:20CCFC0005397F0080FF3CEFE051FA0D3D370D00233E1800004280FF64F00AC823F7190065
:20CD1C00000BE009AA0519C03D3F1100260608397F0080FF0EEFE051FA0D3D370D00233E6C
:20CD3C001800004280FF36F00AC823F71900000BE009AA0519B83D3F19002606FD387F00EA
:20CD5C0080FFE0EEE051EA153D371D00233E1800004280FF08F00AC823F71900000BE0097E
:20CD7C009A0D1906FFFC200E0003E1CF225B635F2500183017382347250082FF122243571C
:20CD9C000B00A35F0B00615AFA052606D3397F0080FF18DBE5453606FFFFFF00D50582FFBE
:20CDBC007C2080FFFA0182FF38206152D20516085FB2E009DAF582FF46207B57010082FFBC
:20CDDC0020207A5701003A0F0100610A9A153B0F0100E009DA0D18381740234F250026063C
:20CDFC0043397F0080FFC4DA00528007AE013A0F0100610AFA0D3B0F0100640ABA0D1838EB
:20CE1C0017402606F53A7F0080FFA0DA005280078A01183817402606793D7F0080FF8CDA7B
:20CE3C00260609407F0080FF82DA2606A03D7F0080FF78DA26061B3B7F0080FF6EDA2606BA
:20CE5C00D53D7F0080FF64DA2606E3417F0080FF5ADA800744013D3F05002606EF387F00C7
:20CE7C0080FFC0EDE051EA07270162E2B20566E2BA7D20C6004420BE0002015A435F0B0094
:20CE9C003906FFFFFF0066E2FA2D3D3F09002606FA387F0080FF8CEDE051FA0D3D370D00B8
:20CEBC00233E1C00004280FFB4EE0AB023F71D00000BE009AA0516C03D3F11002606FD381E
:20CEDC007F0080FF5EEDE051FA0D3D371500233E1C00004280FF86EE0AB023F71D00000B7E
:20CEFC00E009AA0516B81830173882FF522243570B00A35F0B00615AFA052606D3397F0001
:20CF1C0080FFA8D995353906FFFFFF00D50582FF0C1F80FF8A0082FFC81E6152D20519084E
:20CF3C005FCAE009DAF582FFD61E7B57010082FFB01E7A5701003A0F0100610ADA0D3B0FA5
:20CF5C000100E0099A0D1838174026060A3E7F0080FF58D9F50518382606553B7F0080FFD6
:20CF7C004AD90052A51D260638427F0080FF3CD926063E3C7F0080FF32D92606713C7F009E
:20CF9C0080FF28D9143080FF22D9E5052606773B7F0080FF16D900525806FFFF3E060491FB
:20CFBC00E0FD0105C505000D410A010D00152106FF110100E11181FD00007F002206F827BF
:20CFDC00E0FD000AB51D0198829AF10501F0C2F1209EAA00809BE50501F0C2F1209E550009
:20CFFC00809B3E06F82AE0FDC1F1800B3E06F82DE0FDC1F18003410AC100010600FDC9E541
:20D01C00000AD50D3E06F830E0FDC1F1800B3E06F860E0FDC1F18003410AC100010600D0F1
:20D03C00A9F500007F008807E1FF06D807E83A06A403E0FD38068C447F00370674467F00B4
:20D05C00360697427F00350653477F00340602447F0061DAA70D3D3F0500260692427F00DE
:20D07C0080FFC0EBE051AA4D183080FF3ED82606DE447F0080FF34D8183080FF2ED8260614
:20D09C002E457F0080FF24D826067F457F0080FF1AD82606CB457F0080FF10D8183080FF3E
:20D0BC000AD8260624467F0080FF00D8173080FFFAD7183080FFF4D72606BF467F0080FFAE
:20D0DC00EAD7173080FFE4D7183080FFDED7260609477F0080FFD4D7143080FFCED71730A2
:20D0FC0080FFC8D7183080FFC2D7153080FFBCD7183080FFB6D7800706033D3F05002606AE
:20D11C007C427F0080FF1CEBE051CA2562DABA1D2336080081FFB812E33F0B00E3470900F2
:20D13C00A30F0D00834F0D00630F0100830F0F00630F05002606DC427F0080FF6ED70052CB
:20D15C008007BE022606DE447F0080FF5ED78007AE023D3F050026068C427F0080FFC4EA8D
:20D17C00E0518A4565DAB20564DABA2D16303D3F090080FFAEEAE051CA253D370D0080FF76
:20D19C0088ED0AC8D9003C068038010065DAEA053D37110080FF72ED0AE0193086001C38BA
:20D1BC0081FFD814193819F0C3F2DAF102451C4826063C437F0080FFF2D6005280074202D4
:20D1DC00260699477F0080FFE2D626067F457F0080FFD8D62606CB457F0080FFCED6800770
:20D1FC001E023D3F050026069A427F0080FF34EAE051BA2D64DAFA1D16303D3F090080FF97
:20D21C0022EAE0518A1D3D370D0080FFFCEC0AE0DC001C30860081FFD8141C381CF0C3F20D
:20D23C00DAF1024526062F447F0080FF7ED600528007CE012606EE477F0080FF6ED617303D
:20D25C0080FF68D68007B8013D3F050026069F427F0080FFCEE9E0518A5565DACA451630CE
:20D27C003D3F0D0080FFBCE9E051DA3D3D37110080FF96EC0AE0DC003D3F09002606A642B8
:20D29C007F0080FF9EE9E051BA151CF0C3F2DAF1603081FFC0141CF0C3F2DAF1023D260686
:20D2BC0008437F0080FF04D60052800754013D3F0900260684427F0080FF68E9E051BA153B
:20D2DC001CF0C3F2DAF1603081FF8A141CF0C3F2DAF1023D260646447F0080FFCED5005284
:20D2FC0080071E0126063F487F0080FFBED5173080FFB8D5800708013D3F050026068842CE
:20D31C007F0080FF1EE9E051BA5565DADA4500E216303D3F0D0080FF0AE9E051DA3D3D376F
:20D33C00110080FFE4EB0AC8D9003D3F09002606A9427F0080FFECE8E051BA15193086008A
:20D35C0081FFA0120AE0193819F0C3F2DAF102451C482606B4427F0080FF50D5005285559F
:20D37C003D3F09002606AC427F0080FFB6E8E051BA151930860081FFB6120AE0193819F0FB
:20D39C00C3F2DAF102451C4826066E437F0080FF1AD50052D53526068B487F0080FF0CD542
:20D3BC00143080FF06D5173080FF00D5852D3D3F05002606AF427F0080FF68E8E051AA1D82
:20D3DC0062DACA1500E200E2D50D1C381CF0C3F2DAF1024526067B447F0080FFCED441E29B
:20D3FC00DC0064E2B1F50052B50D153080FFBCD4E505260698437F0080FFB0D400524806CE
:20D41C00FFFF9207E1FF06C007E83C060C497F003B06D003E0FD3906F64E7F003706104925
:20D43C007F0036062E497F0035061E497F0061C2A70D3D3F0500260624497F0080FFE4E744
:20D45C00E051AA45193080FF62D42606484F7F0080FF58D4193080FF52D42606904F7F002D
:20D47C0080FF48D4193080FF42D426065D4D7F0080FF38D4193080FF32D426068C4D7F00E5
:20D49C0080FF28D42606B34D7F0080FF1ED42606D44F7F0080FF14D4193080FF0ED42606CE
:20D4BC00EA4D7F0080FF04D42606A14B7F0080FFFAD326060D4E7F0080FFF0D3193080FF50
:20D4DC00EAD380071E053D3F05002606FC487F0080FF50E7E051CA2562C2BA1D23361C0013
:20D4FC0081FFD42DE33F1F00E3471D00A30F2100834F2100630F0100830F2300630F0500A2
:20D51C002606A94A7F0080FFA2D300528007D604260618507F0080FF92D38007C6043D3FE6
:20D53C000500260629497F0080FFF8E6E0518A1500D2A50D1C301AF0C2F2DBF1003D80FF6A
:20D55C006AD341D29A0066D2E1F5800796043D3F0500260618497F0080FFC8E6E051CA6D74
:20D57C0063C2EA5D15303D3F090080FFB6E6E051EA15023227060C91E0FD0A42054A81FF18
:20D59C005E272606B1497F0080FF20D31C303B3F050080FF16D3005280074A0416303D3FB7
:20D5BC00090080FF7EE6E0519A15023281FFCC272606424E7F0080FFF2D21C303B3F050093
:20D5DC0080FFE8D2005280071C0417303D3F090080FF50E6E051CA25023281FF22280AD084
:20D5FC00023281FFEC2C0AA01C303B3F050080FFBAD21A381AF0C2F222060C91E0FDC2F15E
:20D61C0000452606F1497F0080FFA0D214382606574E7F0080FF94D200528007C803260682
:20D63C00724E7F0080FF84D21C303B3F050080FF7AD28007AE033D3F0500260604497F0073
:20D65C0080FFE0E5E051EA07E30164C2EA07B1013D3F0900260633497F0080FFC6E5E05194
:20D67C00EA4D15303D3F0D0080FFB8E5E0519A15003281FFAA29260668507F0080FF2CD228
:20D69C001C303B3F090080FF22D200528007560316303D3F0D0080FF8AE5E0519A1500322B
:20D6BC0081FF182A2606214A7F0080FFFED11C303B3F090080FFF4D10052800728031730CA
:20D6DC003D3F0D0080FF5CE5E051EA073301003281FF2C2A0AD0003281FFF62B0AA01C30E4
:20D6FC003B3F090080FFC4D11A3814402606DF4B7F0080FFB6D100528007EA023D3F0900AC
:20D71C00260614497F0080FF1AE5E0518A7D15303D3F0D0080FF0CE5E0519A15033281FF5C
:20D73C00FE282606B3507F0080FF80D11C303B3F0D0080FF76D100528007AA0216303D3F49
:20D75C000D0080FFDEE4E0519A15003281FF6C292606A74E7F0080FF52D11C303B3F0D0023
:20D77C0080FF48D1005280077C0217303D3F0D0080FFB0E4E051BA450332233E140081FF61
:20D79C002C2A033281FF4A2B63570900230F150023171900F00F420CF0174214E20F6E0C7B
:20D7BC00408E5940E20F52940082F0977494E39752D4E2D7523423460C0080FF62FA409EF1
:20D7DC0059400092F2577494F197500C01A094001C303B3F090080FFD2D0A307C9900000A5
:20D7FC00F197503C14402606114C7F00234F0900870080FFB6D000528007EA012606FF5057
:20D81C007F0080FFA6D02606D44F7F0080FF9CD01C303B3F090080FF92D01C303B3F0D003C
:20D83C0080FF88D08007BC013D3F0500260636497F0080FFEEE3E051EA079F0164C2EA07DD
:20D85C006F013D3F090026063B497F0080FFD4E3E051DA4D15303D3F0D0080FFC6E3E051D3
:20D87C009A15013281FF14262606D54A7F0080FF3AD01C303B3F010080FF30D0005280077E
:20D89C00640116303D3F0D0080FF98E3E0519A15013281FF42262606C84E7F0080FF0CD027
:20D8BC001C303B3F010080FF02D000528007360117303D3F0D0080FF6AE3E0518A7D00D27E
:20D8DC0000A2013281FFF4260AD0013281FF022A0AA01C303B3F010080FFD0CF1A381440CF
:20D8FC0026064F4C7F0080FFC2CF95653D3F090026063E497F0080FF2AE3E0518A5D15301C
:20D91C003D3F0D0080FF1CE3E0518A15053281FF24262606414A7F0080FF90CF1C303B3F39
:20D93C00110080FF86CF0052D55D16303D3F0D0080FFF0E2E0518A15013281FF3A26260633
:20D95C00DD4E7F0080FF64CF1C303B3F110080FF5ACF0052F54517303D3F0D0080FFC4E24F
:20D97C00E051DA25053281FF04290AD0053281FF34230AA01C303B3F110080FF2ECF270665
:20D99C00CC03E0FD273F01002606814A7F0080FF1ACF1A3814F0C2F22206C403E0FDC2F1F1
:20D9BC0000452606114B7F0080FF00CF260641517F0080FFF6CE26067D4C7F0080FFECCE84
:20D9DC001C303B3F010080FFE2CE1C303B3F110080FFD8CEE5052606AF4C7F0080FFCCCE90
:20D9FC0000525206FFFF9007E1FF06D007E83B063491E0FD360610547F00350600557F0016
:20DA1C003406B2517F0061D2A70D3D3F05002606A0517F0080FF0CE2E051BA45163080FFC8
:20DA3C008ACE260662547F0080FF80CE163080FF7ACE2606B1527F0080FF70CE163080FF07
:20DA5C006ACE2606AF547F0080FF60CE153080FF5ACE163080FF54CE26064E557F0080FF77
:20DA7C004ACE153080FF44CE163080FF3ECE26069F557F0080FF34CE2606EC527F0080FF43
:20DA9C002ACE26063B527F0080FF20CE260671527F0080FF16CE163080FF10CE8007A2032D
:20DABC003D3F0500260688517F0080FF76E1E051CA2562D2BA1D2336180081FFDEEAE33F69
:20DADC001B00E3471900A30F1D00834F1D00630F0100830F1F00630F05002606DB517F009C
:20DAFC0080FFC8CD005280075A032606EA557F0080FFB8CD80074A033D3F05002606A5515B
:20DB1C007F0080FF1EE1E051FA15260609537F0080FF98CD260648537F0080FF8ECD260675
:20DB3C0087537F0080FF84CD260609537F0080FF7ACD80070C033D3F05002606AA517F0016
:20DB5C0080FFE0E0E0518A4D00E264D2B20563D29A3D2606AF517F003D3F090080FFC4E034
:20DB7C00E051BA0500E2950D14303D3F090080FFB2E0E051AA0501E264D2FA153D3F0D00AA
:20DB9C002606B5517F0080FF9AE0E051BA1D1C30860081FF38EC1C382606C3517F0080FFAF
:20DBBC000ACD005280079C021C30860081FFCAEB1C382606C6537F0080FFF0CC00528007C8
:20DBDC00820226063A567F0080FFE0CC153080FFDACC80076C023D3F0500260698517F00CB
:20DBFC0080FF40E0E0518A4D00E264D2B20563D29A3D2606AF517F003D3F090080FF24E0D4
:20DC1C00E051BA0500E2950D14303D3F090080FF12E0E051AA0501E264D2FA153D3F0D00A9
:20DC3C002606B5517F0080FFFADFE051BA1D1C30860081FFC2EA1C382606D5537F0080FF13
:20DC5C006ACC00528007FC011C30860081FF2AEA1C382606A3527F0080FF50CC00528007CE
:20DC7C00E201260689567F0080FF40CC153080FF3ACC8007CC013D3F05002606B8517F003D
:20DC9C0080FFA0DFE051EA07B90100BA65D2EA078901010A7B0F0500080A5B0F0C002106D9
:20DCBC00E803E0FD7B0F11003D370900233E0800004280FFA8E06357150023F70900000BB9
:20DCDC00E009EA05235F15005B5F0000D505200EDD005B0F00002606AF517F003D3F0D007C
:20DCFC0080FF40DFE051BA0500BA950D14303D3F0D0080FF2EDFE051AA0501BA3D3F11009D
:20DD1C002606BD517F0080FF1ADFE051CA057B070900D50D3D3F11002606C0517F0080FF81
:20DD3C0002DFE051CA05010A7B0F0900173086001B3881FF80E89B3F0100260607527F0061
:20DD5C0080FF68CB3B0F0900E009AA2580E6FFFF1730860027064C91E0FD273F010081FFEB
:20DD7C00CAEA0AC861CAE2051C085FE2DC00E0098AF561CAFA0526061B527F0080FF2CCB8E
:20DD9C00954D2606EC537F0080FF20CBB5453B0F0900610AFA3D0AE21730860027064C917F
:20DDBC00E0FD273F010081FF82EA0AC82036640080FFF42765CAE2051C085FE2DC00E009B1
:20DDDC00CAED68CAB20567CAFA052606FB537F0080FFD8CAF51D65CADA1D260627527F00E1
:20DDFC0080FFC8CA00C2F50D3E064C91E0FD00F500F5260690517F00D8F1603880FFACCA68
:20DE1C0041C2980068C291F526069E517F0080FF9ACA0052E5152606D9567F0080FF8CCA23
:20DE3C002606EC527F0080FF82CA26063B527F0080FF78CA260671527F0080FF6ECA0052A2
:20DE5C005006FFFF9E07E1F706D807E83A0628597F00390607717F003806E0707F00370648
:20DE7C00585F7F003606345F7F003506C2677F0061DAA70D3D3F0500260639577F0080FFF5
:20DE9C00A2DDE051EA2D2606DB717F0080FF1CCA2606AD707F0080FF12CA260623727F00E0
:20DEBC0080FF08CA26066B727F0080FFFEC92606B4727F0080FFF4C9153080FFEEC9163059
:20DEDC0080FFE8C9173080FFE2C9183080FFDCC9193080FFD6C91A3080FFD0C980079C022B
:20DEFC003D3F0500260627577F0080FF36DDE051CA2562DABA1D2336340081FFBEF7E33FB3
:20DF1C003700E3473500A30F3900834F3900630F0100830F3B00630F050026067C5F7F001C
:20DF3C0080FF88C90052800754022606FC727F0080FF78C9800744023D3F050026063E57DE
:20DF5C007F0080FFDEDCE0519A4D63DAB20564DACA3500E264DAFA053D37090080FFAADF00
:20DF7C000AE09C003D3F0900260643577F0080FFB2DCE051DA0D1C3081FFAEF61C38260620
:20DF9C0050597F0080FF24C900528007F0013D3F090026064A577F0080FF88DCE051DA0D3B
:20DFBC001C3081FF6EF61C38260632717F0080FFFAC800528007C601260623727F0080FFD3
:20DFDC00EAC826064C737F0080FFE0C8260692737F0080FFD6C88007A2013D3F050026063E
:20DFFC002F577F0080FF3CDCE051EA07630163DAEA0737013D3F090026064F577F0080FF28
:20E01C0022DCE051DA1500E281FF6CF60AE0DC001CF0C2F222060004E0FDC2F1003D260657
:20E03C00FC677F0080FF84C80052800750013D3F0900260656577F0080FFE8DBE051DA15AE
:20E05C0000E281FF92F60AE0DC001CF0C2F22206F803E0FDC2F1003D26064B717F0080FF5E
:20E07C004AC80052800716013D3F0900260633577F0080FFAEDBE051CA1500E281FF0AF64E
:20E09C000AE0DC001CF0C2F222060C04E0FDC2F1003D2606A85F7F0080FF10C80052E56D2C
:20E0BC003D3F090026065D577F0080FF76DBE051DA0D00E281FFE6F50AE01C3826065C7104
:20E0DC007F0080FFE6C70052955D3D3F0900260664577F0080FF4CDBE051EA2500E2233629
:20E0FC00080081FF40F6233F090026067D717F0080FFB8C72606A0717F0080FFAEC700E2B2
:20E11C00F50D1C381CF0C2F2230E0C00C1F100452606B9717F0080FF92C741E29C006AE2E1
:20E13C0091F50052B52D153080FF80C7163080FF7AC7173080FF74C7183080FF6EC71930B2
:20E15C0080FF68C71A3080FF62C7F5153D3F0500260669577F0080FFCADAE0519A0D2606E6
:20E17C00CA717F0080FF44C781FF44F5E50526060E687F0080FF34C700525E06FFF78E07C0
:20E19C00E1FF06C007E837067E757F00360659757F0034063A777F0061C2A70D3D3F0500D4
:20E1BC002606EF737F0080FF7ADAE0518A65143080FFF8C626068C777F0080FFEEC614309D
:20E1DC0080FFE8C6260613747F0080FFDEC62606AB747F0080FFD4C6163080FFCEC617301E
:20E1FC0080FFC8C6260627757F0080FFBEC62606A1757F0080FFB4C62606DC757F0080FF77
:20E21C00AAC6143080FFA4C6260605767F0080FF9AC62606DD777F0080FF90C6163080FFA7
:20E23C008AC6173080FF84C626062A767F0080FF7AC6143080FF74C6260653767F0080FF68
:20E25C006AC626061E787F0080FF60C6163080FF5AC6173080FF54C626067C767F0080FFAB
:20E27C004AC6143080FF44C6800768043D3F05002606D7737F0080FFAAD9E051CA2562C2F6
:20E29C00BA1D2336140081FF0E35E33F1700E3471500A30F1900834F1900630F0100830F28
:20E2BC001B00630F05002606E7747F0080FFFCC5005280072004260665787F0080FFECC5B5
:20E2DC00800710043D3F05002606F4737F0080FF52D9E051EA07F50168C2C20569C2EA0725
:20E2FC00A90180DEFFFF80D6FFFF00CA80AEFFFF80E6FFFF2606F9737F003D3F090080FF33
:20E31C0022D9E051FA053D370D0080FFFCDB0AD8DB002606FC737F003D3F110080FF04D91F
:20E33C00E051FA053D37150080FFDEDB0AD0DA003D3F19002606FF737F0080FFE6D8E051FC
:20E35C008A453D371D0080FFC0DB0AC8D9003D3F2100260604747F0080FFC8D8E051BA0DA5
:20E37C0019F0FE00FEF6060022063C09E0FDC2F170E0D5453D3F21002606DF737F0080FF00
:20E39C00A2D8E051BA0D19F0FE00FEF6060022063C09E0FDC2F171E0A5353D3F21002606FD
:20E3BC00E3737F0080FF7CD8E0519A2D19F0FE00FEF6060022063C09E0FDC2F172E0F51D3F
:20E3DC003D3F1900260607747F0080FF56D8E051EA153D3F1D00260604747F0080FF44D832
:20E3FC00E051BA050AE2B50D3D3F1D002606DF737F0080FF2ED8E051AA0500E2BB06FFFFC7
:20E41C00E23DBA06FFFFB23DBC06FFFF823D1B301A3880FFC4020AA8B506FFFF823515304C
:20E43C001C3881FF90333D3F19002606FF737F0080FFF0D7E051EA0D3D0F1D001B381A40F3
:20E45C0019482606B1767F00630F010080FF5CC4B5153D3F19002606FF737F0080FFC4D7C5
:20E47C00E051AA0D1B381A403D4F1D00260653747F0080FF36C4005280075A02260613756E
:20E49C007F0080FF26C4260613747F0080FF1CC42606AB747F0080FF12C4163080FF0CC433
:20E4BC00173080FF06C4260627757F0080FFFCC32606A1757F0080FFF2C32606DC757F003A
:20E4DC0080FFE8C380070C023D3F05002606E3737F0080FF4ED7E051BA7D67C2AA6580DE3D
:20E4FC00FFFF80D6FFFF80E6FFFF80CEFFFF2606F9737F003D3F090080FF28D7E051FA05B4
:20E51C003D370D0080FF02DA0AD8DB002606FC737F003D3F110080FF0AD7E051FA053D379B
:20E53C00150080FFE4D90AD0DA003D3F1900260604747F0080FFECD6E051BA0501E2B50D2C
:20E55C003D3F19002606DF737F0080FFD6D6E051AA0500E2BB06FFFFF21DBA06FFFFC21DB5
:20E57C00BC06FFFF921D1B301A3880FF6C010AC8B906FFFF921519301C3881FF902F1B3822
:20E59C001A403D4F19002606E8767F0080FF1CC3005280074001260613757F0080FF0CC35E
:20E5BC00260605767F0080FF02C32606DD777F0080FFF8C2163080FFF2C2173080FFECC2B0
:20E5DC0026062A767F0080FFE2C2800706013D3F050026060C747F0080FF48D6E051CA756A
:20E5FC0067C2CA5D80E6FFFF80DEFFFF80D6FFFF2606F9737F003D3F090080FF26D6E05153
:20E61C00FA053D370D0080FF00D90AE0DC002606FC737F003D3F110080FF08D6E051FA050C
:20E63C003D37150080FFE2D80AD8DB00BC06FFFF8235BB06FFFFD22D1C301B3880FF9A0052
:20E65C000AD0BA06FFFFD2253D3F19002606E7737F0080FFCED5E051DA051A3081FFCE3279
:20E67C00D50D3D3F19002606EB737F0080FFB4D5E051CA051A3081FF9E321C381B403D4F21
:20E69C001900260683747F0080FF20C20052A525260613757F0080FF12C2260653767F002C
:20E6BC0080FF08C226061E787F0080FFFEC1163080FFF8C1173080FFF2C126067C767F00E2
:20E6DC0080FFE8C1E50526060B777F0080FFDCC100524E06FFFF0678CF000788D100000A68
:20E6FC00009A00923E063009E0FDE5257210E279FA1D70800112F117C0005011E215709057
:20E71C000012C50D12808182B905410AC1001280A1821090D2004112C200F111C1F5D309CA
:20E73C00C1005F0AC100B50D800EFFFF850D7110C299D30004F50415E0119ADD01507F00F9
:20E75C009A07E1FF06E007E839063E7C7F003606D5787F0040AE594000A261E2A70D3D3F2B
:20E77C0005002606D0787F0080FFB8D4E051AA4D193080FF36C12606907C7F0080FF2CC170
:20E79C00193080FF26C12606E07C7F0080FF1CC1193080FF16C12606FF7A7F0080FF0CC13C
:20E7BC002606307A7F0080FF02C126062C7B7F0080FFF8C0193080FFF2C02606517B7F002C
:20E7DC0080FFE8C02606807B7F0080FFDEC02606257D7F0080FFD4C0193080FFCEC0260651
:20E7FC00767D7F0080FFC4C0193080FFBEC02606B97D7F0080FFB4C0193080FFAEC08007B1
:20E81C004A043D3F05002606B8787F0080FF14D4E051CA2562E2BA1D23362C0081FF5847EC
:20E83C00E33F2F00E3472D00A30F3100834F3100630F0100830F3300630F0500260680795A
:20E85C007F0080FF66C00052800702042606907C7F0080FF56C08007F2033D3F0500260624
:20E87C00C0787F0080FFBCD3E051EA07770168E2C20566E2EA074B0100DA80C6FFFF20D673
:20E89C000040009A0092A3074F92000016303D3F090080FF8ED3E051FA053D370D0080FF8A
:20E8BC0068D60AD89B003D3F11002606D8787F0080FF70D3E051AA0D3D371500233E0C0059
:20E8DC0080FF12E2A3074F520000A30749920000408EE0400082F0977494F4977E94F197B5
:20E8FC00500C01D0DA0068E2CA453D3F19002606DB787F0080FF2CD3E0519A153D371D001A
:20E91C00233E0C00004280FF54D46357150023F70D00000BE009BA0523C715001B30183842
:20E93C001A4081FFD844A3074932000023461C0080FFECE8F4577494F197500C01B8970041
:20E95C00A30749920000F197504C890063BF01001B381A40200E2500630F05002606047926
:20E97C007F0063C7090080FF42BF00528007DE02A307493200002346240080FFA2E8F4578A
:20E99C007494F197500C01B897001B301A3881FF2244A30749920000F197504C89001B3817
:20E9BC001A4063BF0100200E2500630F05002606BF7B7F0080FFF4BE005280079002260647
:20E9DC00FF7A7F0080FFE4BE2606307A7F0080FFDABE26062C7B7F0080FFD0BE80076C0242
:20E9FC003D3F05002606DE787F0080FF36D2E051DA1D62E2CA1500DA85151B381BF0C2F221
:20EA1C002206A409E0FDC2F100452606F87B7F0080FF98BE41DA9B0065DA83F52606E07C48
:20EA3C007F0080FF86BE800722023D3F05002606E3787F0080FFECD1E0519A7565E2B205CC
:20EA5C0066E2CA5D00DA16303D3F0D0080FFD4D1E051CA553D37110080FFAED40AD09A0014
:20EA7C003D3F09002606EA787F0080FFB6D1E0518A3566E29A252606ED787F003D3F15004A
:20EA9C0080FFA0D1E051BA0500DAE5152606ED787F003D3F150080FF8AD1E051BA0501DA60
:20EABC00B50D2606ED787F003D3F150080FF74D1E051AA0502DA1A301B3881FF72441A3832
:20EADC002606AC797F0080FFE2BD005280077E013D3F09002606C4787F0080FF46D1E051A1
:20EAFC00DA0D1A3081FFF2431A382606097C7F0080FFB8BD0052800754012606517B7F00F9
:20EB1C0080FFA8BD2606807B7F0080FF9EBD2606257D7F0080FF94BD800730013D3F05001F
:20EB3C002606F0787F0080FFFAD0E051BA3566E2BA2D00DA00D216303D3F090080FFE4D064
:20EB5C00E051FA053D370D0080FFBED30AD89B003D3F11002606C8787F0080FFC6D0E0519D
:20EB7C00EA053D37150080FFA0D30AD01B301A3881FF1E441B381A402606E0797F0080FF86
:20EB9C002ABD0052B5652606067E7F0080FF1CBDC55D3D3F05002606F5787F0080FF84D0F1
:20EBBC00E051EA4D65E2EA4500DA00D216303D3F090080FF6ED0E051FA053D370D0080FFF7
:20EBDC0048D30AD89B003D3F11002606FA787F0080FF50D0E051EA051B30013A81FFFA43D5
:20EBFC00B51D3D3F11002606CC787F0080FF34D0E051EA051B30013A81FFDE43D50D3D3F83
:20EC1C0011002606FF787F0080FF18D0E051CA051B3081FF36421B301A3881FF74431B38D4
:20EC3C003D47110026060C7A7F0080FF7EBC0052D50D26064A7E7F0080FF70BCE5052606D1
:20EC5C006E7A7F0080FF64BC00525A06FFFF9007E1FF06D007D83D06E809E0FD38062F85B3
:20EC7C007F003706100BE0FD350681807F00340611837F0061D2A70D3B3F05002606197F92
:20EC9C007F0080FF9ECFE051DA4D183080FF1CBC260681857F0080FF12BC183080FF0CBC69
:20ECBC0026064F817F0080FF02BC183080FFFCBB2606597F7F0080FFF2BB143080FFECBBE9
:20ECDC00153080FFE6BB183080FFE0BB260650837F0080FFD6BB260685837F0080FFCCBB0A
:20ECFC002606917F7F0080FFC2BB2606AA837F0080FFB8BB2606D7837F0080FFAEBB183042
:20ED1C0080FFA8BB260689817F0080FF9EBB2606C3817F0080FF94BB183080FF8EBB800714
:20ED3C0044043B3F05002606C07E7F0080FFF4CEE051CA2562D2BA1D2336180081FFAA6D93
:20ED5C00E33F1B00E3471900A30F1D00834F1D00630F0100830F1F00630F05002606A5806D
:20ED7C007F0080FF46BB00528007FC032606CD857F0080FF36BB8007EC033B3F0500260612
:20ED9C001E7F7F0080FF9CCEE051FA4500E29545183080FF16BB1CF0C5F2DDF161406248B2
:20EDBC001CF0C5F2DDF1040D1CF0C5F2630F0100DDF10E0D1C38260602847F00630F05007A
:20EDDC0080FFE8BA1CF0C5F2DDF1063D2606D1807F0080FFD6BA1CF0C5F2DDF1083D260615
:20EDFC00ED807F0080FFC4BA1CF0C5F2DDF10A3D260609817F0080FFB2BA1CF0C5F2DDF185
:20EE1C000C3D260625817F0080FFA0BA41E29C0063E2F1BD80074E033B3F05002606358475
:20EE3C007F0080FFFECDE051EA074F0164D2EA072F013906FFFFFF003B37090080FFCAD054
:20EE5C000AE09C0063070D003B370D00233E0800004280FF08CF0AB023F70900000BE00948
:20EE7C00BA0563B70D001CF0C5F2DDF1043D2606EA7E7F0080FFACCDE051CA356307110008
:20EE9C00233F0D001CF0C5F2DDF16140260601827F00624880FF14BA1CF0C5F2DDF163306C
:20EEBC00233E0C0081FF4A681C3081FFD06881FF546B6152D20519085FCAE0099AFD1CF0F4
:20EEDC00C5F2DDF16330233E100081FFD469373F010026063E847F0080FFD0B9005280070B
:20EEFC0086021CF0C5F2DDF1043D2606ED7E7F0080FF30CDE051BA35233F0D001CF0C5F2B8
:20EF1C00DDF16140260601827F00624880FF9CB92606480AE0FD233E0C00044280FF7CE9C8
:20EF3C001C3017402706480AE0FD024A81FF166A1C3081FF48681C3081FF586BE051D20557
:20EF5C0019085FCAE0098AFD373F010026063E847F0080FF56B9005280070C022606B97F1E
:20EF7C007F0080FF46B9143080FF40B9153080FF3AB98007F0013B3F05002606C87E7F001D
:20EF9C0080FFA0CCE051EA07470163D2C20564D2EA07090100E264D2FA053B370D0080FFBE
:20EFBC0068CF0AE09C003B3F09002606237F7F0080FF70CCE051BA1581FF4A6A0AC819F0DE
:20EFDC00C2F22206DC09E0FDC2F1003D260627827F0080FFD6B8005280078C013B3F09003D
:20EFFC002606267F7F0080FF3ACCE0518A1D1CF0C5F2DDF1723081FF446A0AC81C3819F0B8
:20F01C00C2F22206BC09E0FDC2F100452606F17F7F0080FF96B8005280074C013B3F0900CD
:20F03C002606297F7F0080FFFACBE0518A1D1CF0C5F2DDF1663081FF5A6A0AC81C3819F0AB
:20F05C00C2F22B06CC09E0FDCBF10045260663847F0080FF56B8005280070C013B3F090074
:20F07C0026062C7F7F0080FFBACBE051EA151CF0C5F2DDF1603081FF866B0AC819F0C2F2C9
:20F09C002B06CC09E0FDCBF1003D260680847F0080FF18B80052F565260609807F0080FF1B
:20F0BC000AB8260639807F0080FF00B826069B847F0080FFF6B7260659807F0080FFECB73B
:20F0DC00260639827F0080FFE2B7C54D3B3F050026062F7F7F0080FF4ACBE051BA4563D2B3
:20F0FC00B20564D2DA3500E264D2EA1D3B370D0080FF16CE0AE09C003B3F09002606367F0D
:20F11C007F0080FF1ECBE051BA251CF0C5F2DDF1663081FF786C1C382606BE847F0080FF91
:20F13C008AB7005285253B37090080FFDCCD0AE09C001CF0C5F2DDF1663081FF226B1C38C5
:20F15C002606DD847F0080FF62B70052C50D26065F827F0080FF54B72606F6847F0080FF11
:20F17C004AB700525006FFFF8807E11006E007E83B06BB867F0061E2A70D3D3F05002606D2
:20F19C0024867F0080FF9CCAE051AA0D1B3080FF1AB7260629867F0080FF10B7954D3D3FC4
:20F1BC000500260616867F0080FF78CAE0518A2562E2AA1D2336080081FFDA91E33F0B00C2
:20F1DC00E3470900A30F0D00834F0D00630F0100830F0F00630F0500260661867F0080FFA6
:20F1FC00CAB60052E5251B3080FFC0B695253D3F050026061E867F0080FF28CAE051BA15DC
:20F21C002606481C840081FFA690013281FFC6902036A00F81FF2091260603877F0080FF15
:20F23C008AB6E50526068D867F0080FF7EB600524806FF10231EFCFF63F70100E6F74000B4
:20F25C00231EFCFF63F70100E7F74000231EFCFF63F7010023F70100231E0400FE3F200089
:20F27C0023F70100231E0400FE37200023F70100231E0400E0074801231EFCFF63FF01008E
:20F29C00E1476011E6476099231EFCFF63F70100E1374000E03F4000F1474000F04F40004E
:20F2BC00E6574000E75F4000E6476059053280FFB223E6676059EB3F2000EA372000E987BD
:20F2DC002000E88F2000E0076001E7072000E60F200023F70100231E0400E6676099E16702
:20F2FC00601123FF0100231E0400E0074801231EFCFF63FF0100E1476011E6476099231E4A
:20F31C00FCFF63F70100E1374000E03F4000F1474000F04F4000E6574000E75F4000E6479D
:20F33C006059053280FFF222E6676059EB3F2000EA372000E9872000E88F2000E00760012E
:20F35C00E7072000E60F200023F70100231E0400E6676099E167601123FF0100231E0400A7
:20F37C00E0074801231EFCFF63FF0100E1476011E6476099231EFCFF63F70100E1374000F4
:20F39C00E03F4000F1474000F04F4000E6574000E75F4000E6476059053280FFCC22E66721
:20F3BC006059EB3F2000EA372000E9872000E88F2000E0076001E7072000E60F200023F741
:20F3DC000100231E0400E6676099E167601123FF0100231E0400E0074801231EFCFF63FF96
:20F3FC000100E1476011E6476099231EFCFF63F70100E1374000E03F4000F1474000F04F2C
:20F41C004000E6574000E75F4000E6476059043280FF5022E6676059EB3F2000EA372000EF
:20F43C00E9872000E88F2000E0076001E7072000E60F200023F70100231E0400E667609978
:20F45C00E167601123FF0100231E0400E0074801231EFCFF63FF0100E1476011E6476099E1
:20F47C00231EFCFF63F70100E1374000E03F4000F1474000F04F4000E6574000E75F400028
:20F49C00E6476059043280FF9021E6676059EB3F2000EA372000E9872000E88F2000E00765
:20F4BC006001E7072000E60F200023F70100231E0400E6676099E167601123FF0100231EE9
:20F4DC000400E0074801231EFCFF63FF0100E1476011E6476099231EFCFF63F70100E137CF
:20F4FC004000E03F4000F1474000F04F4000E6574000E75F4000E6476059043280FF6A2131
:20F51C00E6676059EB3F2000EA372000E9872000E88F2000E0076001E7072000E60F2000AC
:20F53C0023F70100231E0400E6676099E167601123FF0100231E0400E00748018007E10050
:20F55C0006E89D0007E061EAC10D63EAAB0D1DF6FFFFC2F2DCF10035083A80FF5C04F50D15
:20F57C00E0E9FA053C370D00083A80FF4C04F5051D38260647877F0080FF30B34006FF00A7
:20F59C008007E13006D89B0007D09A0009E008E89D00FAD9AA05B52D1B08610AF1258215B8
:20F5BC00630AB105821DA525010A5C0F00001D30203EA8612046901A81FF4238851D010AC2
:20F5DC005C0F00001D30203EA8612046EA3181FF2C38D50D010A5C0F00001D30203EA8617F
:20F5FC002046662681FF1638A50500004006FF308007E10006E09C001C08610AE105F205BA
:20F61C00630A810DA20DC50D00EAC50D20EE6626950D20EECC4CE50520EE3373B50500EAF2
:20F63C0000001D400132203EB41481FFD0374006FF008007E10006E807E01D301C3880FFCF
:20F65C0078034006FF008007E10006E807E01D301C3880FF7A034006FF009E07E1F706A884
:20F67C0036065D00E0FD00DA00EA00E200D200CA00C223F6340082038503010A800B050AF5
:20F69C00810B200E5200830B200EFF00840B200E2D00860B200EEB00870B23F62C00820397
:20F6BC008503010A800B050A810B200EC000830B200EFF00840B200E8C00860B060A870B50
:20F6DC0023F6240082038503010A800B050A810B200EB000830B200EFF00840B200E8D00B0
:20F6FC00860B200EDD00870B23F61C0082038503010A800B050A810B080A830B200EFF0080
:20F71C00840B0D0A860B200EF800870B230E3400630F0D00230E2C00630F1100230E2400C5
:20F73C00630F1500230E1C00630F1900430702004307030000BA0332203EA861204666266D
:20F75C0081FFBA360232203EA8612046662681FFAC3600003E064800E0FD00F56808610AF5
:20F77C008A3523360400BFFF72AC83D70500A3E7050083EF0700A3DF070083BF090061BA1F
:20F79C008A0D020A560F040016300C3ABFFFBAFE1B30233E0C00BFFFA6FD1C301838024246
:20F7BC00234E0300BFFFDCFD1CC01D3019380342234E0200BFFFCCFD1DC81A30BFFF34FE4A
:20F7DC000A3280FF2685F5C50610E0118215000AB50D33065D00E0FDC199939F010001F092
:20F7FC00C2F1809B410A0106EEFFC6F57F008A07E1FF633711003D065D00E0FD3806DC0BE8
:20F81C00E0FD80FF768C6357010000B200AA000023360000203E320080FF4E8400003706E0
:20F83C00801EE0FD37BF010000E22106D80BE0FD210F0100E1B9910D2106D80BE0FD210FF1
:20F85C00010017E0A1E1B50D2206D80BE0FD221701001F0AA209D70901E601002B06D80B7E
:20F87C00E0FD6BBF0100380F0100E1E1B30578E7010000DA380F0100E009B3151C08E40F58
:20F89C004E023817010001D0E2D7FE021A069BFFB90520D66400200E640001D8BAD99B00B7
:20F8BC00200E640001A0BBA1940080FF9C650AB0200E0028B609630F0900235F0900E45F71
:20F8DC004E022106CDCCCCCC0190EB97229A8D9A13C899009900200EAA005D0F0000200EEF
:20F8FC0055005D0F010080FFF6C50A10BF12C2160300CA111C9A5311A2510AAE0500150868
:20F91C008100DB095D0F02009D0F030001069BFFD905200E64005D0F02005D0703005D07FF
:20F93C0004005DDF050080FFB6C520161500E257FC52D9515D5706005DCF07001C088100DE
:20F95C005D0F08001C08880A81005D0F0900980F01005D0F0A00380F0100880A81005D0F86
:20F97C000B005D070C005D070D00020A5D0F0E00020A5D0F0F00020A5D0F1000020A5D0F72
:20F99C0011001D30203E120080FF4400BF0784FE8007E13006E09C0007D808D000EA850D25
:20F9BC001C301DF0DBF1603880FF401B41EAFAE981FD4006FF308007E10006E807E01D3801
:20F9DC001C400432BFFFCCFF4006FF008007E10006E807E01D381C400532BFFFB6FF4006CD
:20F9FC00FF008207E11006E0DC00433F030008D89B0000EAE0D98A0D1C30A33F030080FFC6
:20FA1C005E010AE8F5051C30233E030080FFDA010AE81D504206FF108207E11006E0DC0083
:20FA3C00433F030008D89B0000EAE0D98A0D1C30A33F030080FF28010AE8F5051C30233EFE
:20FA5C00030080FFA4010AE81D504206FF108007E11006E0DC0007D89B0000EA1C301B3870
:20FA7C0080FFFC000AE81D504006FF108007E13006D0DA0007E000DA1C108200C612C216D4
:20FA9C00C0001C08D00A980AC40AC10E300001111C08C80A980AC20AC10E040001111C089E
:20FABC00980AC10E030001E802E99D001A301D3880FFAC000AD81B504006FF308007E13021
:20FADC0006D0DA0007E000DA1C108200C612C216C0001C08D00A980AC40AC10E30000111FC
:20FAFC001C08C80A980AC20AC10E040001111C08980AC10E010001E802E99D001A301D38FB
:20FB1C0080FF5C000AD81B504006FF308007E13006D0DA0007E000DA1C108200C612C216C5
:20FB3C00C0001C08D00A980AC40AC10E300001111C08C80A980AC20AC10E0C0001111C08F5
:20FB5C00980AC10E030001E802E99D001A301D3880FF0C000AD81B504006FF308607E1103A
:20FB7C0006E0DC0007D89B00430702004307030000EA630705006307090020360002233E0F
:20FB9C00030080FF64000AE8A30F0300A60A810A991D20361102233E020080FF4C000AE842
:20FBBC008347030020361102003A80FF1E046357050023360400233E080080FF32040AE9EB
:20FBDC009D001C301B40003A80FF00046357050023360400233E080080FF14040AE99D005C
:20FBFC001D504606FF108407E11006E0DC0007D800EA63070100630705001C30403E0080F6
:20FC1C00004280FFC6036357010023360000233E040080FFDA030AE99D00E0E9000AEA0517
:20FC3C00230F0500880A810081005B0F00001D504406FF108007E1F306C83606E80BE0FD78
:20FC5C0001EA00C2E0C9E2070701990F0100610AE105C235630AA15D9275857D00E200DA20
:20FC7C0001BA19D0BA0F0100560F0000BA0F0300BA170100C40A02E001E19C001C3820361F
:20FC9C008400BFFFDAFE0AE89A0F0500BA170500C40AC10E7000C216070002D801D99B007D
:20FCBC001B3820368E00BFFFB6FE0AE8173820368000BFFFAAFE0AE8A54D00E200DA01BAA7
:20FCDC0019D09A0F030001E0C4E29C001C3820368300BFFF8AFE0AE89A0F0500BA17050067
:20FCFC00C40AC10E7000C216070002D801D99B001B3820368E00BFFF66FE0AE817382036BD
:20FD1C008000BFFF5AFE0AE8A525960F0100E009E205620AB20D630AC20DE50D20E62A0076
:20FD3C001C3820368600BFFF36FE80FF2E03D50580FFBC03A5050000A50D01C218382036F8
:20FD5C008100BFFF1AFE0AE8A50500001D504006FFF38007E13006D0DA0007E000DA1C10BA
:20FD7C008200C612C216C0001C08D00A980AC40AC10E300001111C08C80A980AC20AC10EC3
:20FD9C000C0001111C08980AC10E030001E802E99D001A301D38BFFFC6FD0AD81B5040066D
:20FDBC00FF308007E11006E0DC0007D89B0000EA1C301B38BFFFA8FD0AE81D504006FF10A4
:20FDDC008007E13006D0DA0007D8DB0000E21B108200C612C216C0001B08D00A980AC10E98
:20FDFC001F0001E802E99D001A301D38BFFF70FD0AE01C504006FF308207E17006D8DB002F
:20FE1C0007D04347030009C8990000EA1A10D0129812C512C21660001A08980AC10AC10EEB
:20FE3C00060001E002E19C00E0C9FA051B301C38BFFF2CFD0AE8F5051B30233E0300BFFFB9
:20FE5C00A8FD0AE81D504206FF708207E17006D8DB0007E09C0008C8990000EA1CD0E0C9CD
:20FE7C00FA051B301A38BFFFF6FC0AE8950D1B30233E0300BFFF72FD0AE8A3E703001D50BE
:20FE9C004206FF708207E11006E0DC00433F030008D89B0000EAE0D98A0D1C30A33F0300E8
:20FEBC00BFFFBCFC0AE8F5051C30233E0300BFFF38FD0AE81D504206FF108207E11006E00B
:20FEDC00DC00433F030008D89B0000EAE0D98A0D1C30A33F0300BFFF86FC0AE8F5051C3047
:20FEFC00233E0300BFFF02FD0AE81D504206FF108207E10006E0DC00433F030000EA1C3028
:20FF1C00233E0300BFFFE2FC0AE81D504206FF008207E11006E0DC00433F030008D89B00E3
:20FF3C0000EAE0D98A0D1C30A33F0300BFFF30FC0AE8F5051C30233E0300BFFFACFC0AE85C
:20FF5C001D504206FF108207E10006E09C0000EA20361102233E0300BFFF8EFC0AE81C08C0
:20FF7C00010680FDF92DE20501067EFD8915D21D952DA30F03002108430F0300A33F0300EB
:20FF9C0020368002BFFFD8FB0AE8C51DA30F0300C10E0F00430F030020368102233E0300E3
:20FFBC00BFFF46FC0AE8E50DA30F03002108430F0300A33F030020368202BFFFA2FB0AE802
:20FFDC0000001D504206FF000610C200079808909200000A020601FD810D0288D08A138992
:20FFFC001280C8821008110901507F008007E1F306B807B03D06E00BE0FD3DCE04001DC040
:0200000400807A
:20001C0000D2370F01007D0F0100183819400032014A81FF30590AD19A00003281FF5E5713
:20003C000AD19A0080E6FFFF003281FF665A0AD8DB001C085FE2E009B205E0D9EAF5E0D946
:20005C00000ABA053D0F0500760F01001B081A0901508A004006FFF38007E1003D065491FB
:20007C00E0FD1DE01C3820368700BFFF7CFB9D0F0100C10EC000B20D0106C0FFD20D01067D
:20009C0080FFE215010640FFF21D852D9D0F01005D0F0100B5259D0F0100C10E3F00C10A4D
:2000BC00C10E3E00810E40005D0F0100F5159D0F0100C10E3F00A10AC10E1F00810E80006E
:2000DC005D0F0100B50D9D0F0100C10E3F002108810EC0005D0F01000000BD3F01002036E2
:2000FC008600BFFF7AFA00524006FF008207610020368700233E0300BFFFEEFAA30F03000F
:20011C006F0AEB07FB03C20AE1062A01800080074000800774008007AC008007E400800715
:20013C001C018007540180078C018007C4018007FC018007340280076C028007A402800760
:20015C00DA02800710038007460380077C0300EA1D3820368600BFFF06FA20EEF0001D380B
:20017C0020368600BFFFF8F90FEA1D3820368600BFFFECF920EEFF001D3820368600BFFF0F
:20019C00DEF980077A0320EE4F001D3820368600BFFFCCF920EEBF001D3820368600BFFF9B
:2001BC00BEF920EE40001D3820368600BFFFB0F920EEB0001D3820368600BFFFA2F98007B7
:2001DC003E0320EE16001D3820368600BFFF90F920EEE6001D3820368600BFFF82F920EEBA
:2001FC0019001D3820368600BFFF74F920EEE9001D3820368600BFFF66F98007020320EE8F
:20021C0059001D3820368600BFFF54F920EEA9001D3820368600BFFF46F920EE56001D388F
:20023C0020368600BFFF38F920EEA6001D3820368600BFFF2AF98007C60220EE8A001D38D5
:20025C0020368600BFFF18F920EE7A001D3820368600BFFF0AF920EE85001D382036860099
:20027C00BFFFFCF820EE75001D3820368600BFFFEEF880078A0220EEC5001D382036860041
:20029C00BFFFDCF820EE35001D3820368600BFFFCEF820EECA001D3820368600BFFFC0F839
:2002BC0020EE3A001D3820368600BFFFB2F880074E0220EE9C001D3820368600BFFFA0F839
:2002DC0020EE6C001D3820368600BFFF92F820EE93001D3820368600BFFF84F820EE630092
:2002FC001D3820368600BFFF76F88007120220EED3001D3820368600BFFF64F820EE23008D
:20031C001D3820368600BFFF56F820EEDC001D3820368600BFFF48F820EE2C001D38203686
:20033C008600BFFF3AF88007D60120EE2D001D3820368600BFFF28F820EEDD001D382036ED
:20035C008600BFFF1AF820EE22001D3820368600BFFF0CF820EED2001D3820368600BFFF39
:20037C00FEF780079A0120EE62001D3820368600BFFFECF720EE92001D3820368600BFFF79
:20039C00DEF720EE6D001D3820368600BFFFD0F720EE9D001D3820368600BFFFC2F7800761
:2003BC005E0120EE3B001D3820368600BFFFB0F720EECB001D3820368600BFFFA2F720EE74
:2003DC0034001D3820368600BFFF94F720EEC4001D3820368600BFFF86F78007220120EE5D
:2003FC0074001D3820368600BFFF74F720EE84001D3820368600BFFF66F720EE7B001D3857
:20041C0020368600BFFF58F720EE8B001D3820368600BFFF4AF7B57520EEA7001D38203684
:20043C008600BFFF3AF720EE57001D3820368600BFFF2CF720EEA8001D3820368600BFFF0F
:20045C001EF720EE58001D3820368600BFFF10F7E55520EEE8001D3820368600BFFF00F7F9
:20047C0020EE18001D3820368600BFFFF2F620EEE7001D3820368600BFFFE4F620EE170080
:20049C001D3820368600BFFFD6F6953D20EEB1001D3820368600BFFFC6F620EE41001D38A5
:2004BC0020368600BFFFB8F620EEBE001D3820368600BFFFAAF620EE4E001D3820368600F0
:2004DC00BFFF9CF6C51D20EEFE001D3820368600BFFF8CF60EEA1D3820368600BFFF80F6F4
:2004FC0020EEF1001D3820368600BFFF72F601EA1D3820368600BFFF66F600001D382036A9
:20051C008600BFFF5AF6005242067F00400E98FF01F60007220601A5A5A5011501F6000109
:20053C00010501F620010112011580F60080C1F10112011580F60480C1F100156312BAFD9A
:20055C0001126117010001F6040000156312CAFD01F60007220600A5A5A501157F000608EF
:20057C0081000710820001F0C4F2019A9E070D9800F701F0C4F29E074D0800F700527F0059
:20059C000608810001F0C4F201129E070D1002F700527F000608810001F0C4F2BE074550DA
:2005BC0002F77F0006983E060405BFFF0015320680380100F39722021F0AA209F209C10DAD
:2005DC00320680380100F39722021208C2090095F209E9FD8515320680380100F3972202CC
:2005FC001F8AA2891208B1090095E291EBFD0095E191B1FD7F0006983E060405BFFF001555
:20061C001390F0974A021F0AA209F209A10D1390F0974A021208C2090095F209E9FDE50D08
:20063C001390F0974A021F8AA2891208B1090095E291EBFD0095E191B1FD7F0006983E067A
:20065C000405BFFF00151F0AA209F309F1051308C2090095F209E9FDB50D1F92A2911308BF
:20067C00B2090095E291EBFD0095E191B1FD7F0006088100610ADB0D01F0C2F233066487D4
:20069C007F00D3F100F5FE17610082160100B0147F000608C1000710C2000106E0FFF90528
:2006BC0001F0C1F2BE070D1000F0E50501F0C1F2BE070D1000F87F000608C10007100106D4
:2006DC00E0FFF90501F0C2F29E070F1040F0E50501F0C2F29E070F1002F87F00069893008B
:2006FC002106EC0BE0FD211608000790920013F0C2F2C2F100F5A09313F0C2F2C2F1008DF2
:20071C00918F2100F191CAF57F000610820007982106F40BE0FD02F0C2F22106F40BE0FDD9
:20073C00C1F100F5019D7F00061082002106F40BE0FD02F0C2F22106F40BE0FDC1F100F5EE
:20075C00010A940B7F00061082002106F40BE0FD02F0C2F22106F40BE0FDC1F100F5010A5E
:20077C00980B7F00061082002106EC0BE0FD0798D30002F0C2F22106EC0BE0FDC1F100F5EE
:20079C00809C7F0006088100088809803306EC877F0032066C877F000710820001F0C2F2E7
:2007BC00D3F100F52F0601A5A5A50D7D000001F0C2F2D2F100F50278C37ACFF1018D01F062
:2007DC00C2F2D2F100750278C37ACE790FF60400018501F0C2F2D3F100F52F0600A5A5A502
:2007FC000D7D00007F002B0688AFBFFFCB0700007F00200E00102B060068BFFF6B0F01004D
:20081C007F00210601A5A5A580070F0C5EB21F0A80074F0C5EB2210600A5A5A580070F0CA1
:20083C005EB27F00210601A5A5A580070F0C5EB280074F045EB2210600A5A5A580070F0CA2
:20085C005EB27F00060881000898071082000190C69231060020D9FFD19102F0C2F2D2F142
:20087C00019D7F00061082000798930002F0C6F2BE07070800B220961F00B391F20FC0006B
:20089C0001509F527F000608810001F0C6F2BE07075000B27F000608810007108200089036
:2008BC0092006192EA0D01F0C6F2BE07079800B2018AE28FC0001199BE070D9800B2E50D6D
:2008DC00019AE29FC000338801F0C6F2BE07079800B25199BE070D9800B27F000608810092
:2008FC000710C20001F0C6F2BE070D1000B27F00060881000710820001F0C6F2019AE29F5A
:20091C00C000BE078D9800B27F000608810001F0C6F28016FFFFBE078D1000B27F00031E60
:20093C00D8FF634F250063472100633F1D0063FF150063EF110006E89D0063070900630721
:20095C000D001D3080FFE4001D3063070100063A23460C00234E080080FFEC006307010002
:20097C000032003A0042004A6307050080FF8801005223FF150023EF1100031E28007F0078
:20099C009407E13006E89D0007E008D809D021061C0CE0FD21170100E011A21D21F7010036
:2009BC001D3023160000003D1E0E0C001E8E3400BE0749400000A10709900000480AA207B6
:2009DC000F9000004812E189FAF5BFFF54FF00525406FF309407E13006E89D0007E008D8BF
:2009FC0009D021061C0CE0FD21170100E011A21D21F701001D3023160000003D1E0E0C00D9
:200A1C001E8E3400BE0749400000A10709900000480AA2070F9000004812E189FAF5BFFF40
:200A3C0000FF00525406FF300608810001F0C2F233066C887F00D3F100F52206001055801A
:200A5C0001157F0006108200088009788397010033066C887F000788910002F0C2F2D3F1F3
:200A7C0000F51108D00A130DE091833502F0C2F2D3F100F5200E0F40190D000AC52502F041
:200A9C00C2F2D3F100F50170C272D0712E770100217502F0C2F2D3F100F50772117502F05B
:200ABC00C2F2D3F100F524756172A2FD02F0C2F2D3F100F51C6D0170C272CF716E6F0100F7
:200ADC00410A8100F209C1DDD51502F0C2F2D3F100F5200E0040190D02F0C2F2D3F100F559
:200AFC00070A110D02F0C2F2D3F100F5240D610AA2FD7F008607E1F106E89D0008D023C7E6
:200B1C002D0009C83C066C887F0007D89B0083BF31006307050063070900630709001D3077
:200B3C00010A630F0100203ED80023460800234E0400BFFF12FF1D30010A630F0100053A26
:200B5C0023460800234E0400BFFFFCFE230F0500810AA1F5200E0002630F09001D30013A50
:200B7C00633F010023460800234E0400BFFFD8FE1D30010A630F0100203E3500234608006D
:200B9C00234E0400BFFFC0FE230F0500820A99F51D30010A630F0100053A23460800234E0B
:200BBC000400BFFFA2FE230F0500810AA1F51DF0C2F2DCF100F5400E3200130D1DF0C2F27B
:200BDC00DCF100F51505231709001DF0C2F2DCF100F5020E0100630F090021151DF0C2F2D4
:200BFC00DCF100F521060F470200190D1DF0C2F2DCF100F5200E0701110D1DF0C2F2DCF10D
:200C1C0000F5240D610AA2FD63070500F525231709001DF0C2F2DCF100F5020E0100630FB6
:200C3C00090021151DF0C2F2DCF100F521060F000200190D1DF0C2F2DCF100F5200E0701BF
:200C5C00110D1DF0C2F2DCF100F5240D610AA2FD230F0500410A630F0500230F0500010665
:200C7C0000FCE9D51DF0C2F2DCF100F511054606FFF100527F0000527F00400E041040166F
:200C9C00EB00330600405581619F010001F66000039A019D01F62400409E0600019D01F6D7
:200CBC002C00010501F63000209E0040019D01F62000019A019D01F64800009D819AC9FD16
:200CDC00000001F62400409E0500019D01F62C00010501F63000209E0F40019D01F620004A
:200CFC00059A019D01F64800009D819AC9FD0000B50D01F62000059A019D01F64800009DEC
:200D1C00819AC9FD000001F63800009D829AA9F501F62400409E0100019D01F62C00409EB7
:200D3C000040019D01F63000209EC040019D01F62000019A019D01F64800009D819AC9FD29
:200D5C00000001F62400409E0500019D01F62C00010501F63000209E0F40019D01F62000C9
:200D7C00059A019D01F64800009D819AC9FD0000B50D01F62000059A019D01F64800009D6B
:200D9C00819AC9FD000001F63800009D879AA9F5009D8F9AF9ED01F60C00409E0001019D9F
:200DBC0001F61000011501F61400019A019D01F61800010501F61C00330600CF0202019DE4
:200DDC0001F65800330603000200019D01F61C00010533060140AA01619F010001F6100086
:200DFC00011501F61400019A019D01F61800409E005A019D01F61C00809E00CF019D01F603
:200E1C005800330603000200019D01F61C00010501F62400011500527F00060807100898A2
:200E3C0000527F0006080710089800527F0006080710089800527F00060807100898005282
:200E5C007F0006080710089800527F00067807680870400E041022060040558161170100E3
:200E7C0001F6240040160600011501F62C00010501F6300020160040011501F620000112C3
:200E9C00011501F6480000158112C9FD000001F6240040160500011501F62C00010501F6C7
:200EBC00300020160840011501F620000512011501F6480000158112C9FD0000B50D01F6A8
:200EDC0020000512011501F6480000158112C9FD000001F6380000158212A9F501F6380057
:200EFC000015C2063C00A205850501F6240040160100011501F62C0040160200011501F67C
:200F1C0030002016C040011501F620000112011501F6240040160600011501F62C00010543
:200F3C0001F6300020160040011501F620000112011501F6480000158112C9FD00000012E3
:200F5C000F8801F62800018D01F64000011501F62400409E3200019D01F62C00010501F6FB
:200F7C00300033060F4F0200019D01F62000209E0301019D01F64800009D819AC9FD0000BA
:200F9C004112019AF51501F64000011501F6300032060F000200019501F620002096030119
:200FBC00019501F6480000958192C9FD00004112419AEE9991ED01F62000010501F6240067
:200FDC0040960500019501F62C00010501F6300020960F40019501F620000592019501F65E
:200FFC00480000958192C9FD0000B50D01F620000592019501F6480000958192C9FD00006C
:20101C0001F6380000958192A1F500958992F1ED01F620000592019501F64800009581928E
:20103C00C9FD0000A50D01F638000085D0063C00C20500000000F5FD01F638000095D20601
:20105C00FE00AAF500527F0006F0000A010501507F0006900112E607780B0198E099B2054E
:20107C000112A50D010AE6077A0B0198E099B2050012A505011202507F000690009A000079
:20109C00E607780B0110E0118A0D010AE6077A0B0110E011A205A505C5F513507F0006F0C9
:2010BC00000A010501507F0006F0000A010501507F000698079092000012E63FE000B205C9
:2010DC00010A011002507F00061007989300000A0000E63FE000AA05000001507F0006101B
:2010FC0007989300000AE63FE40001507F0006F00710000A011501507F0006F00092009D9D
:20111C00E099B20D138EFFFF13081110E60FEE10B20501980288A505019212507F0006F0BF
:20113C00008A0000009DE099B20D1396FFFF13081210E60FEE10BA0501980290A505B5F51F
:20115C0011507F0006F007800092009DF099B90D138E010013081110E60FEE10B205019877
:20117C000288A505019212507F0006F00780008A0000009DF099B90D1396010013081210D1
:20119C00E60FEE10BA0501980290A505000011507F0006F00708220601A5A5A52B06101757
:2011BC0098FF6B170100010D220600A5A5A52B06101798FF6B1701007F008007E1F006E89D
:2011DC009D0007C808C098003C06200CE0FD80DEFFFF00D2FD3EFF001D30C4322106589121
:2011FC00E0FDC1312106B891E0FD2046FF00014AC13980FF7A041DF0C2F2DCF100F58E03FC
:20121C001B085FDADB00E009920D1DF0C2F2DCF1000DA10F1100E009CAF5E0D9E2D700007D
:20123C001DF0C2F2DCF100F5610881031908805E0096EB09A91D010640EDC10D01060CFEC0
:20125C00B23D010650FB924D0106A0F6F2558007EA01010640EDB265010680DA9275010642
:20127C0000B5E27D8007D4012B06002C0100EB09A915805E0096EB09E2070701805E50C388
:20129C00EB09E2071D01805E00E1EB09E20733018007A801EB09E20749012B0600C201001C
:2012BC00EB09E2075B012B0620A10700EB09E2076F01800786011DF0C2F2DCF100F5610899
:2012DC00810E9800810B1DF0C2F2DCF100F5200E1800810C800768011DF0C2F2DCF100F576
:2012FC006108810E7000810B1DF0C2F2DCF100F5200E1104810C800746011DF0C2F2DCF12F
:20131C0000F56108810E7000810B1DF0C2F2DCF100F5200EFF01810C800724011DF0C2F21D
:20133C00DCF100F56108810E7000810B1DF0C2F2DCF100F5200E0301810C800702011DF002
:20135C00C2F2DCF100F56108810E7600810B1DF0C2F2DCF100F5200E8100810C85751DF03B
:20137C00C2F2DCF100F56108810E7000810B1DF0C2F2DCF100F5200E4000810C85651DF072
:20139C00C2F2DCF100F56108810E7000810B1DF0C2F2DCF100F5200E2000810C85551DF082
:2013BC00C2F2DCF100F56108810E7000810B1DF0C2F2DCF100F5200E1800810C85451DF07A
:2013DC00C2F2DCF100F56108810E7000810B1DF0C2F2DCF100F5200E1500810C85351DF06D
:2013FC00C2F2DCF100F56108810E7000810B1DF0C2F2DCF100F50F0A810C95251DF0C2F2C3
:20141C00DCF100F56108810E6000810B1DF0C2F2DCF100F5200E6200810C95151DF0C2F2FF
:20143C00DCF100F56108810E9800810B1DF0C2F2DCF100F58104B50501D200001DF0C2F25C
:20145C00DCF1000DC1AF08001DF0C2F2DCF100F589C31DF0C2F2DCF1000DC11F21001DF0A6
:20147C00C2F2DCF100F5010A880B1DF0C2F2DCF100F5010A8E0B80DEFFFF1B085FDADB0082
:20149C00E009920D1DF0C2F2DCF1000DA10F1100610ACAF5E0D9E2D700001A504006FFF011
:2014BC00061082002106200CE0FD02F0C2F22106200CE0FDC1F100F59E0F2100810E03006B
:2014DC00A00B7F00061082002106200CE0FD02F0C2F22106200CE0FDC1F100F59E0F2100B3
:2014FC00C10EFC00A00B7F00069893002106200CE0FD01900788910013F0C2F2D2F10085CA
:20151C0090871300D08610001010A4128200E011CAF513F0C2F2D2F100F5928C7F00800784
:20153C00E17006E89D0007C82106200CE0FD3B065891E0FD01D001E21DF0C2F2DAF1001558
:20155C00C2160800E2172500E011E2051DF0C2F2DAF100F592041D30C432DB3180FF500163
:20157C00E0518A0D1D30C432DB31193880FFB20100E21C504006FF708007E10006E89D00BF
:20159C0007E09C001D301C38BFFF60FF4006FF008007E10006E89D0007E09C001D301C3892
:2015BC00BFFFD8FF4006FF008607E11006D89B0007E000EA23F601000B0AFE177203E106CD
:2015DC000500E51509F2BDF123160100C2F11C080A12E20FFE0A010E3000800B2106CDCC97
:2015FC00CCCC1C90E197229A13E083E241EAE0E1AAED43070B00A50D1B3009F2BDF1231648
:20161C000100C2F16038BFFF8AFF1D085FEAE009CBF54606FF108207E10006E89D0021068D
:20163C00200CE0FD3C065891E0FD1DF0C2F22106200CE0FDC1F1000DE10F2700430F030061
:20165C001D30C432DC3180FF7200E0518A0D1D30C432DC31233E030080FF74004206FF0077
:20167C00060881007F00060881007F008007E13008D0DA0006E807D809E0DC007DDF0100F9
:20169C001B301C40FA472202003A80FF9AC17D0704007D0706007D0708001A08FC0F200221
:2016BC007D0F0A007DE70C004006FF3006F07208E009E35700007F0006F075087610E20F97
:2016DC00FC027210E111EE5700007F008007E10006E807E01D30BFFFE2FFE051DA1DFD0F5B
:2016FC000D00FD170700C209FD170B00E20FFC0A7D0F0600FD0F07003D3701001C38FD4713
:20171C000D00C13180FF94C1FD0F0500410A7D0F0400000AA505010A01504006FF00800712
:20173C00E11006E807D800E21D30BFFF82FFE051CA1DFD0F0D00FD170900C209FD170B0029
:20175C00E20FFC0A7D0F0800FD0F09003D3F01001B30FD470D00C13980FF40C1FD0F050029
:20177C005F0A7D0F0400A50501E21C504006FF10060807107F00060881007F0006088100C5
:20179C007F000608810007107F0006088100071000527F000608C100071082002B06CE9516
:2017BC00E0FD6B0F00002B06D095E0FD4B17000000527F000698D300079092002106380C0B
:2017DC00E0FD088891002206380CE0FD09809000820F01000106C4FFB115820F0100017860
:2017FC008F00410A420F0000EF0E06002F06D295E0FD01F0CFF1809C8293838B84830052DD
:20181C007F000698D30007909200088891002206380CE0FD09809000820F01000106C4FFB4
:20183C00B115820F010001788F00410A420F0000EF0E06002F06D295E0FD01F0CFF1809C47
:20185C008293838B848300527F000698D30007909200088891002206380CE0FD0980900054
:20187C00820F01000106C4FFB115820F010001788F00410A420F0000EF0E06002F063A97EB
:20189C00E0FD01F0CFF1809C8293838B848300527F0006087F0006087F0006087F00820757
:2018BC00E1F106E09C0023CF250007B8D70009D008D89B0023C729001C301B381A4019484A
:2018DC0063C7010082FF80040AE81D504206FFF18407E1F106E09C00E3C7290008D0DA00C1
:2018FC0007D809C8990023BF2D001C3063C701001B381A40194863BF050082FF8A040AE8C7
:20191C001D504406FFF18207E1F106E89D0009C023BF250007D8DB003A06A227E0FD08C8DE
:20193C009900E3E7290021069203E0FD810F0100E009B20D1D381C401B4863CF01002606BA
:20195C0070887F0080FF648F1DF0C1F2DAF180E4FD36F2052106AA21E0FD17381DF0C1F28B
:20197C00DAF17040C13180FF32BFFD36060021069C27E0FD18380642C13180FF1EBF1DF07B
:20199C00C1F22206A827E0FDC2F180DC1DF0C1F22206A627E0FDC2F11C0E0E00800C1DF07F
:2019BC00C1F22206A427E0FDC2F17008410A800C4206FFF18007E11006E89D0007E008D884
:2019DC009B0021069203E0FD810F0100E009820D1D381C402606C8887F0080FFCE8E3E06E3
:2019FC00F027E0FDDDF1010A800B4006FF108007E10006E89D0007E021069203E0FD810F1B
:201A1C000100E009820D1D381C402606FB887F0080FF988E4006FF0006F07008480A800C1C
:201A3C007F0006989300079008F00908001548120115E117010048126117000000527F0019
:201A5C0006909200078808F00910000D809E8686619F000041070500009D489A019DE29F80
:201A7C000100489A629F000000527F0006989300079008F00908238F01000015E217010002
:201A9C00A20686869A0D001548120115E117010058126117000000527F00060881000710F8
:201ABC0000527F0006088100071000527F000608810007108200089893000990D2007F007D
:201ADC000608810007108200089893007F0006087F00069807F021063A0CE0FDE1170100AB
:201AFC00A206FFFFBA0561070000E1170100411261170000E10F0100010D00527F00210642
:201B1C003C0CE0FD0012E0174010E007600102F0C2F221063C0CE0FDC1F1000D410A010DD9
:201B3C007F0021063C0CE0FD01980012E017401002F0C2F2D3F10095E091F30D02F0C2F2B6
:201B5C00D3F100955F92019502F0C2F2D3F1000DE009BA05E08760017F002106540CE0FDBF
:201B7C000012E0174010E007600102F0C2F22106540CE0FDC1F1000D410A010D7F002106E0
:201B9C00540CE0FD01980012E017401002F0C2F2D3F10095E091F30D02F0C2F2D3F100958B
:201BBC005F92019502F0C2F2D3F1000DE009BA05E08760017F0021066C0CE0FDE007600158
:201BDC003E066C0CE0FD000D410A010D7F0021066C0CE0FD01F00015E011930D00155F12D2
:201BFC000115000DE009BA05E08760017F0021066C0CE0FDE00760013E066C0CE0FD000D4D
:201C1C00410A010D7F0021066C0CE0FD21170100E011C30D211701005F1261170100210F07
:201C3C000100E009BA05E08760017F002106700CE0FDE00760013E06700CE0FD000D410ADB
:201C5C00010D7F002106700CE0FD01F00015E011930D00155F120115000DE009BA05E0870C
:201C7C0060017F00E00760017F00E08760017F002106740CE0FDE00760013E06740CE0FDED
:201C9C00000D410A010D00007F002106780CE0FDE00760013E06780CE0FD000D410A010D68
:201CBC0000007F002106740CE0FD21170100E011E30D211701005F1261170100210F010097
:201CDC00E009CA05E0876001B505A505000000007F002106780CE0FD21170100E011E30DE3
:201CFC00211701005F1261170100210F0100E009CA05E0876001B505A505000000007F0011
:201D1C0021067C0CE0FD3E067C0CE0FD00126098E099A215A50541126098E099C2050206FB
:201D3C00D7FFA9FD6098E099CA0DE00760016098419A809BE505E00760016098419A809B6D
:201D5C007F0021067C0CE0FD01F06010E011920D60105F1280136008E009BA05E08760011F
:201D7C007F0021067C0CE0FD0012A19F0100E099E215A5054112A19F0100E099C2050206F3
:201D9C00D7FF99FDA19F0100E0998A15E0076001A19F0100419A419F0100850DE007600143
:201DBC00A19F0100419A419F01007F0021067C0CE0FDA1170100E011C20DA11701005F125C
:201DDC0041170100A10F0100E009BA05E08760017F00E00760017F00E08760017F00E007F9
:201DFC0060017F00E08760017F00E00760017F00E08760017F00E00760017F00E087600103
:201E1C007F00E00760017F00E08760017F00E00760017F00E08760017F002106800CE0FD7B
:201E3C00E00760013E06800CE0FD000D410A010D00007F002106800CE0FD01F00015E01125
:201E5C00930D00155F120115000DE009BA05E087600100007F002106800CE0FDE007600156
:201E7C003E06800CE0FD000D410A010D00007F002106800CE0FD21170100E011C30D2117F2
:201E9C0001005F1261170100210F0100E009BA05E087600100007F00E00760017F00E087ED
:201EBC0060017F00E00760017F00E08760017F00E00760017F00E08760017F002106840C53
:201EDC00E0FDE00760013E06840CE0FD000D410A010D7F002106840CE0FD01F00015E011A0
:201EFC00930D00155F120115000DE009BA05E08760017F002106880CE0FD3E06880CE0FD41
:201F1C000012009DE099A315A5054112009DE099C20502064FFBA9FD009DE099CA0DE0071F
:201F3C006001009D419A019DE505E0076001009D419A019D7F002106880CE0FD01F00015A9
:201F5C00E011930D00155F120115000DE009BA05E08760017F00E00760017F00E0876001AD
:201F7C007F00E00760017F00E08760017F0021068C0CE0FDE00760013E068C0CE0FD000D0E
:201F9C00410A010D7F0021068C0CE0FD01F00015E011930D00155F120115000DE009BA05C9
:201FBC00E08760017F0021068C0CE0FDE00760013E068C0CE0FD000D410A010D7F00210615
:201FDC008C0CE0FD21170100E011C30D211701005F1261170100210F0100E009BA05E08713
:201FFC0060017F00008AA5551160F86742028407095B43000C90CB91000AA52501F0C2F2AA
:20201C00125E0800CBF1007DE079921D92171500B29F150085150260F46742028407495BFD
:20203C0043000C80CB8190F70500C2F2CFF1010541125F9AE0998BF56F071C00410A610AD6
:20205C00E1DD32770D00E071822592171500B29F1500951D0260F46742028407495B4300AF
:20207C000C80CB81000AB50D01F0C2F2CEF1006D90F70500C2F2CDF10105410A640AD1F54C
:20209C0041125F9AE099FBE5418A638AE1AD7F008007210080FF880C80FF342580FF74250F
:2020BC0080FF480880FFAA0980FF0E0B80FF9A2580FFF22780FF442A80FF180980FF7C0A03
:2020DC0080FFDE0B80FF962680FFE82880FF3E2B005240063F00060881000710089801F0BC
:2020FC00C2F2310630897F00D1F100F5011501F0C2F231063C897F00D1F100F5019D00520D
:20211C007F0006088100071001F0C2F232063C897F00D2F100F5011500527F00060881002F
:20213C000798089001F0C2F2310648897F00D1F100F500153106FFFFFF0051117317010033
:20215C0001F0C2F2310654897F00D1F100F500153106FFFFFF0051117217010000527F006E
:20217C0006108200079802F0C2F2320654897F00D2F100F5000D3206FFFFFF005209730FFB
:20219C00010000527F008007210080FF0E0D80FFC80E80FFA01880FF5A1A005240063F00B9
:2021BC008007E17006E09C0008D007D8DB002106A00CE0FD09C8D9001CF0C2F22106A00C2A
:2021DC00E0FDC1F11B301A381940000DE1C760F90AE81D508A004006FF708007E17006E0F4
:2021FC009C0008D007D8DB002106A80CE0FD09C8D9001CF0C2F22106A80CE0FDC1F11B30BE
:20221C001A381940000DE1C760F90AE81D508A004006FF7080072100210603000F008007E3
:20223C000F0981A6200E211080070F0A81A680074F0281A680070F0381A680074F0381A65E
:20225C00800EFFFF80070F0881A680074F0081A68007090981A62B06A498E0FD6B0F01008F
:20227C001F0080FFBE0040063F000608071080070F0881A680074F1081A67F000610079836
:20229C00000A950D01F0C2F2C2F1009580070F9080A6410AF309F1F57F0006100798000AD2
:2022BC00950D01F0C1F2C2F1709080070F9080A6410AF309F1F57F0006100798000A850DC0
:2022DC0001F0C2F1609080070F9080A6410AF30981FD7F0006F08007090881A6009A0190DE
:2022FC008007490881A6007A0170128013880E89BE070F8000007F0006F08007090881A68C
:20231C00010D7F0006F08007090881A6C100800C7F0006F08007090881A68100800B7F0053
:20233C007F00800761003D0600F4BFFF210623011F007D0F91002106B71DC1047D0FA100B1
:20235C007D07A5001F0A7D0FB1007D07B5001F0A7D0F81007D0785003D0F91002B06A49810
:20237C00E0FD6B0F01001F0080FFD80040067F00060807102B0680F4BFFF6B0F01002B067A
:20239C0084F4BFFF6B1701007F0006100798000AB50D01F0C2F2C2F100952B0600F4BFFF98
:2023BC006B970100410AF309D1F57F0006100798000AB50D01F0C1F2C2F170902B0600F475
:2023DC00BFFF6B970100410AF309D1F57F0006100798000AA50D01F0C2F160902B0600F46A
:2023FC00BFFF6B970100410AF309E1F57F0006F04096C0FF329781F4009A4076C0FF2E77E7
:20241C0085F4007A128013880E89BE070F8000007F0006F0400EC0FF210F81F4010D7F00E1
:20243C0006F0400EC0FF210F81F4C100800C7F0006F0400EC0FF210F81F48100800B7F00D9
:20245C007F002B062101F8FFCBA700002B062001F8FFCBBF00007F002B062001F8FFCB3F80
:20247C0000002B062101F8FFCBA700007F002B062701F8FFCBA700002B062601F8FFCBBF6A
:20249C0000007F002B062601F8FFCB3F00002B062701F8FFCBA700007F002B062901F8FFB5
:2024BC00CBA700002B062801F8FFCBBF00007F002B062801F8FFCB3F00002B062901F8FF87
:2024DC00CBA700007F00231EFCFF63FF0100E1476011E6476099231EFCFF63F70100E137E2
:2024FC004000E03F4000F1474000F04F4000E6574000E75F4000E647605980FF5205E6671E
:20251C006059EB3F2000EA372000E9872000E88F2000E0076001E7072000E60F200023F7AF
:20253C000100231E0400E6676099E167601123FF0100231E0400E0074801231EFCFF63FF04
:20255C000100E1476011E6476099231EFCFF63F70100E1374000E03F4000F1474000F04F9A
:20257C004000E6574000E75F4000E647605980FF4606E6676059EB3F2000EA372000E9874A
:20259C002000E88F2000E0076001E7072000E60F200023F70100231E0400E6676099E1670F
:2025BC00601123FF0100231E0400E0074801231EFCFF63FF0100E1476011E6476099231E57
:2025DC00FCFF63F70100E1374000E03F4000F1474000F04F4000E6574000E75F4000E647AB
:2025FC00605980FF3807E6676059EB3F2000EA372000E9872000E88F2000E0076001E7075A
:20261C002000E60F200023F70100231E0400E6676099E167601123FF0100231E0400E007BB
:20263C0048018007E11040EE98FF3C0600A5A5A51C0E01007D0F0107010A9D074F080201FF
:20265C00A50500009D0709080201820AB9FD7DE701071C0E01007D0F0107010A9D07CF0809
:20267C000001010A9D070F080001A50500009D0749080001C10E0300630A9AFD00DAC5055C
:20269C00000041DABB0064DAEE059D0749080001820AF1F57DE701071C0E01007D0F010784
:2026BC00010A7D0F0D00010A7D0F0100A50500003D0F0500C10E0300630AAAFD00DAC5053D
:2026DC00000041DABB0064DADE053D0F0500820A81FD7DE701071C0E01007D0F01077D07DD
:2026FC000101A50500003D0F0901E009CAFD7DE701071C0E01007D0F0107010A7D0F410108
:20271C00A50500003D0F4901610ACAFD7DE701071C0E01007D0F0107010A7D0F5101A5056D
:20273C0000003D0F5901610ACAFD7DE701071C0E01007D0F01077D076101A50500003D0F9E
:20275C006901E009CAFD7DE701071C0E01007D0F0107010A7D0F7101A50500003D0F79019F
:20277C00610ACAFD7DE701071C0E01007D0F01079D070F000401A50500009D078908040144
:20279C00E009BAFD7DE701071C0E01007D0F0107030A9D070F090401A50500009D078909A4
:2027BC000401630ABAFD7DE701071C0E01007D0F0107010A9D070F0A0401A50500009D078E
:2027DC00890A0401610ABAFD7DE701071C0E01007D0F0107020A9D070F0B0401A50500007F
:2027FC009D07890B0401620ABAFD010A9D070F0C0401A50500009D07890C0401610ABAFD84
:20281C007DE701071C0E01007D0F0107010A9D070F080601A50500009D0789080601610A53
:20283C00BAFD7DE701073D0F01012B06A498E0FD6B0F01001F0080FF08004006FF107F00CC
:20285C002B064901F8FFCBA700002B064801F8FFCBBF00007F002B064801F8FFCB3F000083
:20287C002B064901F8FFCBA700007F00231EFCFF63FF0100E1476011E6476099231EFCFF3F
:20289C0063F70100E1374000E03F4000F1474000F04F4000E6574000E75F4000E64760592A
:2028BC0080FF002080FFAC2480FF4E22E6676059EB3F2000EA372000E9872000E88F200067
:2028DC00E0076001E7072000E60F200023F70100231E0400E6676099E167601123FF0100EF
:2028FC00231E0400E00748018007610040EE60FF9D07CF04001D200E82009D074F08031D73
:20291C009D078F01031D9D070F01031D9D074F01031D9D078F00031D9D07CF00031D9D07D5
:20293C00CF02031D030A9D074F0A031D9D074908031D2B06A498E0FD6B0F01001F00210640
:20295C0001A5A5A580070F0C5EB2080A80074F0C5EB28007090941B2220600E05C5B42091F
:20297C00810E100080070F0941B28007090941B2810E600080070F0941B28007090941B271
:20299C00810E400080070F0941B28007090941B22206FFFFFCFF420980070F0941B28007A9
:2029BC004F045EB2210600A5A5A580070F0C5EB280FF9A0040067F0080072100BFFF86FA0C
:2029DC0040063F0080072100BFFF90FA40063F0080072100BFFFE4FF400E6FFF210F4980E3
:2029FC002C0648806EFF810E80006C0F0100400E6FFF210F55802C0654806EFF810E800086
:202A1C006C0F010040063F008007610040EE60FF9D07490D001D810E40009D074F0D001D21
:202A3C009D07890C001D810E40009D078F0C001DBFFF94FF9D074908031D2B06A498E0FD49
:202A5C006B0F01001F0040067F007F007F008007610040EE60FF9D07CF04101D200E820034
:202A7C009D074F08111D9D078F01111D9D070F01111D9D074F01111D9D078F00111D9D07A6
:202A9C00CF00111D9D07CF02111D030A9D074F0A111D9D074908111D2B06A498E0FD6B0F5B
:202ABC0001001F00210601A5A5A580070F0C5EB2200E100080074F0C5EB28007890D41B2D1
:202ADC00220600E05C5B4209810E100080078F0D41B28007890D41B2810E600080078F0DF9
:202AFC0041B28007890D41B2810E400080078F0D41B28007890D41B22206FFFFFCFF420956
:202B1C0080078F0D41B280074F045EB2210600A5A5A580070F0C5EB280FF9A0040067F00F3
:202B3C0080072100BFFF4AF940063F0080072100BFFF54F940063F0080072100BFFFE4FFCA
:202B5C00400E6FFF210F49882C0648886EFF810E08006C0F0100400E6FFF210F55882C061F
:202B7C0054886EFF810E08006C0F010040063F008007610040EE60FF9D07490D101D810E2D
:202B9C0004009D074F0D101D9D07890C101D810E04009D078F0C101DBFFF94FF9D0749083D
:202BBC00111D2B06A498E0FD6B0F01001F0040067F007F007F008007610040EE60FF9D070B
:202BDC00CF04101D200E82009D074F08131D9D078F01131D9D070F01131D9D074F01131D92
:202BFC009D078F00131D9D07CF00131D9D07CF02131D030A9D074F0A131D9D074908131DAF
:202C1C002B06A498E0FD6B0F01001F00210601A5A5A580070F0C5EB2080A80074F0C5EB2E7
:202C3C008007090B41B2220600E05C5B4209810E100080070F0B41B28007090B41B2810E90
:202C5C00600080070F0B41B28007090B41B2810E400080070F0B41B28007090B41B22206BD
:202C7C00FFFFFCFF420980070F0B41B280074F045EB2210600A5A5A580070F0C5EB280FF2F
:202C9C009A0040067F0080072100BFFF10F840063F0080072100BFFF1AF840063F00800742
:202CBC002100BFFFE4FF400E6FFF210F49882C0648886EFF810E80006C0F0100400E6FFFC3
:202CDC00210F55882C0654886EFF810E80006C0F010040063F008007610040EE60FF9D0727
:202CFC00490D101D810E40009D074F0D101D9D07890C101D810E40009D078F0C101DBFFFDA
:202D1C0094FF9D074908131D2B06A498E0FD6B0F01001F0040067F007F007F008007610050
:202D3C0040EE60FF3D0F09001E1242097D0F0900200E55007D0FB1003D0F0900810E0100E0
:202D5C007D0F0900010A7D0F0503010A7D0F09037D070D037D0711037D0715037D07190318
:202D7C007D071D037D0721037D0725037D0729037D074D032106AAAA15007D0F01033D0F4F
:202D9C0001032B06A498E0FD6B0F01001F0080FF180080FF500080FF880080FFC00080FF04
:202DBC00F80040067F0040F660FF9E07CF07431C9E07890F431C4016020042099E078F0F49
:202DDC00431C9E07890F431C810E0D009E078F0F431C9E070F07431C010A9E07CF0F431C97
:202DFC007F0040F660FF9E07CF07471C9E07890F471C4016020042099E078F0F471C9E0737
:202E1C00890F471C810E8D009E078F0F471C9E070F07471C010A9E07CF0F471C7F0040F615
:202E3C0060FF9E07CF074B1C9E07890F4B1C4016020042099E078F0F4B1C9E07890F4B1CA0
:202E5C00810E0D009E078F0F4B1C9E070F074B1C010A9E07CF0F4B1C7F0040F660FF9E0740
:202E7C00CF074F1C9E07890F4F1C4016020042099E078F0F4F1C9E07890F4F1C810E0D00B8
:202E9C009E078F0F4F1C9E070F074F1C010A9E07CF0F4F1C7F007F00800761003D0600A57B
:202EBC00A5A58007090840E4C10E0C0080070F0840E48007090840E4810E400080070F082A
:202EDC0040E48007090840E4810EC00080070F0840E4200E100080078F0840E4200EFF0038
:202EFC0080074F0B40E4200EE20080078F0B40E48007CF0040E480070F0140E4200E700089
:202F1C0080074F0940E4200EEC008007CF0940E48007090840E4C10E8C0080070F0840E41C
:202F3C008007890840E42B06A498E0FD6B0F01001F001D0E010080070F0C5EB2200E000445
:202F5C0080074F0C5EB28007490845B2220600E05C5B4209810E100080074F0845B280078F
:202F7C00490845B240160010020980074F0845B28007490845B2810E460080074F0845B22E
:202F9C008007490845B2810E400080074F0845B28007490845B22016EFFF420980074F0886
:202FBC0045B28007490845B240160200020980074F0845B280074F045EB280070FEC5EB27B
:202FDC001D0E010080070F0C5EB2200E000480074F0C5EB28007090845B2220600E05C5B85
:202FFC004209810E100080070F0845B28007090845B240160010020980070F0845B280071A
:20301C00090845B2810E460080070F0845B28007090845B2810E400080070F0845B28007A8
:20303C00090845B22016EFFF420980070F0845B28007090845B240160200020980070F08D8
:20305C0045B280074F045EB280070FEC5EB280FFF20240067F002B065F05F8FFCBA70000AB
:20307C002B066105F8FFCBA700002B065D05F8FFCBA700002B065B05F8FFCBA700002B060D
:20309C005E05F8FFCBBF00002B066005F8FFCBBF00002B065C05F8FFCBBF00002B065A0576
:2030BC00F8FFCBBF00007F002B065E05F8FFCB3F00002B066005F8FFCB3F00002B065C0536
:2030DC00F8FFCB3F00002B065A05F8FFCB3F00002B065F05F8FFCBA700002B066105F8FFB6
:2030FC00CBA700002B065D05F8FFCBA700002B065B05F8FFCBA700008007890840E42B06DF
:20311C00A498E0FD6B0F01001F007F008007E17006E0DC0007D008C8D9003B06B998E0FDD8
:20313C0000EA8007490840E4880AC90520EE8200E52D1C0600FCC90520EE8300852D2B062B
:20315C00B298E0FD6BCF00002B06A898E0FD6BD701002B06B098E0FD6BE700000D0A2B0671
:20317C00B898E0FD4B0F00001C0680FFD105010A5B0F0000C505020A5B0F000080FFA00160
:20319C00010A2B06BB98E0FD4B0F00001D504006FF708007E17006E0DC0007D008C8D90011
:2031BC003B06B998E0FD00EA8007490840E4880AC90520EE8200D52D1C0600FCC90520EEB2
:2031DC008300F5252B06B298E0FD6BCF00002B06A898E0FD6BD701002B06B098E0FD6BE76B
:2031FC0000000D0A2B06B898E0FD4B0F00001C0680FFD105010A5B0F0000C505020A5B0FB8
:20321C00000080FF1A012B06BB98E0FD4B0700001D504006FF708007E17006E0DC0007D0B2
:20323C0008C8D9003B06B998E0FD00EA1C0600FCC90520EE830085752B06B698E0FD6BCF63
:20325C0000002B06B498E0FD6B0700002B06AC98E0FD6BD701002B06B098E0FD6BE7000049
:20327C002B06BA98E0FD4B0700000C0A2B06B898E0FD4B0F00001C0680FFC1055B070000E9
:20329C00C505020A5B0F00008007490840E4880A99458007490840E4840AE1058007490A1C
:2032BC0040E4840AE9158007490A40E4810AE1058007490A40E4820AC90520568500D52D7E
:2032DC008007490840E4880AF1ED80FF5200C5258007490840E4870AA91D8007490A40E45A
:2032FC001B12420980074F0A40E48007C90940E4810E04008007CF0940E48007490840E4A7
:20331C00810E040080074F0840E4E50520EE8600B50580FF0A001D504006FF708007490841
:20333C0040E4810E020080074F0840E47F008007490840E4810E080080074F0840E47F0027
:20335C007F00FA4760F1E1D74000231EFCFF63D70100E0D74000F1DF4000F0E74000E6EFDE
:20337C004000E7F74000FA4760F13E06B998E0FD3D06B898E0FD8007C9E140E482E2F905A8
:20339C00800749E240E482E2E10775028007C9E140E481E2F905800749E240E481E2E107A1
:2033BC005F028007C9E140E485E2896D800749E240E485E2B9659DE701006DE2BA2D800741
:2033DC0049E240E417DA5BE180074FE240E4800749E040E49CE6080080074FE040E4A50597
:2033FC000000800749E240E484E2B9FD800749E240E420DEEFFF5BE180074FE240E480075E
:20341C0049E240E417DA5BE180074FE240E48007EE019DE701006CE2EA07E501800749E266
:20343C0040E417DA5BE180074FE240E4800749E040E49CE6080080074FE040E4800709E497
:20345C0040E41CD89B00A5050000800749E240E484E2B9FD800749E240E420D6EFFF5AE10C
:20347C0080074FE240E4800749E240E417D25AE180074FE240E4800786019DE701006DE29C
:20349C00FA4560E061E2C20560E062E2BA1D800749E240E41BDA5BE180074FE240E48007C2
:2034BC00C9E140E41BDA5BE18007CFE140E48007C9E140E49CE608008007CFE140E48007D5
:2034DC003E0160E067E2EA073701800749E240E420DEEFFF5BE180074FE240E4800749E253
:2034FC0040E417DA5BE180074FE240E48007C9E140E417DA5BE18007CFE140E48007C9E175
:20351C0040E49CE604008007CFE140E4857D9DE701006CE2CA7560E0E0E1C20560E062E22A
:20353C00AA1D800749E240E41BDA5BE180074FE240E48007C9E140E41BDA5BE18007CFE108
:20355C0040E48007C9E140E49CE608008007CFE140E4D55560E06EE2CA15800749E240E482
:20357C001BDA5BE180074FE240E48007C9E140E41BDA5BE18007CFE140E403E280E3F53DC7
:20359C0060E06BE2CA3D800709E140E420DEDFFF5BE180070FE140E4800709E140E420DEA0
:2035BC00EFFF5BE180070FE140E4800709E140E417DA5BE180070FE140E4800749E240E4F7
:2035DC0020DEEFFF5BE180074FE240E4800749E240E417DA5BE180074FE240E48007C9E1BB
:2035FC0040E417DA5BE18007CFE140E48007C9E140E49CE604008007CFE140E4FA6760F11B
:20361C00FE3F2000FD372000FC872000FB8F2000E0076001FA07200023D70100231E0400E7
:20363C00FA0F2000FA6760F1E0074801F94760F1E6CF4000E7D74000F94760D13E06B998D9
:20365C00E0FD3D06B098E0FD3C06B298E0FD3B06A898E0FD3906B898E0FD99D701006DD226
:20367C008A4D60D061D2BA0DFDD70100C1D29A008007CFD340E405D280D3C57D60D062D20E
:20369C00FA0DFDD70100DAD6000387D29AD6F0009A008007CFD340E404D280D3B56D60D064
:2036BC0064D2BA0DFDD701009A009A008007CFD340E405D280D3E55D60D065D2BA5DFCD7DE
:2036DC000100E0D1B2153BD701009AD701008007CFD340E43BD7010041D27BD70100FCD737
:2036FC0001005FD27CD70000D54506D280D3A54599D701006CD2EA3D60D0E0D1DA0DFDD788
:20371C000100C1D29AD601009A008007CFD340E408D280D3F52D60D062D2FA0DFDD7010012
:20373C00DAD6000387D29AD6F0009A008007CFD340E404D280D3E51D60D064D2BA0DFDD7EE
:20375C0001009A009A008007CFD340E40ED280D3951560D063D2EA0DFDD70100DAD600030A
:20377C0087D29AD6F1009A008007CFD340E408D280D3F96760D1FA3F2000F9372000F967C5
:20379C0060F1E0074801FC4760F1E6E74000E7EF4000FC4760E93E06B998E0FD60E866EA3F
:2037BC00DA253D06BB98E0FD9DEF010061EACA15800749EA40E417E25CE980074FEA40E4C4
:2037DC00800749E840E49DEE080080074FE840E407EA80EBF52D800749EA40E420E6BFFF5C
:2037FC005CE980074FEA40E4D52560E86EEAAA25800749EA40E41BE25CE980074FEA40E417
:20381C008007C9E940E49DEE04008007CFE940E4800749E840E49DEE040080074FE840E4F0
:20383C00800749EA40E420E6BFFF5CE980074FEA40E4FC6760E9FD3F2000FC372000FC67E3
:20385C0060F1E0074801F84760F1E6C74000E7CF4000F84760C93E06AC98E0FD3C06B998F8
:20387C00E0FD3D06B498E0FD3A06B698E0FD9CDF010068DA8A45FADF010062DAD205FADF25
:20389C00010061DA9A0D800709D940E49BDE400080070FD940E4FADF010061DA9A1D8007FD
:2038BC0009D940E49BDE200080070FD940E4800709D940E49BDE100080070FD940E480078A
:2038DC0009D940E49BDE080080070FD940E4800709CC40E419D89B00FACF010061CAEA05C2
:2038FC000ACA5CCF00008007380109CA5CCF000080072E019CDF010069DACA65FADF010071
:20391C00FDCF0100FBC9E9071901FDC701001BCEFDFFF8C98A1D800709C940E499CE4000BA
:20393C0080070FC940E400CD800709C440E459C7000000CD41CA01CDFDCF010041CA7DCFB9
:20395C000000E56DFDC701001BCEFEFFF8C9BA2D800709C940E499CE200080070FC940E41F
:20397C00800709C940E499CE100080070FC940E4800709C940E499CE080080070FC940E445
:20399C0000CD800709C440E459C7000000CD41CA01CDFDCF010041CA7DCF00000ACA5CCFDD
:2039BC000000E53D00CD800709C440E459C7000000CD41CA01CDFDCF010041CA7DCF00009A
:2039DC00F52D9CDF01006ADABA2D800749DA40E417CA59D980074FDA40E4800749D840E481
:2039FC009BDE080080074FD840E400DD800709CC40E45BCF000000DD41DA01DDFDDF01001E
:203A1C0041DA7DDF0000800709D940E420CEBFFF59D980070FD940E40BDA5CDF0000F86796
:203A3C0060C9F93F2000F8372000F86760F1E0074801800761003D0600A5A5A58007090808
:203A5C0060E4C10E0C0080070F0860E48007090860E4810E400080070F0860E48007090824
:203A7C0060E4810EC00080070F0860E4200E100080078F0860E4200EFF0080074F0B60E4C3
:203A9C00200EE20080078F0B60E48007CF0060E480070F0160E4200E700080074F0960E45F
:203ABC00200EEC008007CF0960E48007090860E4C10E8C0080070F0860E48007890860E4B8
:203ADC002B06A498E0FD6B0F01001F001D0E010080070F0C5EB2400E100080074F0C5EB2B8
:203AFC008007490A4CB2220600E05C5B4209810E100080074F0A4CB28007490A4CB240161D
:203B1C000010020980074F0A4CB28007490A4CB2810E430080074F0A4CB28007490A4CB230
:203B3C00810E400080074F0A4CB28007490A4CB22016EFFF420980074F0A4CB28007490ABD
:203B5C004CB240160200020980074F0A4CB280074F045EB280070FEC5EB21D0E01008007DB
:203B7C000F0C5EB2400E100080074F0C5EB28007090A4CB2220600E05C5B4209810E10006D
:203B9C0080070F0A4CB28007090A4CB240160010020980070F0A4CB28007090A4CB2810E9D
:203BBC00430080070F0A4CB28007090A4CB2810E400080070F0A4CB28007090A4CB2201635
:203BDC00EFFF420980070F0A4CB28007090A4CB240160200020980070F0A4CB280074F047F
:203BFC005EB280070FEC5EB280FFF20240067F002B066705F8FFCBA700002B066905F8FF33
:203C1C00CBA700002B066505F8FFCBA700002B066305F8FFCBA700002B066605F8FFCBBFF3
:203C3C0000002B066805F8FFCBBF00002B066405F8FFCBBF00002B066205F8FFCBBF000015
:203C5C007F002B066605F8FFCB3F00002B066805F8FFCB3F00002B066405F8FFCB3F0000F2
:203C7C002B066205F8FFCB3F00002B066705F8FFCBA700002B066905F8FFCBA700002B0650
:203C9C006505F8FFCBA700002B066305F8FFCBA700008007890860E42B06A498E0FD6B0F13
:203CBC0001001F007F008007E17006E0DC0007D008C8D9003B06CD98E0FD00EA80074908EA
:203CDC0060E4880AC90520EE8200E52D1C0600FCC90520EE8300852D2B06C698E0FD6BCFAD
:203CFC0000002B06BC98E0FD6BD701002B06C498E0FD6BE700000D0A2B06CC98E0FD4B0F64
:203D1C0000001C0680FFD105010A5B0F0000C505020A5B0F000080FFA001010A2B06CF9898
:203D3C00E0FD4B0F00001D504006FF708007E17006E0DC0007D008C8D9003B06CD98E0FD71
:203D5C0000EA8007490860E4880AC90520EE8200D52D1C0600FCC90520EE8300F5252B0687
:203D7C00C698E0FD6BCF00002B06BC98E0FD6BD701002B06C498E0FD6BE700000D0A2B0609
:203D9C00CC98E0FD4B0F00001C0680FFD105010A5B0F0000C505020A5B0F000080FF1A01A6
:203DBC002B06CF98E0FD4B0700001D504006FF708007E17006E0DC0007D008C8D9003B06A3
:203DDC00CD98E0FD00EA1C0600FCC90520EE830085752B06CA98E0FD6BCF00002B06C898E9
:203DFC00E0FD6B0700002B06C098E0FD6BD701002B06C498E0FD6BE700002B06CE98E0FD7F
:203E1C004B0700000C0A2B06CC98E0FD4B0F00001C0680FFC1055B070000C505020A5B0F49
:203E3C0000008007490860E4880A99458007490860E4840AE1058007490A60E4840AE915A0
:203E5C008007490A60E4810AE1058007490A60E4820AC90520568500D52D8007490860E426
:203E7C00880AF1ED80FF5200C5258007490860E4870AA91D8007490A60E41B12420980076B
:203E9C004F0A60E48007C90960E4810E04008007CF0960E48007490860E4810E0400800760
:203EBC004F0860E4E50520EE8600B50580FF0A001D504006FF708007490860E4810E0200BB
:203EDC0080074F0860E47F008007490860E4810E080080074F0860E47F007F00FA4760F1C0
:203EFC00E1D74000231EFCFF63D70100E0D74000F1DF4000F0E74000E6EF4000E7F74000E6
:203F1C00FA4760F13E06CD98E0FD3D06CC98E0FD8007C9E160E482E2F905800749E260E41C
:203F3C0082E2E10775028007C9E160E481E2F905800749E260E481E2E1075F028007C9E1F9
:203F5C0060E485E2896D800749E260E485E2B9659DE701006DE2BA2D800749E260E417DA87
:203F7C005BE180074FE260E4800749E060E49CE6080080074FE060E4A5050000800749E219
:203F9C0060E484E2B9FD800749E260E420DEEFFF5BE180074FE260E4800749E260E417DAA4
:203FBC005BE180074FE260E48007EE019DE701006CE2EA07E501800749E260E417DA5BE16A
:203FDC0080074FE260E4800749E060E49CE6080080074FE060E4800709E460E41CD89B000A
:203FFC00A5050000800749E260E484E2B9FD800749E260E420D6EFFF5AE180074FE260E4D8
:20401C00800749E260E417D25AE180074FE260E4800786019DE701006DE2FA4560E061E2CA
:20403C00C20560E062E2BA1D800749E260E41BDA5BE180074FE260E48007C9E160E41BDAB5
:20405C005BE18007CFE160E48007C9E160E49CE608008007CFE160E480073E0160E067E2C4
:20407C00EA073701800749E260E420DEEFFF5BE180074FE260E4800749E260E417DA5BE1BE
:20409C0080074FE260E48007C9E160E417DA5BE18007CFE160E48007C9E160E49CE60400F0
:2040BC008007CFE160E4857D9DE701006CE2CA7560E0E0E1C20560E062E2AA1D800749E290
:2040DC0060E41BDA5BE180074FE260E48007C9E160E41BDA5BE18007CFE160E48007C9E101
:2040FC0060E49CE608008007CFE160E4D55560E06EE2CA15800749E260E41BDA5BE1800714
:20411C004FE260E48007C9E160E41BDA5BE18007CFE160E403E280E3F53D60E06BE2CA3DDF
:20413C00800709E160E420DEDFFF5BE180070FE160E4800709E160E420DEEFFF5BE1800777
:20415C000FE160E4800709E160E417DA5BE180070FE160E4800749E260E420DEEFFF5BE154
:20417C0080074FE260E4800749E260E417DA5BE180074FE260E48007C9E160E417DA5BE166
:20419C008007CFE160E48007C9E160E49CE604008007CFE160E4FA6760F1FE3F2000FD37CF
:2041BC002000FC872000FB8F2000E0076001FA07200023D70100231E0400FA0F2000FA6743
:2041DC0060F1E0074801F94760F1E6CF4000E7D74000F94760D13E06CD98E0FD3D06C49828
:2041FC00E0FD3C06C698E0FD3B06BC98E0FD3906CC98E0FD99D701006DD28A4D60D061D26D
:20421C00BA0DFDD70100C1D29A008007CFD360E405D280D3C57D60D062D2FA0DFDD70100A0
:20423C00DAD6000387D29AD6F0009A008007CFD360E404D280D3B56D60D064D2BA0DFDD7A3
:20425C0001009A009A008007CFD360E405D280D3E55D60D065D2BA5DFCD70100E0D1B2156A
:20427C003BD701009AD701008007CFD360E43BD7010041D27BD70100FCD701005FD27CD75F
:20429C000000D54506D280D3A54599D701006CD2EA3D60D0E0D1DA0DFDD70100C1D29AD65D
:2042BC0001009A008007CFD360E408D280D3F52D60D062D2FA0DFDD70100DAD6000387D23F
:2042DC009AD6F0009A008007CFD360E404D280D3E51D60D064D2BA0DFDD701009A009A00FA
:2042FC008007CFD360E40ED280D3951560D063D2EA0DFDD70100DAD6000387D29AD6F100BA
:20431C009A008007CFD360E408D280D3F96760D1FA3F2000F9372000F96760F1E007480132
:20433C00FC4760F1E6E74000E7EF4000FC4760E93E06CD98E0FD60E866EADA253D06CF9857
:20435C00E0FD9DEF010061EACA15800749EA60E417E25CE980074FEA60E4800749E860E471
:20437C009DEE080080074FE860E407EA80EBF52D800749EA60E420E6BFFF5CE980074FEA47
:20439C0060E4D52560E86EEAAA25800749EA60E41BE25CE980074FEA60E48007C9E960E493
:2043BC009DEE04008007CFE960E4800749E860E49DEE040080074FE860E4800749EA60E444
:2043DC0020E6BFFF5CE980074FEA60E4FC6760E9FD3F2000FC372000FC6760F1E007480175
:2043FC00F84760F1E6C74000E7CF4000F84760C93E06C098E0FD3C06CD98E0FD3D06C89826
:20441C00E0FD3A06CA98E0FD9CDF010068DA8A45FADF010062DAD205FADF010061DA9A0DEE
:20443C00800709D960E49BDE400080070FD960E4FADF010061DA9A1D800709D960E49BDE55
:20445C00200080070FD960E4800709D960E49BDE100080070FD960E4800709D960E49BDE5E
:20447C00080080070FD960E4800709CC60E419D89B00FACF010061CAEA050ACA5CCF000056
:20449C008007380109CA5CCF000080072E019CDF010069DACA65FADF0100FDCF0100FBC933
:2044BC00E9071901FDC701001BCEFDFFF8C98A1D800709C960E499CE400080070FC960E4DD
:2044DC0000CD800709C460E459C7000000CD41CA01CDFDCF010041CA7DCF0000E56DFDC75B
:2044FC0001001BCEFEFFF8C9BA2D800709C960E499CE200080070FC960E4800709C960E4AD
:20451C0099CE100080070FC960E4800709C960E499CE080080070FC960E400CD800709C495
:20453C0060E459C7000000CD41CA01CDFDCF010041CA7DCF00000ACA5CCF0000E53D00CD43
:20455C00800709C460E459C7000000CD41CA01CDFDCF010041CA7DCF0000F52D9CDF01001F
:20457C006ADABA2D800749DA60E417CA59D980074FDA60E4800749D860E49BDE080080070B
:20459C004FD860E400DD800709CC60E45BCF000000DD41DA01DDFDDF010041DA7DDF0000C3
:2045BC00800709D960E420CEBFFF59D980070FD960E40BDA5CDF0000F86760C9F93F2000A1
:2045DC00F8372000F86760F1E00748018007610040EE60FF200E15007D0F01017D070501C0
:2045FC007D070901020A7D0F0D017D071101040A7D0F15017D0719013D0F01012B06A498CC
:20461C00E0FD6B0F01001F0080FF3C0040067F00200E2A002B06000160FF6B0F01007F00A4
:20463C00200E15002B06000160FF6B0F0100400E60FF210F01012C06A498E0FD6C0F010069
:20465C001F007F007F008007610040EE60FF7D07A513200E3F007D0FB1137D07B913200E35
:20467C003F007D0FBD133D0F79102206FFFFFF0F42094016005002097D0F79109D07090EAE
:20469C00431C810E80009D070F0E431C9D07090E431C2206FFFF1F00DD1142099D070F0E17
:2046BC00431C3D0FA5132B06A498E0FD6B0F01001F00210601A5A5A580070F0C5EB2400E80
:2046DC00010080074F0C5EB2800749084AB2220600E05C5B4209810E100080074F084AB274
:2046FC00800749084AB2810E500080074F084AB2800749084AB2810E400080074F084AB294
:20471C0080074F045EB2210600A5A5A580070F0C5EB280FF480140067F00800721002B0665
:20473C00AD00F8FFCBA700002B06AC00F8FFCBBF0000BFFF0EE140063F00800721002B06DE
:20475C00AC00F8FFCB3F00002B06AD00F8FFCBA70000BFFF04E140063F0080072100BFFFBB
:20477C00BCFF400E60FF210FA5132C06A41360FF810E01006C0F010040063F00800721004C
:20479C00400E60FF210FA5131E122C06A41360FF42096C0F0100BFFFA4FF400E60FF210FEB
:2047BC00A5132C06A498E0FD6C0F01001F0040063F00400E60FF210F7D102C067C1060FF33
:2047DC00810E80006C0F01007F00400E60FF210FB5132C06B41360FF810E01006C0F0100AA
:2047FC007F00400E60FF210FB5132C06B41360FF810E02006C0F01007F00400E60FF210FB8
:20481C00B5132C06B41360FF810E04006C0F01007F00400E60FF210FB5132C06B41360FFD1
:20483C00810E08006C0F01007F00400E60FF210FB5132C06B41360FF810E10006C0F0100B2
:20485C007F00400E60FF210FB5132C06B41360FF810E20006C0F01007F007F00231EFCFF5B
:20487C0063F70100E6F74000231EFCFF63F70100E7F74000231EFCFF63F7010023F701003D
:20489C00231E0400FE3F200023F70100231E0400FE37200023F70100231E0400E007480115
:2048BC007F008007610040EE60FF7D072519200E3F007D0F31197D073919200E3F007D0F14
:2048DC003D193D0F79182016FFF04209810E00057D0F79189D07090E471C810E04009D0713
:2048FC000F0E471C9D07090E471C2206FFFFFBFF42099D070F0E471C3D0F25192B06A49878
:20491C00E0FD6B0F01001F00210601A5A5A580070F0C5EB2400E010080074F0C5EB2800773
:20493C0009084AB2220600E05C5B4209810E100080070F084AB2800709084AB2810E500098
:20495C0080070F084AB2800709084AB2810E400080070F084AB280074F045EB2210600A5EE
:20497C00A5A580070F0C5EB280FF480140067F00800721002B06B300F8FFCBA700002B066C
:20499C00B200F8FFCBBF0000BFFFB8DE40063F00800721002B06B200F8FFCB3F00002B0632
:2049BC00B300F8FFCBA70000BFFFAEDE40063F0080072100BFFFBCFF400E60FF210F2519B4
:2049DC002C06241960FF810E01006C0F010040063F0080072100400E60FF210F25191E1269
:2049FC002C06241960FF42096C0F0100BFFFA4FF400E60FF210F25192C06A498E0FD6C0FC4
:204A1C0001001F0040063F00400E60FF210F7D182C067C1860FF810E04006C0F01007F00B0
:204A3C00400E60FF210F35192C06341960FF810E01006C0F01007F00400E60FF210F35199B
:204A5C002C06341960FF810E02006C0F01007F00400E60FF210F35192C06341960FF810E38
:204A7C0004006C0F01007F00400E60FF210F35192C06341960FF810E08006C0F01007F0080
:204A9C00400E60FF210F35192C06341960FF810E10006C0F01007F00400E60FF210F35192C
:204ABC002C06341960FF810E20006C0F01007F007F00231EFCFF63F70100E6F74000231EDE
:204ADC00FCFF63F70100E7F74000231EFCFF63F7010023F70100231E0400FE3F200023F7D8
:204AFC000100231E0400FE37200023F70100231E0400E00748017F008007610040EE60FF7B
:204B1C007D07A51A200E3F007D0FB11A7D07B91A200E3F007D0FBD1A3D0F79182206FFFF48
:204B3C000FFF42094016500002097D0F79189D07090E471C810E20009D070F0E471C9D079D
:204B5C00090E471C2206FFFFDFFF42099D070F0E471C3D0FA51A2B06A498E0FD6B0F01007C
:204B7C001F00210601A5A5A580070F0C5EB2200E000480074F0C5EB28007890945B22206D5
:204B9C0000E05C5B4209810E100080078F0945B28007890945B2810E500080078F0945B25D
:204BBC008007890945B2810E400080078F0945B280074F045EB2210600A5A5A580070F0C42
:204BDC005EB280FF480140067F00800721002B06B900F8FFCBA700002B06B800F8FFCBBFB7
:204BFC000000BFFF5EDC40063F00800721002B06B800F8FFCB3F00002B06B900F8FFCBA737
:204C1C000000BFFF54DC40063F0080072100BFFFBCFF400E60FF210FA51A2C06A41A60FFF9
:204C3C00810E01006C0F010040063F0080072100400E60FF210FA51A1E122C06A41A60FF04
:204C5C0042096C0F0100BFFFA4FF400E60FF210FA51A2C06A498E0FD6C0F01001F00400648
:204C7C003F00400E60FF210F7D182C067C1860FF810E20006C0F01007F00400E60FF210FBB
:204C9C00B51A2C06B41A60FF810E01006C0F01007F00400E60FF210FB51A2C06B41A60FF34
:204CBC00810E02006C0F01007F00400E60FF210FB51A2C06B41A60FF810E04006C0F010032
:204CDC007F00400E60FF210FB51A2C06B41A60FF810E08006C0F01007F00400E60FF210FBF
:204CFC00B51A2C06B41A60FF810E10006C0F01007F00400E60FF210FB51A2C06B41A60FFC5
:204D1C00810E20006C0F01007F007F00231EFCFF63F70100E6F74000231EFCFF63F7010003
:204D3C00E7F74000231EFCFF63F7010023F70100231E0400FE3F200023F70100231E040085
:204D5C00FE37200023F70100231E0400E00748017F0006F07308850A018891007208850AB0
:204D7C00011082007208C10E1F00019893007308C10E1F00019092001108A209E009E707C9
:204D9C0083010208C52D047D0180C282CF810278C27AAF810178C27A0075CE792F7F0100DB
:204DBC00F37F8000707F0100007D0180C282CF814482207E2000B37930770100EF77C000E5
:204DDC00047D0180C282CF810278C27A90792F8701000E816F870100410A81001186FFFFC4
:204DFC00F009A6D5047D0180C282CF810278C27AAF810178C27A0075CE792F7F0100F37F15
:204E1C008000707F0100F299A33D007D0180C282CF814482207E2000B37930770100EF774B
:204E3C00C000047D0180C282CF810278C27A90792F8701000E816F8701001370B2715F728D
:204E5C00047D0180C282CF810278C27A90792F870100EE87C0006F8701001370B2715F7287
:204E7C00047D0180C282CF810278C27A90792F870100EE8780006F870100C55D007D0180FE
:204E9C00C282CF814482207E2000B37930770100EF77C000047D0180C282CF810278C27A98
:204EBC0090792F8701000E816F870100047D0180C282CF810278C27A9079447A0075018087
:204EDC00C282CE8144823087010020761F00B271EE87C0006F87010020761F00B271D37185
:204EFC00047D0180C282CF810278C27AAF81107E040030870500EE8780006F870100A51D1E
:204F1C00040D0280C282007DCF8130870100207E1F00B279EF87C00061870100207E1F0055
:204F3C00B279D3790485300F0100EF0F8000700F01007F0006F07308850A01788F00720816
:204F5C00850A018891007208C10E1F00019893007308C10E1F00019092000F08B109E009B2
:204F7C00E70765021108A56520762000B37100850110C212C28130170100EE17C000701782
:204F9C00010020762000B37100850110C212C28130170100EE17800070170100048501107E
:204FBC00C212D0111180C282B01122770100F377C00000850110C212C281301701000E11B2
:204FDC007017010000850110C212D0110286040022170500F3178000701701000085011070
:204FFC00C212D0110286040022170500F317C0007017010004850110C212D0111180C282A0
:20501C00B01120862000B38122770100F077800000850110C212D011028604002217050023
:20503C000E1170170100410A81000F16FFFFE209C69D20762000B37100850110C212C281E9
:20505C0030170100EE17C0007017010020762000B37100850110C212C28130170100EE17CB
:20507C0080007017010004850110C212D0111180C282B01122770100F377C00000850110CD
:20509C00C212C281301701000E1170170100F299D33D1276010000850110C212D0110286F7
:2050BC00040022170500EE178000701701001276010000850110C212D011028604002217EC
:2050DC000500EE17C0007017010004750180C282CE811170C27290712E7701001380B281B3
:2050FC005F82F077C21020861F00B281F017800000750180C282CE8110760400308705002C
:20511C0002816E870100800742011276010000850110C212D0110286040022170500EE178D
:20513C008000701701001276010000850110C212D0110286040022170500EE17C000701761
:20515C00010004850110C212D0111180C282B01120862000B38122770100F077800000854D
:20517C000110C212D01102860400221705000E117017010004750180C282CE811170C2729A
:20519C00907144722E7701001280B3814182206E20008D81F077C2101280B38141822076F9
:2051BC0020008E81F0178000F317C00000750180C282CE81107604003087050002816E870C
:2051DC000100B5451110C2120085D0112217010012860100F017820812160100E20FC0001F
:2051FC001110C2120075CE112217010020762000B371EE17C28020162000B311E2878000EC
:20521C00046D2D6F01001270B3714172206620008C71EE6FC2101270B3714172206E200032
:20523C008D71EE178000F317C000006D1170C272CD716E0701001170C272006DCD71026865
:20525C00016910696E6F01007F00061082002106D098E0FD07989300419F00004117010083
:20527C007F008207E1103C06301DE0FD3B06B40CE0FD00EA8535FDF60C00DCF102F56408FC
:20529C00E009F225FD360C00DC3180FFE000FDF60C00DCF102F56030FDF60C00DCF102F531
:2052BC001B48003DFDF60C00C6360700DCF16240833A63EF010080FF60021B30003A2046E5
:2052DC00400080FF6285FDF60C00DCF102F5840341EA9D002106D098E0FD810F0100E1E933
:2052FC00B1CD4206FF108207E1F006D89B0007D008C0980009C83C068C0EE0FD830F010096
:20531C00FB0FD020430F0000230F0100FA0FB6F0630F010000EA9525FDF60C00DCF102F569
:20533C00230F01000015E111EA152B06B00CE0FD6BCF0100FD360C00DC3180FF1201FDF642
:20535C000C00DCF102F56408410A840B1B301A3880FFFA0141EA9D002106D198E0FD810F3F
:20537C000100E1E9A1DD4206FFF08A07E10006E00092009AA307CF90000000EAA5653C17BD
:20539C0009001D08C50AC209C1C71C00A2253CF705001D08C30A0415C2093C3709001DF027
:2053BC00C5F2C6F10815A10709800000E2175294F28772941D08C50AC609A1078980000043
:2053DC00F0977E94F1975494A307CF900000F50D3CF705001D08C30A0415C209A10709904E
:2053FC000000F1975494A307CF9000003C1709001DF0C5F2C2F17008630F04003C170900FB
:20541C001DF0C5F2C2F17108630F06002106B40CE0FD630F0100230E0C00630F09002336C0
:20543C000000BFFF12FB3CF7050004151D08C30A009A0092C209A1070F90000041EA9D003C
:20545C00FC0F0100E1E9C19D4A06FF008A07E10006E00092009AA307CF90000000EAE555FC
:20547C003C1709001DF0C5F2C2F17008630F04003C1709001DF0C5F2C2F17108630F06008B
:20549C002106B00CE0FD210F0100630F0100230E0C00630F090023360000BFFFB8F83C17BA
:2054BC0009001D08C50AC209C1C71C00F21D3CF7050004151D08C30AA307C9900000C20944
:2054DC00F19752943C3709001DF0C5F2C6F1BE0789800000F09774940815E2175284F0977B
:2054FC007094A1070F900000F50DA307C99000003CF70500F197529404151D08C30AC209C4
:20551C00A1070F90000041EA9D00FC0F0100E1E981AD4A06FF008607E17006C8990007E8D9
:20553C0008E09C0009D883D7250043E7090043D7080063EF050063DF01000232233E0000E7
:20555C0081FFCE368A004606FF700608810007107F0006F00708081009989300070D0315C4
:20557C00889B7F008007E1FF06E81FAA00A200E200C200CA00D200B23DF70D00000DE00984
:20559C00E207610100B23D0F0100610AE207430101D23DF70D0000F56C08610ACA153DDF2A
:2055BC000D004CDA3DF70D0000F5000D7B0F01003DF70D00000D7B0F09007B0704007DDF0B
:2055DC000D00A50500D261D2D2E53DF70D0000F51D30000DE1C760F90AA0E0A1AA0D3DF795
:2055FC000D0000F573C03DF70D0000F502E4B50D61A29A0D3DF70D0000F575C03DF70D0026
:20561C0000F504E41C0602FFA21D1C0603FFF215E0C1BA0501CAC50518A8F50000CA010A05
:20563C007D0F01003DF70D000214000D9C11C412C209010D3DF70D0082E4E54501D23DF729
:20565C000D00040DE0099A0D7D0701001D3080FFF40000CA00D2E5353D0F0D0001DEF4FF5A
:20567C001C0602FF8A0D3BF7010002E43BF7010073C0F5053BF7010004E43BF7010075C058
:20569C001C0602FFE21D1C0603FFB21D00D201CA010A7D0F01003B1704003B0F01009C1156
:2056BC00C412C2097B0F01007BE704007DDF0D00E0C1BA0501CAE50500CA18A8F500A50595
:2056DC0001D261D2D2BD61CAF207C9FED5353D0F1100010654FF8A357D07010001B2C52D84
:2056FC003D0F1100E009822D00BA00BA95253D17050017F0C3F2C2F1000D3D171100E1113F
:20571C00DA151D3080FF3E003D1705001708C30A3DF70D00C209210F0500010D3DF70D009F
:20573C0082047D07110001B2F50541BA97009D0F0900E1B9D1DD61B2F20741FE1550400600
:20575C00FFFF06F0000A851D0110EC174002069DD311620701000110EC174002069DD31169
:20577C00620704000110EC174002069DD31162070900410A8100630A81ED7F008007610043
:20579C0006E81D30BFFFBEFF7D0701007D070D007D07050040067F008007E17006E807C83E
:2057BC003B0660897F003DE70100E0E1B2151D301938FCC760F90AD062D2CA0D1D301B3E32
:2057DC000400FCC760F91D301B383D0F0100E1C760F94006FF708007E11006E0000020DE8E
:2057FC00200000001CE8E0E9B20D7D0701001D36040080FFE803010A5D0F1C00A50500005E
:20581C001D504006FF10800761002036200080FFAC040AE8E0E9A20D7D0701001D360400D7
:20583C0080FFBA035D071C00A50500001D5040067F008007E1F706B007C008D809D016E029
:20585C0000CA00000000000080FF662A3CBF01001630183880FF0202180817095B09FB0996
:20587C00BA0D18E817E93C0F01003B1042097C0F010000D2C515E0D1F20D00001C36040025
:20589C00403E00011B394016000402391A4080FF123100EAC5053CEF010001CA80FF2A2AEA
:2058BC000AA8E0D1C225E0A9CA05E0070001A505000080FF9C3C0AE81D089A0AC11580FF31
:2058DC00300B3CEF01001B085D09FB098A0D3C0F01003B1042097C0F0100A505000080FF8A
:2058FC00280B01CA2106FFFFFF0041E9000000001D504006FFF78407E1FF6337050007D0B6
:20591C0008B009A823CF350023E7050000DA00C2000000000000000080FF96293CBF0100F6
:20593C0017301A38154080FF4C020AA0E0A1D20D17E800CAE0B1820D3C0F01003A104209BC
:20595C007C0F0100E51DD51DE0C9CA0517E801C2851DE0B1D205400E000101D9A505000094
:20597C00E0A9D205400E000401D9A50500001C3604001A381B39194080FF283000EA0000BF
:20599C0080FF462963570100E0C9C22D235F0100E059CA05E0070001A505000080FFB23B21
:2059BC000AE81D089A0AA11D80FF460A3CEF01001D301A38154080FFBC01E051B20DE0B1A6
:2059DC00820D3C0F01003A1042097C0F0100B505A505000001C280FF300A2106FFFFFF00AB
:2059FC0041E9000000001D504406FFFF8007E13006D807D01BE80000000080FFF4090000E0
:205A1C003DE701003D0F01003A1042097D0F010080FFF6091C504006FF308007E11006E019
:205A3C0007D8000026067A5B80001C381B40004A80FF4E490AE81D504006FF10069012F08F
:205A5C00E50F4000E00760010110009D0208E12F200013507F008207E1FF06A0633F010032
:205A7C0000CA14E800DA000000001DC6040018AE080080FF3C28000038D70D003D0F010069
:205A9C00235F01000B097D0F0100F52D3AB705003AE7010000DA400E00FF1CB841B9210670
:205ABC00FFFFFF0041E117089B0A810D3D0F01005C09B20501DA850DF5053D0F01005C09D7
:205ADC00FC09AA0501DAE0D9F20D1708990AB9051CC9A50500003D3F01001A304016000235
:205AFC00023980FFCC3016D0F5D19AD53D0F0100391042097D0F010080FFCE273D57010042
:205B1C004206FFFF8007E11006D81BE800001DE6040080FF9C270000850D00003C370D006F
:205B3C00403E000280FF8A303C0F0100E009EBF580FF96279D0F1D00E009DA051D3080FFE2
:205B5C00A802A50500004006FF108007E10006E807E01D301C38BFFF00FF4006FF00800719
:205B7C00E10006E807E01D301C38BFFF82FE4006FF00069807100890000AE091FA050288DE
:205B9C005389B205010A950D850D02885389E289BA05010AA505000001507F008007E1306A
:205BBC0006E007D808D000002606665B80001C381B401A4880FFCA470AE81D504006FF304A
:205BDC00061002F0E011BA05000AA5050C0D01507F0006F007080D0D7F0006F01E0E08008C
:205BFC00030D00001F0A050D1E0E0800070D1E0E0800090D0105000000007F0006F0090523
:205C1C00000000007F000610070822F705000000000061F70500049D619F09000000049DFE
:205C3C00730F0500050D61171100229F0100419A629F01007F00061007F0009D000000005E
:205C5C007F9ACA05220F1100C50D020E0800B505210F05002197050032970100F39193FD8A
:205C7C00219705000395029572F70900050D61F705000915229701004192629701007F0017
:205C9C0006F0080D0215049D629F09000415029D629F0500000021170500FE11DA05041519
:205CBC0061170500A50500000905211701005F1261170100215701007F008207E1FF06E029
:205CDC003D06801EE0FD38063CF0E0FD350640F0E0FD340638F0E0FD00CA80FFD425340F97
:205CFC000100E009CA0580FFC201A5050000E0E1E30DDC0E03000C1202B0A1B11F0AB6093B
:205D1C00E1E1BB05D6E1C50500E2A50500001C08C10AC15DE0E1935D380F0100E1E1DB55E0
:205D3C003A0680C1E0FD3B0680C1E0FD3BDF0100C5051BD03BDF01003B0F0500FC09D9056D
:205D5C003B0F0100E009EAF5340F0100E1D9C23D3A0F010001CE08003B0F01007A0F010021
:205D7C003B0F0500BC090106EFFFF90D1CB8DBB900003B0F0500BC09770F05007BE705008A
:205D9C00173080FF9A01A5050000380F01003B170500A209780F0100350F01003817010075
:205DBC00E111E905380F0100750F0100A5050000DB3F07007B0701003E0644F0E0FD000D6A
:205DDC00410A010DC505B505A5050000000080FFF824E0C9CA0580FF1606A50500000000C8
:205DFC0019504206FFFF8007E13006D03D063CF0E0FD1AD8E0D1E22558DA1BE00000000047
:205E1C00DCFF0700E21D3C0F0100E0099A1DDCBF070080FF9C243C1705003E063CF0E0FD13
:205E3C00000DC209010D00001C3080FFF2003DF60C00000D410A010D80FF8E24B505A50569
:205E5C0000004006FF3021063CF0E0FD2A063CF0E0FD2A5701007F00210640F0E0FD2A06E3
:205E7C0040F0E0FD2A5701007F007F008007E11006E007D800EAE0E1E3051F0AFC0FFE0275
:205E9C00E1D98B151B30FC372202BFFF30FE0AE8E0E9820D1D301B40FC472202003A80FFEC
:205EBC0086791D504006FF10210680C1E0FD320638F0E0FD21860800209E00281010C20606
:205EDC000300F20543121C8A51110288B089B1990288618F0100610705001310D1115812EB
:205EFC001C0A41117217010032F70100030532F70100010511F00208BE09030D320F0100FE
:205F1C00010D020D2B0640F0E0FD6B0F0100020D2B063CF0E0FD6B0F01007F000608320606
:205F3C0038F0E0FD3E0680C1E0FDA50500F50015E111D1FD1E10029DC299E1998A0D029D92
:205F5C00218F0500D199039D1E08A50500000110219F0500008DC299F1999A1D329F0100C5
:205F7C00008DF389F20D008D219F0500318F0500D199619F0500009D339F0100619F010006
:205F9C00950D329F0100619F0100C505009D619F0100E1F1B205010DA50500007F008007C1
:205FBC00E1F006C03D0638F0E0FD00DA00D21FCA80FFFE223C0680C1E0FD3CE70100E0E16D
:205FDC00821D851541DA3C0F0500FA09B3053CD705003C0F0500F909B9053CCF05003CE7EB
:205FFC000100210638F0E0FD210F0100E1E1BAED80FFD62278D7050078CF090078DF0D003F
:20601C0080FFEE033D0F0500780F01003D0F0D00780F15003D0F1100780F19003D0F0900D4
:20603C00780F110080FFE2034006FFF006F00708081033067C618000019D5CF201155CF210
:20605C00330607070707019D5CF2330608080808019D5CF2330609090909019D5CF233061C
:20607C0010101010019D5CF2330611111111019D5CF2330612121212019D5CF233061313A3
:20609C001313019D5CF2330614141414019D5CF2330615151515019D5CF233061616161653
:2060BC00019D5CF2330617171717019D5CF2330618181818019D5CF2330619191919019D97
:2060DC005CF2330601010101019D5CF2330602020202019D5CF233060080F103019D5CF267
:2060FC001E9A4199019D5CF2409E2200019D5CF2330620202020019D5CF2330621212121B8
:20611C00019D5CF2330622222222019D5CF2330623232323019D5CF2330624242424019DB2
:20613C005CF2330625252525019D5CF2330626262626019D5CF2330627272727019D5CF2BE
:20615C00330628282828019D5CF2330629292929019D5CF2330680C1E0FD019D1E507F00B3
:20617C00000A0000E0076001E009F2FD7F00260688F0E0FD263F0100271F0100F46760F180
:20619C00E6676041E8372000E7172000E61F2000E1676011E667609940062000E0074A01DC
:2061BC007F00800761003D064CF0E0FDBFFF46442B064CF0E0FD6B070100BFFFB4FF80FF0B
:2061DC003C27BFFF9EFF005240067F000000850580072100E6476099E1476011E137400085
:2061FC00E03F4000E6474000E6476041F44760F1220688F0E0FD22370100661F0100E08799
:20621C00600180FFF826E0076001220688F0E0FD22370100261F0100F46760F1E667604165
:20623C00E8372000E7072000E60F2000E1676011E667609940062000E00748017F00800745
:20625C002100E6476099E1476011E1374000E03F4000E6474000E6476041F44760F122069C
:20627C0088F0E0FD22370100661F0100E087600180FF2E2480FF8626E0076001220688F021
:20629C00E0FD22370100261F0100F46760F1E6676041E8372000E7072000E60F2000E16721
:2062BC006011E667609940062000E00748017F0006087F0080072100E6476099E147601102
:2062DC00E1374000E03F4000E6474000E6476041260650F0E0FD263F0100603ABA0D220678
:2062FC0088F0E0FD22170100621F010023060000E1FD413A663F0100ED374000E08760011D
:20631C00BFFFB0FFE0076001260650F0E0FD263F01005F3A663F0100603A8A2D260654F0FD
:20633C00E0FD263F0100603AA21D66070100220688F0E0FD22170100221F0100F44760F1B2
:20635C00621F010080FFB625220688F0E0FD22170100221F0100F46760F1850D220688F06E
:20637C00E0FD22170100221F0100E6676041E8372000E7072000E60F2000E1676011E66752
:20639C00609940062000E00748017F007F0006F0071008982106801EE0FD320688E9E0FD7F
:2063BC0001952106FCE9E0FD620F0100200E8000730F01007F0006F0071008982106801EAE
:2063DC00E0FD3206FCEBE0FD0195210670ECE0FD620F0100200E8000730F01007F003E066C
:2063FC00801EE0FD000D410A010D7F007F0021064CF0E0FDE00760013E064CF0E0FD000DB0
:20641C00410A010D7F0021064CF0E0FD0000211701005F1261170100210F0100E009BA054C
:20643C00E08760017F008007E13006D807D001E21BE80000E0E9F24D3D0F3D00610AB14DCC
:20645C003D173D001F0AE20FFE023D174100E209A145BFFF9CFF3D0F41003D173D00E20FA7
:20647C0022023D170100C2097D0F09007D0739003D0F01007D0F05003D173D003D0F41006E
:20649C005F12E20F22023D170100C2097D0F0D001F0A5D0F44001F0A5D0F4500E0D18A159E
:2064BC003D0F1100E009B20D1D36100080FFC625E051C205E0070001B50DA50D950D1D36A5
:2064DC001000BFFF18F71D362400BFFF10F7BFFF38FFA50500E200001C504006FF3082079C
:2064FC00E1F106D007E008D809C883BF250000EA0000E0D1C31DE0C9A21DE0D9B205E0E1C5
:20651C00E215E0D9BA05E0E1AA1520C650000000000019E8010A5D0F46001A301C381B4083
:20653C00174863EF010080FF7600B505000000001D504206FFF18207E1F006E007D008C05A
:20655C00980000EAE0E1E3251F0AFC0FFE02FA0991251C08FA0F220201065000B11D1AC88F
:20657C00FCCF220219365000BFFF52F70AE8E0E9F20D1DD81BDE50005D0746001C301A382A
:20659C001B40184863EF010080FF1400D5050000B505000000001D504206FFF08007E1702E
:2065BC0006D807E008D009C8990023EF19000000E0E1CA057DEF0100B5057DD701007DDF25
:2065DC003D007DE741001D30013ABFFF5CFE5DCF4C0000004006FF708007610006E8E0E951
:2065FC00F20D7D0709007D0701007D070D0000001D30003A0042004A80FF9E01A505000002
:20661C0040067F008007E13006E09C0001DA00D21C400132003ABFFF20FF0AE81D30BFFF2F
:20663C00BAFF1D504006FF308207E17006E09C0007D801D200CA00001B4863E701000132EA
:20665C00003A0042BFFF9AFE0AE81D30BFFF8CFF1D504206FF708007E11006D81BE000004F
:20667C00BFFF8EFD3C0F0100E009CA053CEF0900A50500EABFFF92FD1D504006FF1006F0E4
:20669C000000000DE009BA05040DA505000A01507F008007E10006E01CE8000080FF442A55
:2066BC003D0F0900EA09DA1500003D0F0D005F0A7D0F0D003D0F0D00E0098A0D1D30003ACC
:2066DC000042004A80FFD200A5050000010AB505000A000001504006FF008007E13006D83C
:2066FC0007D01BE80000000080FFF8293D0F0900EA098A0D3D0F0D00410A7D0F0D0001E205
:20671C00F50D1D301A3880FFE0030AE0E0E1F2053D0F0D00410A7D0F0D00A50500001C5065
:20673C004006FF308207E13006E007D808D000EAE0E1B215FCD99B151C301A48020A630F6E
:20675C000100003A0042BFFF98FD0AE8E0E9C2057DDF3900C505B505000000001D504206FD
:20677C00FF308007E11006E007D800EAE0E1F20DFCD9DB0D1C30003A0242BFFFBCFD0AE8F7
:20679C00E0E9C2057DDF3900C505B505000000001D504006FF108607E1F006C807C06347D5
:2067BC00010009D800E219E800000000000000000000BFFF3CFC3D0F3D003D173900E111FA
:2067DC00B10562DA8A2500001D3018381B4080FF02070AD03D0F2500E009B20D1D36240012
:2067FC0080FF9222E051C205E0070001850DF505E0D1C205E0070001A5050000BFFF0AFC10
:20681C000152C555230F0100E009EA05BFFFFAFB00000052B54DE0E1FA052336040080FF41
:20683C00CA2401E2A5050000BFFFDEFB80FF821ABFFFBEFB1D0F44007F0ABA055D07440038
:20685C001D0F45007F0ABA055D074500BFFFBAFB23360400233E000080FFAC24E051DA1D12
:20687C001D3080FF3008E051A21500001D361000233F010080FF02211D3080FF600780FFF6
:20689C00481AE051AA15E0070001F50D1D3080FF4C0780FF341A950D1D3080FF400780FF80
:2068BC00281A00000052A505D5854606FFF08007E1F706B807B008D809D017E8000000005D
:2068DC000000BFFFCAFAE50F4000E007600101C83D0F3D003D173900E111B10562D2DA2DDC
:2068FC001DE745003DAF390000001D3016381A4080FFE0057FE2DA153D0F2500E009F20D0C
:20691C001D36240080FF6E21E051820DE0D9D205010A7B0F0100C505B505A5050000B50D00
:20693C0080FF8C1B0AC0F8E1D9051C0E01005D0F450000000112B505000000121908E12FA8
:20695C00200002504006FFF78007E1F106B807D017E8000000000000BFFF34FAE50F400060
:20697C00E007600101C83DDF39003D0F3D00E1D9992D1DE7450000001B0E01007D0F390054
:20699C007FE2CA153D0F2500E009F20D1D36240080FFE220E051820DE0D1D205010A7A0F6E
:2069BC000100E50DD50DC50DB50D80FF021B0AC0F8E1D9051C0E01005D0F45000000011246
:2069DC00B505000000121908E12F200002504006FFF18607E17006D007C86347010000E2E6
:2069FC001AE80000000000000000BFFF04FA3DDF3900E0D9D31D1D30193880FF9805000005
:206A1C001B0EFFFF7D0F39003D0F1100E009B20D1D36100080FF5E20E051C205E007000129
:206A3C00B505A5050000BFFFE0F90152B55D230F0100E009EA05BFFFD0F900000052A555FC
:206A5C00E0E1FA052336040080FFA02201E2A5050000BFFFB4F980FF5818BFFF94F91D0F5E
:206A7C0044007F0ABA055D0744001D0F45007F0ABA055D074500BFFF90F923360400233E5F
:206A9C00000080FF8222E051EA1D1D3080FFCE05E051B21500001D362400233F010080FF8F
:206ABC00D81E1D3080FF360580FF1E18E051CA05E0070001E515D5151D3080FF200580FFCC
:206ADC000818F50D1D3080FF140580FFFC171D3080FF8A05E051C20500000052B5050000A2
:206AFC00D5854606FF708607E1F006C0633F010000E218E800DA0000000000000000BFFF24
:206B1C00F0F83DD73900E0D1B32500001A0EFFFF7D0F39003D0F0100E009EA0580FF522A90
:206B3C007D570900A50500003D0F1100E009B20D1D36100080FF3E1FE051C205E00700018E
:206B5C00B505A5050000BFFFC0F80152A57D230F0100E009EA05BFFFB0F8000000529575FD
:206B7C00E0E1FA052336040080FF802101E2A5050000BFFF94F880FF3817BFFF74F81D0FC1
:206B9C0044007F0ABA055D0744001D0F45007F0ABA055D074500BFFF70F823360400233E5F
:206BBC00000080FF6221E051DA2D1D3080FFAE04E051A22500003D0F0100E009BA0DBFFF4E
:206BDC0030F83D37090080FF52250AD8BFFF3AF8A50500001D362400233F010080FF9A1D72
:206BFC001D3080FFF80380FFE016E051CA05E0070001D525C5251D3080FFE20380FFCA1661
:206C1C00E51D1D3080FFD60380FFBE161D3080FF4C04E051B215E0D9E20DBFFFD4F71D30CC
:206C3C0080FF94020AC83D370900193880FFB426BFFFD6F700000052C5050000BF07C2FEFD
:206C5C004606FFF08607E1F006C807C06347010000E219E80000000000000000BFFF92F715
:206C7C003DD73900E0D1D31D3DDF0D001D30183880FF220300007DDF0D003D0F2500E009DD
:206C9C00B20D1D36240080FFEC1DE051C205E0070001B505A5050000BFFF6EF70152B55D4E
:206CBC00230F0100E009EA05BFFF5EF700000052A555E0E1FA052336040080FF2E2001E281
:206CDC00A5050000BFFF42F780FFE615BFFF22F71D0F44007F0ABA055D0744001D0F4500D5
:206CFC007F0ABA055D074500BFFF1EF723360400233E000080FF1020E051EA1D1D3080FF43
:206D1C005C03E051B21500001D362400233F010080FF661C1D3080FFC40280FFAC15E05122
:206D3C00CA05E0070001E515D5151D3080FFAE0280FF9615F50D1D3080FFA20280FF8A1566
:206D5C001D3080FF1803E051C20500000052B5050000D5854606FFF08007E1F306B807B0C7
:206D7C0008D017E800000000BFFF24F6E50F4000E007600101C83DDF3900E0D9D32D1DE7F1
:206D9C00440000001D30163880FF0A021B0EFFFF7D0F39007FE2CA153D0F1100E009F20DFC
:206DBC001D36100080FFCE1CE051820DE0D1D205010A7A0F0100E50DD50DC50DB50D80FF27
:206DDC00EE160AC0F8E1D9051C0E01005D0F440000000112B505001200001908E12F200007
:206DFC0002504006FFF38007E17006D007C81AE8000000000000BFFF96F5E50F4000E0070A
:206E1C00600101E03D0F3900E009C30D00003DDF0D001D30193880FF7C017DDF0D00011297
:206E3C00B505001200001C08E12F200002504006FF708007E10006E00000BFFFB4F53CEF2F
:206E5C003900BFFFC4F51D504006FF008007E11006D81BE80000BFFF98F53D0F3D003D1733
:206E7C00390001E0A2E1BFFFA0F51C504006FF10061002F000001C0D01507F008007E100DC
:206E9C0006E01CE8000000009D0F4700E009DA051D30BFFF54EFA50500004006FF0006F0FE
:206EBC0024557F0006F00708250D7F0006F09E574D007F0006F0120DE009830D1815079AF5
:206EDC00221701001308A209A505000A01507F008007E17006E807D008C800DA3DE739006E
:206EFC003D0F4100E009EA0D3D0F0100E0099A0D3D37090080FF1E230AD87D070900B54586
:206F1C00A545E0C9BA1D3D3705001A383D47410080FF88693D0F05003D174100C2097D0FAE
:206F3C0005003D0F09003D170500E111E1053D0F01007D0F0500F525E5253D370D001A38D5
:206F5C003D47410080FF54693D0F0D003D174100A2097D0F0D003D0F01003D170D00E11142
:206F7C00990D3D0F09003D174100A2097D0F0D00A505000062CAEA05E0E1B3055FE2B505E8
:206F9C00A50500001C0E01007D0F39001B504006FF708007E10006E807E03D0F4100E00968
:206FBC00B21D3D0F0D003D174100C2097D0F0D003D0F09003D170D00E111E1053D0F0100B9
:206FDC007D0F0D00A50500003D3F0D001C303D47410080FFC6684006FF008007E11006E860
:206FFC00BFFF0EF41DE74500A5153D0F2500E009B20D1D36240080FF7C1AE051C20580FF96
:20701C009E1DB505A505D5055FE2BC00E0E1EFED1F0A5D0F4500BFFFF0F3BFFFD4F31DDFC5
:20703C004400B5153D0F1100E009E20D1D36100080FF421AE051C20580FF641DA505000011
:20705C005FDABB00A505B505E0D9DFED1F0A5D0F4400BFFFB4F34006FF108007E10006E056
:20707C00BFFF8EF33C0F3900E009BA0501EAA50500EABFFF94F31D504006FF00061002F00B
:20709C0000001C0DE009BA05010AA505000A01507F008007E10006E0BFFF56F33C0F3D0097
:2070BC003C173900E111BA0501EAA50500EABFFF58F31D504006FF00061002F000001E0D0A
:2070DC001C9DE199BA05010AA505000A01507F008007E13006E007D808D01CE8BFFF12F317
:2070FC001D0F44007F0ABA055D0744001D0F45007F0ABA055D074500BFFF0EF33D0F39006E
:20711C00E0098A0D1D3624001B381A4080FF0019A50500001D30BFFFC4FE4006FF3086079E
:20713C00E1F106E807D808C809C023BF2D0061CABA0501D2B50500D200000000E0D9AA053B
:20715C0001DA1D0E2500E1E9890D41EA1D362400BFFF6AEB0AE0A50500E2E0E1F20D63D763
:20717C0001001C301C3E24001D4063C705001B4863BF090080FFFE06A50500001C50460629
:20719C00FFF18607E1FF23DF390006C007E808B823B73D0009C823AF41001BD000000000E0
:2071BC000000E0E9AA0501EAE0B9B20503E2A50502E2000020A624000000E0C9C215E0D96A
:2071DC00A21563E701001A301938184063B705001D4863AF090080FF9C06DA0F1C000000D9
:2071FC001B08B505000A000001504606FFFF8007E10006E01CE800000000DDCF1C00DA05F8
:20721C001D30BFFFE4EBF5051D30003A2046240080FF14664006FF008607E1F006C018E80B
:20723C0000E200DA00D200003DCF2100BFFFC2F13D0F1100E009AA1D3D0F1500E009EA15B0
:20725C009D0F1D003D3F19003D4709003D4F0D0063DF050063D709001D30630F010080FFC5
:20727C0014067DCF2100000001E2BFFF9CF11C504606FFF00698070813F00000E009AA054E
:20729C00010A0415E209C905070D0112A505001202507F00069813F000000015000D0495E5
:2072BC00D2090295B2090095F2118AFD5F0A0495F209C1050495B209A505000001507F00D5
:2072DC008007E11006D81BE800001D3080FF88050AE01C504006FF108807E1F306B807B05D
:2072FC0008C0634F050017E800DA18E000D2000000003D0F090001D6FFFFDDC71C00920DC7
:20731C0044E20000FAE1C30563070500F505E505FAE1B3051AE0A5050000230F0500E009DE
:20733C00A2352336080080FF9219BFFFC4F01D30BFFF64FF0AD8FCD9B90D0032003A80FF87
:20735C009828000080FF9C1D7D571500C505BFFFB8F0A51DBFFFB2F00000230F0500003275
:20737C00003A0042004A630F010080FFD2227D07150023360800233E040080FF8A19E05193
:20739C00D2D5A5050000E0D9EA051D30BFFF08FF0AD8A50500001D30163818401B4863E79A
:2073BC00010080FFDA000AC8E0C9E31D00001D3080FFA4043D0F0D00E151D11580FFF20E78
:2073DC003D0F1100E009C20D3D371100003A0042004A6307010080FF32237D07110080FFDE
:2073FC00E80EC505B5050000000019504806FFF38407E1F706B807B008D009A817E81AE0F4
:20741C0000000000DDC71C00B20544E2A50500001D30BFFF82FE0AC81D3016381A40194856
:20743C0063E7010080FF58000AD8E0D9B3251D3080FF24043D0F0D00E151B11DE50F40001A
:20745C00E007600101C03D0F1100E009E20D3D371100003A004263070100004A63AF050005
:20747C0080FF34247D0711001808E12F2000B505A505000000001B504406FFF78207E1F0CB
:20749C0006E007C808E809D023C721003CDF0500DCC71C00921563EF01000000F8D1A10DF7
:2074BC001C30233E00001B48044280FFE2020AD8E50500EAC505FAE9FAEF36EBE0E9920D22
:2074DC001C3019381D401B4880FFC4027C5705001D504206FFF08207E1F306C807B808B0D0
:2074FC0009C019E000D200000000DCC71C00B20504DAA50500DAE0C1922DBFFFF4EE1C30B8
:20751C0080FF54030AE8FBE9BB0D0032003A80FFC826000080FFCC1B7C571100A50500000E
:20753C00BFFFE6EEFBE99B15000063C701000032003A0042004A80FF06217C0711001C3060
:20755C0080FF14030AE8E505D5051C3080FF08030AE8FBE983251C30173816401D4880FF9A
:20757C00FE000AD0E0D1E215000080FF440D390F1500E009C20D39371500003A0042004A3F
:20759C006307010080FF84217907150080FF3A0DC505B505000000001A504206FFF3820734
:2075BC00E11006D81BE80000DDC71C00D2151D3080FFA4020AE064E2C30D1D30233E000016
:2075DC003D4F0100044280FF2C02230F0100D5050000000AA505000A01504206FF10840711
:2075FC00E1F706C007B808B009A818E800E200000000DDC71C00B20504DAA50500DA1D30A1
:20761C0080FF54020AD0FBD1D3251D30173816401A4880FF4A000AE0E0E1B21DE50F400010
:20763C00E007600101C83D0F1500E009E20D3D371500003A004263070100004A63AF050013
:20765C0080FF54227D0715001908E12F2000B505A505000000001C504406FFF78207E1F1C4
:20767C0006E007B808C009D83CD70100DCC71C0092151C30233E00001A48044280FF7601DB
:20769C000AD023EF01005CDAF8E9B30500EAB505A50518E8FBE9FBEF36CBE0C9920D1C3061
:2076BC00173819401A4880FF4C017C57010019504206FFF1069813F000000015020DE209B3
:2076DC00BA05010AA505000A01507F008007E11006E01CD80000DBC71C00B20504EAA505E1
:2076FC0000EA1C30BFFFB0FBFD51BB05010AA505000A01504006FF108407E13006D807D00B
:20771C001BE80000E50F4000E007600101E03D0F1100E00982153D371100003A00426307A5
:20773C000100004A63D7050080FF6C217D0711000112A50500121C08E12F20000250440643
:20775C00FF308407E13006D807D01BE80000E50F4000E007600101E03D0F1500E00982154C
:20777C003D371500003A004263070100004A63D7050080FF22217D0715000112A5050012CA
:20779C001C08E12F200002504406FF308007E17006D807C808D009E800003B0F09001AE013
:2077BC00BD09FA09D9053B0F090001E0BDE100003B37190019381C40DD3180FFDE60FCD164
:2077DC00B30D00003B3719001938DC391A40BC4180FFC860A5050000DAE93B0F0900E1E954
:2077FC00D1053B0F0900A1E9A50500001D504006FF708007E17006D807C808D009E80000A0
:20781C003B0F09001AE0BD09FA09D9053B0F090001E0BDE1000000003B3F190019301C404E
:20783C00DD3980FF7660FCD1A30D1930DC313B3F19001A40BC4180FF6260A5050000DAE956
:20785C003B0F0900E1E9C1053B0F0900A1E91D504006FF7006F0020D0415C2090015A20981
:20787C000415E209C1050415A209A505000001507F008007E1F306E883CF250007E008D85D
:20789C0009D023BF290020C6550023B72D0000001D30003A2046240080FF8C5F7DE71900AE
:2078BC007DDF09007DD70D005DCF1C00000000004006FFF306F010557F0006F00708110D69
:2078DC007F0006F09E0F1D00C10E010001508A007F008A07E1F723AF3D0006C807C008B856
:2078FC0023E7410009B023DF45000000000020D6740000000000E0D9A225E0E182251BE8CC
:20791C001D30003A2046740080FF1C5F7DE73100020A5D0F710019301838174016480062C2
:20793C001D68237610001578031E1000EC47607980FF9C001D3080FF6201B50563071100B4
:20795C00235711004A06FFF78807E1F306D023BF350007C808D8DB0009C023B739001B3039
:20797C00C232BFFF58E30AE0E0E1D21520367400BFFF4AE30AE8E0E9A20D1D30003A204660
:20799C00740080FFA25E7DE73100E5051C30BFFF58E4A50500EAE0E9E2155D0771001A30A0
:2079BC0019381B40184800621D6816701778031E1000EC47607980FF16001D3080FFDC0029
:2079DC00010AA5051F0A01504806FFF38007E1FF23DF2D0006B007C823BF310008C023EF14
:2079FC00350009A823A739003D3731001840C242203EA50080FF305E3D173100180EFFFFC8
:207A1C00C20A01D0C2D11C0A41D100007DD74500E0C9821D00E295151C08D909010F00005F
:207A3C001DF63400DCF1800B1CF0D9F1000BE009AA05D505000041E26FE2F1ED5D07420040
:207A5C00A5050000000067DAB10506DAA50500007DDF2D007DDF55001D360400BFFFA0E10F
:207A7C001D361800BFFF98E17DEF1100070ABB097D0F19007DEF250000001A3016381540D3
:207A9C00BFFFACE57D570100E0B9C20577EF0100A50500004006FFFF8007E1F706E03D0669
:207ABC00841EE0FD3A0688F0E0FD3906DCEEE0FD360668F0E0FD350664F0E0FD380678F02D
:207ADC00E0FD37065CF0E0FDBFFF26E9370F0100410A770F01003A0F0100E009BA0D7AE706
:207AFC000100370F0100610ACA0580FF7213A5159515360F0100E009CA0D3AF701003C0FFD
:207B1C002D001615E111CB057AE70100B505A5050000380F0100410A780F0100380F010006
:207B3C007C0F4D000000350F01003C172D00E111D3053C0F2D00750F01003CF72C00FEF672
:207B5C001400D9F102DD7CDF09003B0F09007C0F0D003BF709001C0E0400030D1C0E040056
:207B7C007B0F09003C0F2C00E10E1400D9097C0F15003CF72C00FEF61400D9F1000D410AD1
:207B9C00010D00000000BFFF80E8360F0100E009C20D3AF701003C0F2D001615E111C90502
:207BBC00E0070001B505A50500004006FFF78007E13006D03D0658F0E0FD3B0688F0E0FDB5
:207BDC00BFFF2EE8E0D11AE0BA053BE701001C360400BFFFAEE000003C0F2900E009E20542
:207BFC001C361800BFFF9CE0A50500003E0678F0E0FD000D410A010D3B0F0100E1E18A1580
:207C1C001C3E04002606B4EEE0FDBFFFFCDF3E0658F0E0FD000D410A010D0000A50D3E06E1
:207C3C005CF0E0FD000D5F0A010D000080FF8614BFFFD6E73B0F0100E1E1C2051C3080FF48
:207C5C003C14210668F0E0FD210F0100E009A20D3B0F0100E1E1DA050000E0070001A50515
:207C7C0000004006FF308007E1F006D807C000E200000000000080FF38063A0660F0E0FD6A
:207C9C003AD701003B0F010018E8C1E93B0F0100E1D1A90D3B0F0100E1E9D905FAE9B30580
:207CBC0001E2B50DA50D3B0F0100E1E9B105FAE9B30501E2A50500007BEF0100E0E1820DA3
:207CDC0000001D30BA31003A80FF961FA505000080FFF6050AC8E0C9CA05E0070001A505E2
:207CFC0000001C504006FFF08007E10006E000EAE0E1D30D000080FFB80500001C30003A2C
:207D1C0080FF5E1F80FFC2050AE8A5050000E0E9CA05E0070001A50500004006FF00800773
:207D3C00E1F006C03D0670EEE0FD18E00000210688F0E0FD210F0100E1E1BA050012E535C0
:207D5C00BFFFAEE63CDF15003A0670EEE0FD3AD701003DCF0500BFFFB0E6FAD9B205F9D937
:207D7C00BA050212B5253D0E5800E1D9EA153C0F2900E0098A150312000AA50D1CF670008F
:207D9C00C1F16098619ABA0502128515410A610AE6F5C50D0212A50D3D0E4400E1D9B2058C
:207DBC00E0D9BA050412A505011202504006FFF08007E11006E0BFFF38E6E0E11CE8EA05E7
:207DDC003D0688F0E0FD3DEF01003DDF2D00BFFF38E61B504006FF108007610006E8BFFF49
:207DFC00AEE5E50F4000E00760010198E0E91DF0DA053E0688F0E0FD00F516151308E12F26
:207E1C002000025040067F008207E1FF06A807D83D06DCEEE0FD1DC0370688F0E0FD00D2EE
:207E3C00000067DAB10506DAA5050000BFFFC2E5E0A915E0BA0537E7010000003CB755009C
:207E5C00FBB1E275F6D9D30D370F0100E1E1E20D37F70100160DE1D9B10501D2F505E505E3
:207E7C00370F0100E1E1AA0501D23CA72D003C0F2D003C175500E111CA057CDF2D00A50538
:207E9C0000007CDF5500DCFF1B00EA05070ABB097C0F1900A50500001408E100E10E14000E
:207EBC003C171500D809E111BA3D1C360400BFFFD2DD00003C172D00210664F0E0FD210FA9
:207EDC000100E111830D3C0F2D002B0664F0E0FD6B0F01003CF72C00FEF61400D8F102CDAF
:207EFC007CCF0900390F09007C0F0D0039F709001C0E0400030D1C0E0400790F09003C0FA8
:207F1C002C00E10E1400D8097C0F15003CF72C00FEF61400D8F1000D410A010DA505000055
:207F3C00E0D1C205E0070001A50500000000BFFFD8E44206FFFF8007E1F106C03D06C8EE43
:207F5C00E0FD3A0688F0E0FD1DB8390668F0E0FDBFFF9EE4E0C118E0BA053AE70100000090
:207F7C001C360400BFFF1CDD00003C0F2900E009E2051C361800BFFF0ADDA5050000173094
:207F9C001C3E0400BFFF82DC00DAC50D1CF67000DBF16008610ADA051CF67000DBF18003CE
:207FBC0041DA61DAC6F5BFFF60E4390F0100E009820DBFFF3CE480FFFC10BFFF4CE4A505D0
:207FDC0000003A0F0100E1E18A1D390F0100E009D2050000E0070001951521065CF0E0FDE7
:207FFC00210F01003D170100E111CA057A070100D50580FF0809A50500004006FFF10698B4
:20801C002106A0EEE0FD001213F000000A8D21962800F289EA0D14952106A0EEE0FDE19108
:20803C00F205140DE009BA050112C505B505A505000002507F008007E1F106B83D06DCEE2E
:20805C00E0FD1DD0390688F0E0FD380664F0E0FD17E00000390F0100E1E1D24DE0E1B24D56
:20807C00BFFF8EE31C30BFFF98FFE051824500001C360400BFFF0CDC380F01003C172D0058
:20809C00E111D3053C0F2D00780F01003CF72C00FEF61400DAF102DD7CDF09003B0F090032
:2080BC007C0F0D003BF709001C0E0400030D1C0E04007B0F09003C0F2C00E10E1400DA0975
:2080DC007C0F15003CF72C00FEF61400DAF1000D410A010D000039F701003C172D00160D78
:2080FC00E111C105E0070001B505A5050000BFFF18E3A50500004006FFF18007E1F106B8B0
:20811C003D06A0EEE0FD3DD63C00390664F0E0FD00DA17E00000BFFF76E2E50F4000E007D4
:20813C00600101C01C30BFFFD8FEE051F2550000210684F0E0FD210F0100E009FA453E0694
:20815C0088F0E0FD00F53C172D00160DE111910D01DA010A2B0670F0E0FD6B0F0100A5050D
:20817C0000001C360400BFFF1ADB390F01003C172D00E111D3053C0F2D00790F01003C0FFB
:20819C002C00E10E1400DA0921F705007CF70900040D7C0F0D00040D1C16040061170500AB
:2081BC001C0E0400050D3C0F2C00E10E1400DA097C0F15003C172C00E2161400DA11220FBF
:2081DC000100410A620F0100A50D1C3E18002606A0EEE0FDBFFF32DAA50500001808E12F66
:2081FC0020001B504006FFF18C07E1003D0660F0E0FD63070D006307110023360C00233E06
:20821C00100023461400BFFF88E1230F1100630F0500230F0D002606EC8D800023471500F1
:20823C00270670897F0063070100004A630F0900BFFFA2F67D5721003D0F2100E009B205F5
:20825C0001E2A50500E261E2DA0580FFDA1A0AE0A505000061E2BA15E00760011F0A7D0F5B
:20827C001D00010A7D0F09002B0660F0E0FD6B07010000000000BFFF2CDFA50500000000E1
:20829C00210684897F00210F01004C06FF0080072100210668F0E0FDE00760012B0668F0B8
:2082BC00E0FD6B070100BFFF26DF40063F00210684F0E0FD00003E0684F0E0FD000D410AA5
:2082DC00010D00007F008207E1FF3D06A0EEE0FD370670F0E0FD3DC63C00340684F0E0FD9A
:2082FC00360664F0E0FD00E200AA0000BFFF02E1340F01005F0A740F0100340F0100E0096A
:20831C00EA076D0121065CF0E0FD210F0100E009E3075F01E57D3DF70D0006E53CDF29005C
:20833C003CF71D003C0F2100050D3CF721003C0F1D00030D3B1705001C0E1800E111DA051D
:20835C003C0F21007B0F05007C0729003B0F01005F0A7B0F0100000000003CD715003CF7C0
:20837C0009003C0F0D00050D3CF70D003C0F0900030D3A1705001C0E0400E111DA053C0F2A
:20839C000D007A0F05007C0715003A0F01005F0A7A0F01000000360F01003C172D00E11199
:2083BC00D3053C0F2D00760F01003CF72C00FEF61400D8F102CD7CCF0900390F09007C0F9C
:2083DC000D0039F709001C0E0400030D1C0E0400790F09003C0F2C00E10E1400D8097C0F58
:2083FC0015003CF72C00FEF61400D8F1000D410A010D00003E0688F0E0FD00F53C172D00A8
:20841C00160DE111D105010A770F0100A50500003D0F0100E009AA05B505BF07FCFEE0E1F9
:20843C00B20580FF900C3D066CF0E0FD3DEF0100E0E9B31580FF6A02E051D205010A770F90
:20845C000100A50500005FEAE0E9DBF52B066CF0E0FD6B070100A5050000370F0100E009BC
:20847C00D20501AAE0070001B505A5050000BFFF98DF15504206FFFF210660F0E0FD0000DE
:20849C00210660F0E0FD210F0100000001507F0080072100BFFFF8DE0012210660F0E0FDC9
:2084BC00210F01000000015040063F0021065CF0E0FD2A065CF0E0FD2A5701007F000610D9
:2084DC00E0110208EA05210688F0E0FD210F01000000015634007F008007E1F006D007C0EA
:2084FC0008C83D0670EEE0FD00E207DABFFFC2FD21065CF0E0FD210F0100E1C1B1455FDA80
:20851C001C30E43746021B08E100E10E14003D3E6C000142DA31C13980FF960ACAE1E0D9D7
:20853C00FBED1C30E4374602270670EEE0FD0242273F0100DA3180FF780ACAE11C30E43757
:20855C00460202423D3F0500DA3180FF640ACAE11C30E43746023D3E44000442DA3180FF11
:20857C00500ACAE11C30E43746023D3E58000342DA3180FF3C0ACAE1E0C9D2057907010097
:20859C00A5050000BFFF42FD1C504006FFF08007E10006E03D066CF0E0FD0000BFFF12FDE0
:2085BC00BFFF4EDE3E066CF0E0FD000DDC09010DBFFF56DEBFFF12FD0AE81D504006FF00D5
:2085DC008007E1F106C03D06DCEEE0FD1DC8370664F0E0FD18E00000BFFFD6FC1830BFFF95
:2085FC0040F76252FA5501D21C360400BFFF94D6BFFFFEDD3C0F2900E009920D1C361800D5
:20861C00BFFF80D6010A5C0F7200A5050000BFFFF8DD370F01003C172D00E111D3053C0F29
:20863C002D00770F01003CF72C00FEF61400D9F102DD7CDF09003B0F09007C0F0D003BF7D9
:20865C0009001C0E0400030D1C0E04007B0F09003C0F2C00E10E1400D9097C0F15003CF7C7
:20867C002C00FEF61400D9F1000D410A010D00003E0688F0E0FD00F53C172D00160DE11157
:20869C00830D010A2B0670F0E0FD6B0F0100B505A50500D2BFFF32FC1A504006FFF18007F1
:2086BC00E1F33D0660F0E0FD3C06DCEEE0FD3A0670EEE0FD370674EEE0FD380688F0E0FDE7
:2086DC0000DA00003D0F2500E009EA0771013DCF010041CA7DCF0100E0C99A153AB7010038
:2086FC00370F01007A0F010077B701003DF61400000D410A010D80FFBC09A50500003D0F77
:20871C001D00E1C9E1070D0100003A8F0100318F0100E089A205D5051F8A7D8F1D00957D27
:20873C003AF7010006F506F50295F2C9C9057D971D00F56D00000A0D048D0685718709000E
:20875C00068D048571870500218705001E8E0400F181CA05068D618F05000B05218F0100FD
:20877C005F8A618F01000000148DE089A21D14150E8D108571870900108D0E8571870500B3
:20879C00228705001E8E1800F181CA05108D628F05001505228F01005F8A628F0100A50526
:2087BC0000003D8F05001685F181C305168D7D8F0500168CF18E1400DC89319F0500059D32
:2087DC00338F0900078D338F09001E860400718705001E8E0400738F0900168CF18E1400BE
:2087FC00DC890B8D1684F0861400DC81308F0100418A708F01000000388F01001685318F31
:20881C002D00F181B30501DAA5050000BF07FEFE388F0100318F2C00F18E1400DC89318F32
:20883C000100618AB30501DAA50500003D8F1100E089B20501DAF505E5053DF60C00000DEB
:20885C00410A010D1B504006FFF38007E11006E007D8E0E1FA053D0688F0E0FD3DEF01003E
:20887C00A5051CE8BFFF8ADB7DDF5D00BFFF9ADB4006FF108007E11006E0E0E11CE8EA05B8
:20889C003D0688F0E0FD3DEF0100BFFF64DB3DDF5D00BFFF74DB1B504006FF100610E011AD
:2088BC0002F0DA053E0688F0E0FD00F5E50F4000E007600101902E9D1208E12F20001350B8
:2088DC007F008007E13006D807D0E0D9FA053D0688F0E0FD3DEF0100A5051BE83D0F5D00DD
:2088FC00E009820D1A303D0F5D00E1C760F90AE0A50500E21C504006FF30210664F0E0FD41
:20891C003206DCEEE0FD21172100E011D205011261170D00853561070D000000000021173C
:20893C000100A5055F1202F0FE00FEF61400D2F1009DE09982FD0298F300F39E140013F07A
:20895C00D2F1029D339F0500039D028D1E9E0800F389DA05029D339F0500039D029D339FED
:20897C000D002B0688F0E0FD6B9F010061170100000000007F008007E10006E807E0000008
:20899C00270688F0E0FD273F01001D30073E1800BFFFA6D21C30013A80FFC6124006FF00CF
:2089BC008007E17006D807D008C83D0688F0E0FD000000003DF70100400E00801A090D0D66
:2089DC003BE705003DF701000FE53DF701003C0F0900110D3D0F01003CF70900010E1800D4
:2089FC00030D3D0F0100010E18007C0F09003DF7010015DD3B0F0100410A7B0F01000000FB
:208A1C001930013A80FF5A124006FF708007E17006D807D008C83C0688F0E0FD00003BEFF8
:208A3C0005003CF701000FED3CF701003D0F0900110D3C0F01003DF70900010E1800030D7E
:208A5C003C0F0100010E18007D0F09003CF7010015DD3B0F0100410A7B0F01000000E0C902
:208A7C00A2051FD200001A30193880FFF4114006FF7006702106A0EEE0FD218E3C00017802
:208A9C00300664F0E0FD2EF70D0006F5000014150E9D109573970900109D0E95739705003B
:208ABC00229705001E9E1800F391CA05109D629F05001505229F01005F9A629F010000002B
:208ADC00330684F0E0FD339F0100E099DA450A9D0495066D726F09000695046D726F0500F6
:208AFC00336F05001E960400F269CA050695739705000B05339701005F9273970100000050
:208B1C0030970100166DF269C305169570970100166CED6E1400D1692D9705000595326FE9
:208B3C000900076D326F09001E6604006D6705001E6E0400726F0900166CED6E1400D169EC
:208B5C000B6D166CED6E1400D1692D0F0100410A6D0F0100851D219F05000F9D339709006B
:208B7C001195339709001E6E1800726F05001E96180073970900157D2197010041926197E1
:208B9C0001000000210688F0E0FD210F0100166D210F2D00E169930D010A016A2B0670F03A
:208BBC00E0FD6B6F0100A505000A01507F00061007702106DCEEE0FD01802F0664F0E0FD1B
:208BDC000000409E00800E99629F010022F70D000000229F110022970500228F0900728F01
:208BFC00090022970900228F0500728F050033970500E291DA052297090073970500620777
:208C1C001100339701005F927397010000000A95048D066D716F0900068D046D716F0500EB
:208C3C00326F05001E8E0400F169CA05068D728F05000B05328F01005F8A728F0100000043
:208C5C002F8F0100166DF169C305168D6F8F0100166CED6E1400D0692D8F0500058D316FD5
:208C7C000900076D316F09001E6604006D6705001E6E0400716F0900166CED6E1400D069AE
:208C9C000B6D166CED6E1400D0692D0F0100410A6D0F01000000210688F0E0FD210F010064
:208CBC00166D210F2D00E169F305010A2B0670F0E0FD6B0F01007F008007E10006E03D0672
:208CDC0060F0E0FD0000BFFF28D73D0F15007C0F0100210660F0E0FD210F01007C0F05008C
:208CFC00BFFF26D74006FF0006F0210660F0E0FD211715000115210660F0E0FD210F010026
:208D1C00030D7F008007E1F006D807E03D0660F0E0FD380688F0E0FD00000000BFFFD2D622
:208D3C003A0660F0E0FD3AD701003B0F05001AC8A1C9380F0100810F7300E009E20538F7B3
:208D5C000100F20301EAE5253C0F01007F0ABA0500EA85253B0F01003D171500E111920D9F
:208D7C003B0F0500E1D1D10501EA7C070100A5153C0F0100E1C9B90D3C0F0100B9097C0F82
:208D9C0001001B30BFFF64FF00EAC5057C07010001EABFFF74D61D504006FFF0210670F0F6
:208DBC00E0FD01122B0670F0E0FD6B1701007F000610E011C20502F0280DA505000A01503D
:208DDC007F0006080710E009B20501F029157F008007610006E800000000000080FFE4004C
:208DFC002106DCEEE0FD210F0100610AC305E0070001A5050000BFFFE8D595F506980710D9
:208E1C000890E011A61563128E15E0991308EA05210688F0E0FD210F0100000002F0C2F204
:208E3C0001866000D0F101957F0006900798000AE099A615639A8E15E0911210EA0522069C
:208E5C0088F0E0FD2217010013F0C2F202866000D0F1000DA505000A01507F008007E130DE
:208E7C003D0670EEE0FD3DDE1C003DD6080000E2B50D1C08E100E10E14003D366C00C13189
:208E9C00BFFF5ACD41E267E2D1F51A30BFFF4ECD1B30BFFF48CD3D363000BFFF40CD3D367D
:208EBC004400BFFF38CD3D365800BFFF30CD2B0670EEE0FD6BD701007DDF05004006FF3084
:208EDC008007E1003D0658F0E0FDB51DBFFF22D53E06C0EEE0FD00F506E51C360400BFFF5C
:208EFC00A2CD3DF60400000D5F0A010D3D0F01005F0A7D0F0100BFFF10D51C3080FF7E01FC
:208F1C003D0F0100E009BBE54006FF008007E1F006D007E008C009D8390688F0E0FDE0D117
:208F3C001AE8BA0539EF01007CEF01001D0E34007C0F05003D0F2D007C0F11003D0F31003E
:208F5C007C0F1D003D0F4D007C0F09003D0F55007C0F15007C07190065DA821D390F01001C
:208F7C00E1E9CA057C070D00E5157CDF0D0063DAAA15BFFF3CF33D0F2900E009C205020A30
:208F9C007C0F0D00BFFF42F3E5051D30BFFF92ED7C570D00E0C1820D3D37310080FF9C00E6
:208FBC007C572000B5057C0720004006FFF08007E1F306B807D008B000DA3A0F0100E0095B
:208FDC00833D1AE83DF70500020D7D0F05003D1705001D0E0800E111EA053DF70500020D25
:208FFC007D0F05003DF7050006C500001AE03CF70500020D7C0F05003C1705001C0E080065
:20901C00E111EA053CF70500020D7C0F05003CF7050006CD00001B38E43F4602193016480C
:20903C000142D739BFFFE8FE41DAF8C98AE5A50500001B504006FFF306F0000AB50541F298
:20905C00410A601002065BFFB2FD820A0150CA007F008007E13006E0E0E11CE8EA053D068D
:20907C0088F0E0FD3DEF01003DDF31001B30BFFFCAFF0AD01A504006FF308007610006E8A4
:20909C000000BD0F7100E0099A0D3D373100BFFF58CD1D30BFFF52CDB50DBD0F7100610ACB
:2090BC00DA051D30BFFF42CDB5050000000040067F00210670EEE0FD3E067CF0E0FD2117F5
:2090DC00010022170100E011CA051F0A010D850D210F0100210F0D00210F0100010D7F0084
:2090FC00210688F0E0FD210F010001507F00210668F0E0FD220668F0E0FD22170100E011F3
:20911C00BA05010A850D210F1D00E009BA05020AA505000A01507F008007E1F106C03D06F0
:20913C00DCEEE0FD3A0688F0E0FD1DC8370664F0E0FD18E000DAE0C1926D3AF701003C178D
:20915C002D00160DE111895DDCFF1B009A0D3AF701000712160D82097C0F1900A5050000E7
:20917C003C0F2C003C171500E10E1400D909E111BA3D1C360400BFFF0ACB00003AF701000B
:20919C00160D7C0F2D00370F01003C172D00E111D3053C0F2D00770F01003C0F2C00E10EE2
:2091BC001400D90921F705007CF70900040D7C0F0D00040D1C160400611705001C0E040069
:2091DC00050D3C0F2C00E10E1400D9097C0F15003C172C00E2161400D911220F0100410A73
:2091FC00620F0100E5053AF70100160D7C0F2D00000001DAC50D3AF701003C175500160D40
:20921C00E111B90501DAB505A50500001B504006FFF18007E1F006C83D06DCEEE0FD1DD0A5
:20923C00380664F0E0FD19E000DAE0C9E255000000003C0F59005F0A7C0F59003C0F55005F
:20925C003C172D00E111824D3C0F5900E009BA451C360400BFFF2CCA000000003C0F55007B
:20927C007C0F2D003C0F2D00071282097C0F1900380F01003C172D00E111D3053C0F2D0050
:20929C00780F01003C0F2C00E10E1400DA0921F705007CF70900040D7C0F0D00040D1C1648
:2092BC000400611705001C0E0400050D3C0F2C00E10E1400DA097C0F15003C172C00E2165D
:2092DC001400DA11220F0100410A620F0100000001DAC505B505A50500001B504006FFF0DB
:2092FC008007E1F706C807C03D06DCEEE0FD01AA1DD0360664F0E0FD19E0E0C9A2650000C6
:20931C003C0F5500F809B90518D8B5053CDF55003C0F2D00FB09C2553C0F5900610AFA4DCF
:20933C00000000003CBF2D007CDF2D00DCFF1B00EA05070ABB097C0F1900A505000017083A
:20935C00E100E10E14003C171500DA09E111EA351C360400BFFF2CC90000360F01003C170F
:20937C002D00E111D3053C0F2D00760F01003C0F2C00E10E1400DA0921F705007CF70900E6
:20939C00040D7C0F0D00040D1C160400611705001C0E0400050D3C0F2C00E10E1400DA09A7
:2093BC007C0F15003C172C00E2161400DA11220F0100410A620F0100D505C505B505A50584
:2093DC0000004006FFF7210668F0E0FD220688F0E0FDE0076001210668F0E0FD210F010087
:2093FC00E009A20D22F70100240D410A250D22F70100240DA50500007F00210668F0E0FD21
:20941C003E0688F0E0FD210668F0E0FD210F0100E009E215000D210F4900E009831500150E
:20943C00220F49005F0A620F4900000D210F4900E009CA05E0876001C505B505A50500003F
:20945C007F008007E11006E007D81C301B3880FF9A271C3080FF7E270AE8F5051DF0DCF11F
:20947C00200E2000800B41EA6EEA91FD1DF0DCF180031D50DC514006FF108407E1F006D860
:20949C0038065CF0E0FD5B07000038CF010038370100E4374602BFFF24C80AD0E0D1D255B0
:2094BC001A3019380042BFFF32F00AC800E2F5451CF0E4F74602DAF1060D620AC905610A33
:2094DC00810DA50D630AB10DD20D640AE20D851520EE5800F50D20EE5200C50D20EE420045
:2094FC00950D20EE5300E50520EE4400B50500EA00001CF0E4F746021B30DAF1023DBFFF2B
:20951C0044FF0AD81CF0E4F74602DAF1FE0F2100084D1CF0E4F74602630F0100DAF1040D0F
:20953C001B301D40270675897F00630F050080FF8C271B3080FF9E26CAD941E2F9E191BD98
:20955C001A30BFFFA4C8A50500004406FFF03E0688F0E0FD000D210F19000015009D07925E
:20957C00339F2D009299629F190001507F003E0688F0E0FD000DE009F2050015220F590096
:20959C00410A620F590000557F008007E17006E807C808D03C0688F0E0FD0000BFFF52CEE4
:2095BC003C0F01001DF0C2F2010E6C00C1F1000DE009BA153CF70100010A1EF67000DDF1FF
:2095DC00800BE0D1930D1A30013A80FF94060000E0070001B505A5050000BFFF2CCEBFFF33
:2095FC0010CE00003C0F01001DF0C2F2010E6C00C1F100DDE0D9F215E0C9A20D3C0F0100F6
:20961C001DF0C2F2010E6C00C1F10105D50D3C0F01001DF0C2F2010E6C00C1F11B0EFFFFF7
:20963C00010DA50500003CF701001EF67000DDF18003BFFFD4CD1B504006FF708007E1F175
:20965C0006E807C008B809D023CF21003C0688F0E0FD0000BFFF9ACD3CF701001EF6700019
:20967C00DDF16008620AE21D3C0F01001DF0C2F2010E6C00C1F1000D38104209010D3CF712
:20969C000100010A1EF67000DDF1800BE0C9930D1930013A80FFCA050000E0070001B50508
:2096BC00A5050000BFFF62CDBFFF46CD0000E0D1B20D3C0F01001DF0C2F2010E6C00C1F17C
:2096DC00000D7A0F01003CF701001EF67000DDF16008620AB20500DAD50D3C0F01001DF0B1
:2096FC00C2F2010E6C00C1F1000D37104209010D01DA3CF701001EF67000DDF18003BFFF1E
:20971C0008CD1B504006FFF18607E1FF6337050007D808B83D06DCEEE0FD634F09001DA8A2
:20973C0023A7390001C20000000023E70500BFFFC0CCE0A1920D1BF0C2F21C166C00C2F1BE
:20975C00000D740F01001CF67000DBF160B01CF67000DBF1020A800B230F0900620AC905A4
:20977C00610AC12DF505630AE10DE215640AB21DE5251BF0C2F21C166C00C2F1000D1709A4
:20979C00010DF51D1BF0C2F21C166C00C2F1000D410A010DE5151BF0C2F21C166C00C2F10D
:2097BC0001BDF50D62B2820D1BF0C2F21C166C00C2F101BDA50500C2C505B505000000006C
:2097DC00000061B2AA653CD715003CF709003C0F0D00050D3CF70D003C0F0900030D3A1788
:2097FC0005001C0E0400E111DA053C0F0D007A0F05007C0715003A0F01005F0A7A0F01008E
:20981C0000003C172D00210664F0E0FD210F0100E111830D3C0F2D002B0664F0E0FD6B0F4D
:20983C0001003CF72C00FEF61400D5F102CD7CCF0900390F09007C0F0D0039F709001C0E6F
:20985C000400030D1C0E0400790F09003C0F2C00E10E1400D5097C0F15003CF72C00FEF6CE
:20987C001400D5F1000D410A010D000000003E0688F0E0FD00F53C172D00160DE111C305A1
:20989C00E0070001B505A5050000BFFF7CCB18504606FFFF8207E1FF06A007E008C8634F31
:2098BC0001003D06A0EEE0FD3DD63C001DA823BF3100380664F0E0FD23B7350001DA00005D
:2098DC000000BFFFCACA14F0E50F4000E00760010188E0B9A20D1C08C20A1E166C00C2096E
:2098FC00210F0100770F01001E0E7000DC09819701001E0E7000DC09021241170000230FDB
:20991C000100620AC905610AA135F505630A8115A21D640A8225C52D1C08C20A1E166C005C
:20993C00C111220F01001909620F0100B5251C08C20A1E166C00C111220F0100410A620F49
:20995C000100851D1C08C20A1E166C00C20961CF010085156292920D1C08C20A1E166C00FF
:20997C00C20961CF0100A50500DAC505B5050000000000006192BA7D0000210684F0E0FD25
:20999C00210F0100E009DA450A15040D069D619F0900060D049D619F0500229F05001E0EEB
:2099BC000400E199CA05060D620F05000B05220F01005F0A620F01000000380F0100169D9D
:2099DC00E199C305160D780F0100160CE10E1400DA09219F0500059D330F0900070D330F6E
:2099FC0009001E860400618705001E0E0400730F0900160CE10E1400DA090B0D1684F086C2
:209A1C001400DA81300F0100410A700F0100851D3D1705000F15220F0900110D220F0900FF
:209A3C001E9E1800619F05001E0E1800620F090015AD3D0F0100410A7D0F01000000210665
:209A5C0088F0E0FD210F01001685210F2D00E181D30DE0B1C205010A760F0100010A2B0605
:209A7C0070F0E0FD6B0F0100A50500001108E12F20001B504206FFFF8007E1F106B807D878
:209A9C0008C83D06A0EEE0FD3DE63C001DC03A0664F0E0FD00000000BFFFF4C817F0E50F0A
:209ABC004000E007600101881E0E7000DB09819701001E0E7000DB090212411700001B08D1
:209ADC00C20A1E166C00C111220F0100410A620F010000006192BA7D0000210684F0E0FD9B
:209AFC00210F0100E009DA450A15040D069D619F0900060D049D619F0500229F05001E0E8A
:209B1C000400E199CA05060D620F05000B05220F01005F0A620F010000003A0F0100169D39
:209B3C00E199C305160D7A0F0100160CE10E1400DC09219F0500059D330F0900070D330F08
:209B5C0009001E860400618705001E0E0400730F0900160CE10E1400DC090B0D1684F0865E
:209B7C001400DC81300F0100410A700F0100851D3D1705000F15220F0900110D220F09009C
:209B9C001E9E1800619F05001E0E1800620F090015C53D0F0100410A7D0F010000002106EC
:209BBC0088F0E0FD210F01001685210F2D00E181D30DE0C9C205010A790F0100010A2B0689
:209BDC0070F0E0FD6B0F0100A50500001108E12F20004006FFF18007E13006D807D000003B
:209BFC00E0D91BE8EA053D0688F0E0FD3DEF0100BFFFFEC71DF67000DAF16008620AFA0535
:209C1C001DF67000DAF1800301E2A50500E2BFFFF8C71C504006FF308007E17006E007D8ED
:209C3C0008C8E0E11CE8EA053D0688F0E0FD3DEF0100BFFFBCC71BF0C2F21D166C00C2F16D
:209C5C0000D51BF0C2F21D9E6C00D3F1000D39104209010DBFFFB2C71A504006FF708007DD
:209C7C00E1F306C007B03D0670EEE0FD3C0688F0E0FD3DBE580039067CF0E0FD3A0660F0F7
:209C9C00E0FD3AD701003CF70100F2033C3701004432BFFFEEBF00007FC2AA25E0B18225F3
:209CBC003DF75D003C0F010061F709003C0F0100041561170D003C0F01000415440A620F3C
:209CDC0005003C0F0100440A050D3C0F010061BF15003D0F5900410A7D0F5900A52518D8A7
:209CFC00DAD93CF7010003DDFAD9990D3D3705003C3F0100443ABFFF40BFB515260670EE84
:209D1C00E0FD263701003C3F0100443ABFFF2ABF390F0100E1D9C90579DF0100A505000077
:209D3C004006FFF38C07E1003C0690F0E0FD00EA80FF8A0521068CF0E0FD210F0100E0092A
:209D5C00B22D63070D006307110023360C00233E100023461400BFFF60C6060A630F01005C
:209D7C00230F1100630F0500230F0D00260600A08000270688897F0023471500004A630F8A
:209D9C000900BFFF50DB7C5701003C0F0100E009C20501EAA505000000001D504C06FF0092
:209DBC008407E1F006E007D808D009C823C7250020362C00BFFF06BF0AE8E0E9D20D5D07AB
:209DDC0028001C3063C701001B381A40194863EF050080FF4E001D504406FFF08407E1F391
:209DFC0006D823BF2D0007D008C809C023B7310020E62C0000000000000016E8E0E9E20DF7
:209E1C00020A5D0F28001B3063BF01001A381940184863EF050080FF0A001D504406FFF384
:209E3C008007E1F006E023C71D0007D808D009C823EF2100000080FF84047DE701007DDF3E
:209E5C0019007DCF1D007DC721001D360400BFFFAEBDE0D1B205DD17280000004006FFF0C6
:209E7C008807E1F106D007D808C809C023BF31003C068CF0E0FD00EA00003C0F0100E0094A
:209E9C00B22D63DF010063CF050063D7090066DA9E1DBFFF5CF26252BA0D3C370100233EB3
:209EBC0000001740004ABFFFF0C80AE8C5153C370100233E00000042004ABFFFDCC80AE8EE
:209EDC00A50D3C370100233E00001840004ABFFFE0C90AE8A50500001D504806FFF1210668
:209EFC0090F0E0FD00002A0690F0E0FD2A5701007F00060801F000000C557F008007E11004
:209F1C0006E007D81CE80000BFFFE6C4E0D9C205DD172800B505DD972800BFFFECC440064E
:209F3C00FF108007E11006D81BE00000BFFFC2C4DCD72800BA0500EAA50501EABFFFCAC4FC
:209F5C001D504006FF108007610006E81D30BFFFD4FF40067F00061002F00000020D015042
:209F7C007F00060801F0000000557F008007E11006E807E008D8A50D3D0F1900C1E100008D
:209F9C001D303D0F2100E1C760F93D3F19001D301B401C48DC3980FF5001E051EAED400616
:209FBC00FF108007E11006E007D83E0668EFE0FD00F506F506ED1D360400BFFFC6BCDDD793
:209FDC002800F2051D301C381B40BFFFA2FFB505DD87280000001D303D0F2100E1C760F9EA
:209FFC004006FF108207E10006E0000000002336000080FF8E000AE81D30233F010080FF19
:20A01C000A0080FF4601C5F58207E11006D807E8BFFF9EE22336000080FF9A000AE0230F87
:20A03C000100E009AA2DE0E9AA0DFCD98B0DBFFF98E21B301C38BFFF6CFF9525E0E9B20D14
:20A05C003E066CEFE0FD00F5000DE009E1EF04EBE0EF14EB26068CF0E0FD263701001B38BA
:20A07C00BC391D40BFFF6CD0BFFF5EE2E051CA05E0070001C505B505BFFF4EE24206FF10C9
:20A09C0006F0210668EFE0FD2117010022170100E011E107041301150015E0118A0D210F0D
:20A0BC000100210F0D00210F0100A505000A01507F008007E11006E03B06841EE0FDBFFFB5
:20A0DC00BAE30AE83B0F0100E1E9F90580FFB001010A7C0F0100B5057C0701007BEF010052
:20A0FC001D504006FF108007E17006E807D808D009C8210668EFE0FD00E27DDF05007DEF2A
:20A11C001100FAD98B153D9F19001A10B911F311B10501E2F515213705001D3E0400BFFF95
:20A13C0018BB8515F9D1D905F9D9B10501E2A50D260668EFE0FD263701001D3E0400BFFFF6
:20A15C00F8BA1C504006FF708A07E11080071201230F0500E009FE0D230E040001DE0400B1
:20A17C0000003B3705003B3F09003B0F0100E1C760F9A5050000230F0500E009967523EF96
:20A19C000D003D0F1500E009E2051D360400BFFFF2BAA5050000000023360000BFFF16FFCE
:20A1BC000AE0230F0500690ABB5DC20AE106CEA180008007AC008007240080072000800729
:20A1DC00660080076800800784008007100080070C008007520080075400DD0728003D3F9D
:20A1FC001900234F09001D301C40C939BFFFFAFEE051F215DDD72800B20D3D0F1900233FB4
:20A21C0009001D301C40C139BFFF64FDB505DD87280000001D303D0F2100E1C760F9A505AC
:20A23C000000E51DDD872800B51DDD072800230F09007D0F190000003D3F19001D301C4078
:20A25C001C48DC39BFFFA2FEB50DDDCF2800DA051D30BFFF94BBB505DD87280000002606CA
:20A27C008CF0E0FD26370100233E04000042BFFF64C7E051FA07DDFE4A06FF108007E100A7
:20A29C003D0668EFE0FD950D3DF7010006F500E51C301F3ABFFF0EFD3DF70100000DE009DB
:20A2BC00AA05A505A5F53D0F01003D1705007D1701007D0F05004006FF008207E1303D06A1
:20A2DC0068EFE0FD3C068CF0E0FD3DDE1C003DD60800BFFF1CC13C0F0100E009EA1D1A3020
:20A2FC00BFFFFAB81B30BFFFF4B82B0668EFE0FD6BD701007DDF0500630701000532203E14
:20A31C0010002806E8EFE0FD290698EFE0FDBFFFD0C17C570100A5050000BFFFECC042061D
:20A33C00FF308007E11006D81BE00000BFFFC2C0DCC72800BA0500EAA50501EABFFFCAC0F0
:20A35C001D504006FF108007E11006D81BE80000BFFF9EC03DE71D00BFFFAEC01C5040068B
:20A37C00FF108007E11006E007D81CE80000BFFF80C07DDF1D00BFFF90C04006FF10880708
:20A39C00E17006E007D808D009C81E0A630F010063E7050063DF090063D70D0026068CF0BE
:20A3BC00E0FD26370100233E00001940004ABFFF00C50AE800001D504806FF708807E170C3
:20A3DC0006E007D808D009C800001F0A630F010063E7050063DF090063D70D0026068CF0CE
:20A3FC00E0FD26370100233E00001940004ABFFFA8C30AE800001D504806FF7006F0125560
:20A41C007F0006F00708130D7F0080072100260690897F0080FF9404005240063F0080071C
:20A43C00210026069E897F00013A0042014A80FF7A04005240063F0006F0000AA505410A7C
:20A45C0041F21E17FFFFE011BAFD01507F00541A06F007800878091023970D00230E000086
:20A47C00009AE079CA15C28E0F00698AE705478AE091BA05118E2000118E3000410A418F06
:20A49C00FFFF419A8412E011FAED952D627ACA1D0288818A2B06676666661170BF72EB8F49
:20A4BC00206A0D90A192AE91410A1288C28AD289C18A8289118E3000418FFFFF1210419A6B
:20A4DC00E011FAE5C50D410AC28E0700118E3000418FFFFF419A8312E011EAF5E081F205E7
:20A4FC00F099D705237600001008CE09950D0075417201755F0A016F00004E6FFFFF1370FC
:20A51C005F9AE071DAF54C1A7F0006F00012950D0298C29AC299C19A0196D0FF1210D3115F
:20A53C00009D419A019D130FFFFF0106D0FFC6050106C7FFE7ED009D5F9A019D02507F0082
:20A55C00031E84FF634F790063FF690063A7650063AF610063B75D0063BF590063C75500F2
:20A57C0063CF510063D74D0063DF490063E7450063EF410006A0633F1D0063470D0000AA42
:20A59C0000E2E0A1CA0500528007DA028007C0021D06DBFFA22D6AEAAA1D233F1D000D32CA
:20A5BC00F4C760F90AD8E0D9CA051C508007B602DBE1233F1D000A32F4C760F90AD8E0D930
:20A5DC00CA051C5080079E02DBE1D50D1D30233F1D00F4C760F90AD8E0D9CA051C50800722
:20A5FC008402DBE18007680223F70D00000B0106D3FF9A0D63071500230F0D00410A630FDF
:20A61C000D00C505015A635F150023F70D00000B20162000209E30000106D0FFE29F345BB9
:20A63C00435F070023360C00BFFFE2FE6357190023F70D00000B0106D2FFCA0D230F0D005F
:20A65C00410A630F0D0023360C00BFFFC0FE0AB8A50500BA23F70D00000B0106B4FFC2055A
:20A67C00010694FFEA05230F0D00410A630F0D00230E2000630F090000D202CA230F0D0083
:20A69C00410A630F0D0001EFFFFF1D06A8FFCA0501AA00CAC55D1D0688FFCA0500AA00CAC9
:20A6BC00E5551D06A6FFC7051DEEE0FFBD001D06BCFFBA0501CAB54D1D06ABFF824D1D06E0
:20A6DC00ADFFCA0D230F79001C12430A4209440A630F790021D7FDFFA53D1D06BDFF9A1DC5
:20A6FC00230F79001C12430A4209440A630F79000110230F09002217FDFF410A630F09004D
:20A71C004117FFFF23F70900800323D62000F51D1D06B0FFBA0D01AA00CA085A635F1900AB
:20A73C00205E3000435F0700A5151D06B1FFBA0503CAD50D230F0900410A630F090041EF7A
:20A75C00FFFF23F70900800323D62000E0D1DA35230F79001C12430A4209440A215FFDFF25
:20A77C00630F7900635F110017C061CAFA1502CA235F1100E059AE15230F0900410A630F9B
:20A79C00090020162D004117FFFF230F11008009630F1100E0B9A2055FC2234F1100183858
:20A7BC0019402336080063AF0100BFFFA4FC23F70900800323D620001A30BFFF7EFC0AC047
:20A7DC00E0B9AA0518B8235F19000BB0B8B1235F1500615ABA15E50D03370700233F1D00B3
:20A7FC00F4C760F90AD8E0D9BA051C50B53DDBE1000016085FB2E0098FF5E50D41D21A37C3
:20A81C00FFFF233F1D00F4C760F90AD8E0D9BA051C50852DDBE118085FC2E009D205170837
:20A83C005FBAE009CFED0000D50D03370700233F1D00F4C760F90AD8E0D9BA051C50A51508
:20A85C00DBE116085FB2E0099FF50000230F0D00410A630F0D0001EFFFFFE0E9FA0735FD81
:20A87C001C5023FF690023EF410023E7450023DF490023D74D0023CF510023C7550023BF2D
:20A89C00590023B75D0023AF610023A76500031E7C007F008007E10006E807E01D3080FF85
:20A8BC00160101524006FF00031EDCFF634F210063471D0063FF110063EF0D0006E8633FD5
:20A8DC001900230E1800630F05005C0AC10E0700630F0900230F09002606B0A880001D4030
:20A8FC0023F60400004D003A630F0100BFFF54FC23FF110023EF0D00031E24007F000610EB
:20A91C0007F0000D410A010D4117FFFF000D4107000001527F00031ED8FF634F250063FF10
:20A93C00150063EF11006337050007E863472100230E2000630F0900580AC10E0700630FB4
:20A95C000D00230F0D0026061AA98000233E040023F60800004D1D40630F0100BFFFE4FBE0
:20A97C0023FF150023EF1100031E28007F00031EE0FF634F1D006347190063FF0D0063EF46
:20A99C0009006337050007E8230F1D0026061AA98000233E040023F61800004D1D40630F94
:20A9BC000100BFFF9EFB23FF0D0023EF0900031E20007F008007610006E81D388700053230
:20A9DC00BFFFD06B1D5040067F008007610006E8A50D41EA1D37FFFFBFFFDCFF7F52BA0502
:20A9FC001F52C5151D0F0000E009CAF50D32BFFFC6FF7F52BA051F52950D0A32BFFFB8FF06
:20AA1C007F52BA051F52A505015240067F008607E1FF633709003D06809CE0FD3C06709EBB
:20AA3C00E0FD3706228A7F003606148A7F003506208A7F003406248A7F003C0F0100C1077D
:20AA5C0004001530BFFF64FE1630BFFF5EFE000080FFDC040AD8E0D9BE05800726041B0682
:20AA7C00E5FFFA053CF70100010A010D800714043CF70100000D610AFA0D1B06A5FFFA0574
:20AA9C003CF70100020A010D8007F8033CF70100010580077A013CF70100000D620AEA07F0
:20AABC006F013CF7010001051B06BFFF8A3D3CF701007308E009F2053CF7010073085F0A83
:20AADC00830CE5053CF7010083048007B6033CF701007338F03F4802204650001E369A01E9
:20AAFC001E0E0A00C13980FFB22D3C370100633705006337010006369A0180FFD810236F2E
:20AB1C000100237F05006D57EA01CA006F57EC013C37010080FFF604800768031B06BEFF88
:20AB3C00AA453CF70100740873105F0AE111FE053CF701007308410A830CE50D3CF70100CA
:20AB5C007408E009F2053CF7010074085F0A830CB50580072E033CF701007338F03F48020B
:20AB7C00204650001E369A011E0E0A00C13980FF2A2D3C3701006337050063370100063624
:20AB9C009A0180FF5010236F0100237F05006D57EA01CA006F57EC013C37010080FF6E0454
:20ABBC008007E0021B06BCFFBA153C0F0100E10FED01E009B20D1730BFFFF0FC3C1701004E
:20ABDC00E20FED015F0A620FEC018007B6021B06BDFFDA1D3C0F0100E117EB01E10FED0192
:20ABFC00E209B9153C0F0100E1F7ED011430010E9A01C1F1003BBFFFB2FC3C170100E20FE2
:20AC1C00ED01410A620FEC0180077802E0D9C2051B0601FFBA0580076A0269DA8A2D00D261
:20AC3C00D5051730BFFF84FC41D23C0F0100E10FED01E1D1F6F53C37010006369A0180FFF5
:20AC5C000C033C370100633705006337010006369A0180FF800F236F0100237F05006D5738
:20AC7C00EA01CA006F57EC01800718021B0681FFB20568DA9A653C0F0100E10FED01E00903
:20AC9C00BA058007FE013C170100E20FEB015F0A620FEA013C170100E20FED015F0A620F50
:20ACBC00EC013C0F0100E117ED01E10FEB01E209C3353C4F0100E93FED0109369A01C73126
:20ACDC00090E9B01E947EB01A741C13980FF90273C0F0100E1F7EB01010E9A01C1F1800382
:20ACFC003C0F0100E13FED012606278A7F00010E9A01C139BFFFB4FB3CCF0100F9CFED01AF
:20AD1C00D5051730BFFFA4FB41CA3C0F0100E10FEB01E1C9F7F5E50D26061C8A7F00BFFFCF
:20AD3C008AFB3C0F0100E1F7EB01010E9A01C1F1800380074E016DDAB2056ADA8A2D3C3741
:20AD5C00010080FFF2023C0F0100C1C70400C2051530BFFF56FB3C0F010001369A01E13F32
:20AD7C00EB0180FF4C011630BFFF40FB3C370100003A2046500006369A0180FFAA2A3C0FE7
:20AD9C0001006107EA016107EC01B57D3C0F0100E10FEB010106B0FFD9053C0F010061074C
:20ADBC00EA013C0F0100E117EB01E10FED01E209993D3C4F0100E93FED0109369B01C73148
:20ADDC00090E9A01E947EB01A741C13980FF90263C0F0100E1F7ED01010E9A01C1F180DBA9
:20ADFC003C0F0100C1C70400D20D3C0F0100E13FED0126062E8A7F00010E9A01C139BFFF61
:20AE1C00AAFA3CC70100F8C7ED01D5051730BFFF9AFA41C23C0F0100E10FEB01E1C1F6F596
:20AE3C00A5153C0F0100E1F7EB01010E9A01C1F180DB3C0F0100C1C70400D20514301B382F
:20AE5C00BFFF68FA00DA3C170100E20FEB01410A620FEA013C170100E20FED01410A620F15
:20AE7C00EC013C0F0100E10FEB010106B0FF990D3C0F01006107EA013C0F01006107EC0105
:20AE9C00BF07D0FB800721002606C08B7F002706C08B7F0080FF7E002106809CE0FD2B0622
:20AEBC00709EE0FD6B0F0100005240063F008207E11006E807D8B50541EA5FDA1D0F0000A8
:20AEDC000106E0FFA2FD690A82FDE0D9BA050052F51D1D301B382346000080FFAC03E0519B
:20AEFC00CA0523570100C5151DE0A50541E21C0F00000106E0FFB205E0099AFD5C0700009D
:20AF1C001D382606318A7F00BFFFA0F91F524206FF10060807102B06881EE0FD6B0F0100E7
:20AF3C002B068C1EE0FD6B1701007F00820721000532233E0300BFFFE865E051CA05A357F1
:20AF5C000300A5051F5242063F008007E1F006C800EA00DA2606208A7F00BFFF4EF9190FC4
:20AF7C000000E009EA050032003A80FFB803C54D3A06881EE0FD3AD70100F52D3A370100BC
:20AF9C002706498A7F00064280FF260CE051A205B5253AE7010046E2193080FF380C1930CC
:20AFBC001C380A4080FF0A0CE051EA15E0E9EA051CD81B3080FF1E0C0AE81B301C3880FF62
:20AFDC003E030AC0FDC1AE0518E81C382606508A7F00BFFFD6F84CD221068C1EE0FD210F78
:20AFFC000100E1D1C1CDE0D9E20519301B381D4080FF900B19402606548A7F002706148A94
:20B01C007F00BFFFA6F84006FFF08007610006E82606598A7F00BFFF92F81D469A0126062E
:20B03C00548A7F002706148A7F00BFFF7EF8005240067F008007E10006E8FD0FEB01E009CB
:20B05C008275FD0F0900650A913D1D364A011D3E9A012046500080FFE00BE051A26500E2BD
:20B07C0085151C38F03F48021D0E0A000130C731010E5000C1392046500080FF1E2841E2F8
:20B09C0064E286F51C08F00F48021D360A00003A20465000C13180FF8E271C08F00F480286
:20B0BC001D360A001D3E9A01FD47EB01C13180FFEA27050A7D0F0800C535FD370900E03184
:20B0DC00E20DF03748021D0EBAFF1D3E9A0120465000C13180FF620BE051B225FD0F090069
:20B0FC007D0F0600FD0F0900F00F48021D360A00003A20465000C13180FF2C27FD0F09001E
:20B11C00F00F48021D360A001D3E9A01FD47EB01C13180FF8627FD0F0900410A7D0F080035
:20B13C00FD0F09007D0F06004006FF008007E1F106B807D008C017E800E200DAB56DD5059A
:20B15C005D07000041EA41E21D0F00000106E0FFB205690ABA05FAE1C1F569DAA11D260668
:20B17C005F8A7F00BFFF44F700CAB50D19F0C2F2D8F1003D26067D8A7F00BFFF2EF741CA63
:20B19C00FBC9D1F52606208A7F00BFFF1EF7C545FAE1A10595451D0F00000106DEFFEA255D
:20B1BC0041EA41E21BF0C2F2D8F101ED41DAF50D1D0F00000106A4FF8A0D1D0F01000106F1
:20B1DC00DEFFBA0541EA41E241EA41E21D0F00000106DEFFB205FAE1C1EDFAE1A105C51D68
:20B1FC005D07000041EA41E2D5151BF0C2F2D8F101ED41DAB50541EA41E21D0F00000106CB
:20B21C00E0FFD205690AB205FAE1E1F5FAE1A105B505FAE1D1951B504006FFF18007E130CC
:20B23C0006D007D800E23D06881EE0FD3DEF010095253D3701002706498A7F00064280FFF3
:20B25C007009E051A205D5153D3701001A381B40463280FF5C09E051CA0D3D1701001BF6AB
:20B27C000600C2F1000BE009CA053DE70900950D4CEA21068C1EE0FD210F0100E1E9A1DD0A
:20B29C001C504006FF309207E1F006E007C808C000EAA50541EA1DF0DCF1000B0106E0FF40
:20B2BC00D205690AB205F9E9E1F5E0E9BA051F52C5251C301D38BFFF66FF0AD0E0D1BA05C8
:20B2DC001F52B51D23360000003A2046240080FF56251C30193823460000BFFF52FE0AD802
:20B2FC00E0D9BA051F52950D1B30233E0000FAC760F97857010000525206FFF00610070853
:20B31C0002F0B50541F2410A009BE099820D019F0000E099C2050093F391D2F51E50A25125
:20B33C007F008007E11006E007D82606818A7F00BFFF78F53D06881EE0FD3DEF0100F51557
:20B35C003D3701002706498A7F00064280FF6208E051A205B50D3D3F01002606988A7F00C8
:20B37C003D470500463ABFFF42F54CEA21068C1EE0FD210F0100E1E9C1E52606208A7F00D9
:20B39C00BFFF28F500524006FF10010A00007F008007E11006D83D06749EE0FD3C06749EA9
:20B3BC00E0FD80FF8206E051E207A501BFFFDEFF7C070900400EBFFF210F05057C0F0500D0
:20B3DC000B0A7C0F0D002106C78A7F007C0F11000C0A7C0F15007C0719007C071D007C079C
:20B3FC0021007C0725001C0E90007C0F29007C0745007C0741007C072D003C0F2D0021081D
:20B41C007C0F31007C073500200EA7797C0F3E007C0739005C073C005C073D0021068038AB
:20B43C0001007C0F4D007C0751005C0754009C0F5500C60A5C0F5400200E20005C0F5500EF
:20B45C005C0756005C0757007C0759007C075D007C0749003C0F25001C164000C209E2093D
:20B47C00F2053C0F2500810E00107C0F250020EEA87741EADD0042EADD0044EADD0048EA7F
:20B49C00DD001DEE1000DD001DEE2000DD001DEE4000DD001DEE8000DD001DEE0001DD003A
:20B4BC00FC0F3F00FD09F2053C0F2500810E00107C0F25007C0781007C078C007C0785004F
:20B4DC007C07890080FFF4007C0761007C0765007C0769005C076D005C076C007C078E0069
:20B4FC005C076E00200E41005C0F6F0021060064D03F7C0F71007C0775007C0779003C0F41
:20B51C007900D80A7C0F79003C0F7900810E85027C0F79003C0F2500810E01007C0F250022
:20B53C001F0A7C0F7D003C0F25001B097C0F25002106080AC7FE7C0F0900403EBFFF273F46
:20B55C00050540360400074280FF2C04000000524006FF10800761003D06749EE0FD80FF13
:20B57C00C604E051AA0DA50500003D1709002106080AC7FEE1119AFD80FFAC04E051EA0D18
:20B59C003D0F2500C1064800A20DA50500003D0F2500C1063000B2FDA505000080FF8804EA
:20B5BC00005240067F00800721000032BFFFE4FDBFFFA4FF40063F002106749EE0FD0712CA
:20B5DC0041179200410793000116B00001F69400DE060300920D80138812811388128213C2
:20B5FC0088128313A5050115201600104117980088124117990041079A0041079B0001F6C2
:20B61C009C00DE060300E2058003810382038303A505010501F6A000DE060300E2058003FA
:20B63C00810382038303A50501054107A4004107A500801642844117A60088124117A700E3
:20B65C004107A8004107A9004107AA004107AB0001F6AC00DE060300E2058003810382030B
:20B67C008303A5050105018E940001F6AC00DE160300BA05009DD50DA2F10095C312209EC2
:20B69C002000E29780009311029DE29FC0001299D389019E9400F389F2052117250082164F
:20B6BC0000106117250020160326411790008812411791007F009607E1FF633729003906F9
:20B6DC00749EE0FD19F69C00DE0E0300BA050015D50DA1F1009DC30A20162000E19F8000BD
:20B6FC0082090215E117C000131163171D0019F6A000DE0E0300BA050015D50DA1F1009D96
:20B71C00C30A20162000E19F800082090215E117C0001311631705006307150000D2430752
:20B73C0002000000405EBFFF2B5F0505635F1900235F1900795F0500B90F9100991791000E
:20B75C00E117B0F80206FDD9EA05B95F9300435F0300B50543070300B90F9B0099179B005B
:20B77C00235F2900E117B0F8E259E9070302A35F0300615AEA07F901235F290023671D0035
:20B79C00C45A0BA8CCA9B50F0F0095170F00E117B0F8020801D8DB00E0D9E207D30163077B
:20B7BC00150015F60400DE060300B20D230F1900800B880A810B880A820B880A830BC505A6
:20B7DC00235F1900015DB50F0D0095170D00E117B0F8020801E8DD0015F60800DE0E030058
:20B7FC00BA050015D50DA1F1009DC30A20162000E19F800082090215E117C000131102B8ED
:20B81C00235F05001DF0C2F2CBF1000DE009FA0541EADD00015A435F020000D280071001A2
:20B83C00235F05001DF0C2F2CBF100B55FDADB0041EADD00835F0300E059B225E0D1AA0DBA
:20B85C0016D0235F05001DF0C2F2CBF100B541EADD001AC0980088D263B7250063BF2100D7
:20B87C0000E2B50D2367250023F72100DC618C0F0100DCF1800B41E2F8E1D1F5D8B9F55550
:20B89C00D6C60300E0C1EA3516D082D241DADB0000A2B52DDAC63F0086D25FDADB00235FAC
:20B8BC0005001DF0C2F2CBF100B563B7090041EADD00235F0900635F110063BF0D0000E29B
:20B8DC00D50D23F70D00236711001C08C20AC1F1CC09210F0100010D41E2F8E1B1F5180830
:20B8FC00C20AC1B941A2940065A29925E0D9BBD5E51D18583659635F0900235F0900635F48
:20B91C00110063BF0D0000E2D50D23F70D00236711001C08C20AC1F1CC09210F0100010D8F
:20B93C0041E2F8E1B1F51808C20AC1B9E0D9FB07F3FE235F29000B06E1FF911D80FFFC0072
:20B95C00235F2900390F2D000112EB17C0002209790F2D00235F2900390F31000112EB17BD
:20B97C00C0002209790F310080FFE400235715005606FFFF8007E13006D807D008E09C00EA
:20B99C003D06749EE0FD1C08810AB9057DD705001C08820AB9057DDF01001C08830AC91539
:20B9BC0080FF98003D0F2D004016008022097D0F2D003D0F31004016008022097D0F3100E6
:20B9DC0080FF8C00000000524006FF303E06749EE0FD1A15049D2106080AC7FEE1998A0D67
:20B9FC000208840AD905120D810E0003130D00527F002B06981EE0FD4B0700002B06991E15
:20BA1C00E0FD4B0700007F003E06981EE0FD6008E0098A0D010A800B2B06991EE0FD4B07F0
:20BA3C0000007F0080072100E0574010E051E107040B015040063F008007210021069C1EB5
:20BA5C00E0FD0130BFFF365640063F008007210021069C1EE0FD26069C1EE0FDBFFF42566E
:20BA7C0040063F0080072100BEFFBAE90000BEFF74EBE5FD00080010001800200028003077
:20BA9C00003800400048005000580060006800700078008000880090009800A000A800B04A
:20BABC0000B800C000C800D000D800E000E800F000F8E0072000E00F2000E0172000E01FA6
:20BADC00200020362000E62F2000E06F2000E0772000E0872000E08F2000E0A72000E0E715
:20BAFC002000E0EF2000E0172008E01F2008E0272008E05F2008E0672008E0372010E04762
:20BB1C002010E00F4010C10E0700600AEA1D2406B49EE0FD2506808E7F0023060000E1FD3B
:20BB3C00210600027F00E12720082A0600007F00EA1F2008E55740002B06008000000B51A8
:20BB5C00EA2F2000BE07B0E68505C505660701004432E639CBFD7F00231EFCFF63F7010000
:20BB7C00E6F74000231EFCFF63F70100E7F74000231EFCFF63F70100850500007F00000037
:20BB9C001E58E041A21506F0070F0000800B41F2E009BA055FF2D505413AE8061300D50548
:20BBBC00800341F2E806050006500BF07F001E5806F00052E041C20D600841F287570100C8
:20BBDC00413A8151DA05E009B205E80613000BF07F001E5806F0000B41F2E009DAFDA6F101
:20BBFC001E56FFFF0BF07F0007400641C80603000650DA0D27470100F50566470100443214
:20BC1C0027470500443AE047404B89FD07470000413A4132E0414647FFFF9AFD7F000000E1
:20BC3C0086470100413287570100413A8851BA05E041FAF57F0000525F42960D86570100B2
:20BC5C00875F01004132413AAB51F2F57F001E5807F0000D410A010D06508A004137FFFF68
:20BC7C000BF07F00031EDCFF634F210063471D0063FF110063E70D0023E60C0063EF09005E
:20BC9C0080EF0400074063370500233604005D3E0000273ECAFF63070100234E1C0080FF92
:20BCBC007C061E3003F0020D4107000006E508FD04ED06F0031E24007F00031EE0FF1E5045
:20BCDC0003F00F4D07FD05E523E608000D45230E1800010DC30E0700030D0AF0A30709407C
:20BCFC000000BFFF82FF23E7090023FF0D00031E20007F00031EECFF63FF110063E70D0011
:20BD1C0023E60C0063D7090063DF050063EF010080EF040006D05DDE7FFF3BDED0425D0E7D
:20BD3C007FFF210ED042FB09B20580FF04005D0E7FFF210ED042FB09B20580FF04001A3038
:20BD5C0080FFC21F1E3003F006E508FD00ED02DD04D506F0031E14007F008057A42106083D
:20BD7C00A5054132069F00001306E0FFB2FD1396F8FF6692F1F51306D3FFE2EF0000C2053D
:20BD9C001306D5FFAA054132E0418A25069F00000A421306D0FFEA45069F0100130688FF5A
:20BDBC00C2051306A8FF8A15069F02001396D0FF6A92F105939E2000139E9FFF669AC905C2
:20BDDC0042324642F52D0842D52D089EFEFF1306DDFFB90DE039B205670F010020361600CC
:20BDFC0080FFCC1F0052E565069F00001306D0FF9A1D069F0100130688FFC2051306A8FF10
:20BE1C009A15069F02001396D0FF6A92F105939E2000139E9FFF669AD9050806F0FFAA051C
:20BE3C00423206801F92E897C20200520A88069F00004132137ED0FF6A7AEF9F229BB115A7
:20BE5C00137E9FFF0F06E6FFC105139EA9FFB50D137EBFFF0F06E6FFC105139EC9FFB5057A
:20BE7C00209E2500E8998E0DF251E8572202E18F128BD351D5DD4182F031BA050136010043
:20BE9C00E039C2055F3267370100E089EA051F0A810ADD09E151B30D2036220080FF101F6C
:20BEBC001F528152E0E9E2054152C505E0E9A205805180FF92201E5806F0009D21066D4EB8
:20BEDC00C6410150F35722020A56393001559052CA56FF7F0BF07F00BF07DEFF80572220AB
:20BEFC003D06A41EE0FD80FF161E1D30BFFFCAFF0AE880FF0C1E1D5080FF4C20400EE0FD9F
:20BF1C006137A51E7F00003A0A42BF0750FE1E5807F0950D0A0AE137C29A130E30005E0F3C
:20BF3C00FFFF5FF2E031FAF51E500BF07F00031EE4FF63FF190063E7150023E6140063C789
:20BF5C00110063CF0D0063D7090063DF050063EF010080EF040007D808C826D7090026C783
:20BF7C000D00E5055FDA19301A38F8C760F9E0D9AFFD1E3003F00AE50CFD00ED02DD04D57F
:20BF9C0006CD08C506F0031E1C007F00581A63FF050063E7010003E020462000BFFF92FF57
:20BFBC0023E7010023FF0500481A7F00031EA8FF63FF550063E7510023E6500063A74D0088
:20BFDC0063AF490063B7450063BF410063C73D0063CF390063D7350063DF310063EF2D00F5
:20BFFC0080EF040006D007C86307090000A2145863070D00E03906BF1A00CA053906D48AB1
:20C01C007F00060F190026AF0100E009F20D01DAE0B9F235393F01002336260080FF440A39
:20C03C000AD823CE260014B8C52D060F180026C70500E009B22DE0B9921D63CF01000BD8E8
:20C05C00E50D23362000033880FFFC09E051B60D870D0A08DB09F809CB0501D8F8D9A1F50B
:20C07C007FDAFA0D1F528007AC0119301806007DD205183880FF9A09B505BFFF58FB0AD8C5
:20C09C001B58D959635F1100B5451930BFFF46FB1A0F17000AD814B81958CA59635F110075
:20C0BC00E00992151A0F2100010691FF9A0D200E3000590FFFFF5FCA0ADE0100C515025A40
:20C0DC00635F0900190F00000106D3FFF2050106D5FFC2050106E0FFEA05015A635F0D00E0
:20C0FC000ADEFFFF1806007DE1C704C3B2055A0714003A0F1100C1D9F8D9CE0518A0BBA15C
:20C11C0018D8235F090023670D00CB61CCD93AC70D00FBA93AB70900FBAF22AB1538BB39BC
:20C13C001550E0C1F2751A0F150063071500E009C205633F1500A50D1A0F1400E009B205C3
:20C15C00C7A1C5051A30BFFF46FE235F0D00E059F205193700001638F8C760F941CA235F43
:20C17C000900625ABA0D163820363000F8C760F91A3721001638F8C760F91A301438204657
:20C19C003000BFFFACFDE0B9922563CF0500B50D1708C30901371A001638F8C760F941BA05
:20C1BC00F9B9F1F5E0D98235233E040023361A0080FF94080AC8FB51FB25AAD9E051CA05A7
:20C1DC000AD81ACF190000BAC5ED3A0F1100E009F2151ABF210058BAB700A515190F000004
:20C1FC00F7098A0D1A303A3F110020463000BFFF40FD193700001638F8C760F941CA235FE4
:20C21C001100EBC9C1ED1A30233F1500BFFF80FD15501E3003F028E52AFD16ED18DD1AD5D2
:20C23C001CCD1EC520BD22B524AD26A506F0031E58007F00031EE0FF1E4803F00FFD0DE581
:20C25C0023E6180009DD06D80BD508D08F0309F00730233E0F00BFFFB8FC0A38E0D1D205B7
:20C27C004AD7FFFF0A3EFFFF5B0717001B30BFFF3EFD1E3003F00CE50EFD08DD0AD506F089
:20C29C00031E20007F001E5806F0210B018EAFFF010691FF049AE39F049B0F92E7970493E1
:20C2BC00E50D07085209010E30000106C7FFA705D109480FFFFF5F42F33F8000E039AAF514
:20C2DC0008500BF07F00031EE4FF1E4003F00DFD0BE523E6140009DD06D88F0308F0E0399D
:20C2FC00CA0D260F0500E009EA05060F2100010691FFB2054607170023460F00BFFF8AFF92
:20C31C001B300A38BFFFA8FC23E7150023FF190023DF1100031E1C007F00031EB0FF63FFB7
:20C33C004D0063E7490023E6480063B7450063BF410063C73D0063CF390063D7350063DF6B
:20C35C00310063EF2D0080EF040006B007B808D809C823C7510000D2E041CA053B06D48ADC
:20C37C007F0063371100633F150080074A040606DBFFA20DE0B9C2051638F7C760F941DA76
:20C39C0041D28007320441DA200E0083630F0D00230E1800C50541070000410A239E2900D6
:20C3BC00F309A3FD1B3700000606D3FFCA0543371D00951D0606D5FFE20D0606D0FFCA0504
:20C3DC0043371C0085150606E0FF8A0D030F1E00E0099A0D43371E00E5050606DDFFDA0586
:20C3FC0043371F0041DAF5DD0606D6FF000AFA1D399F0100439A829AC29A130E0400790FBE
:20C41C000100330F0100630F0900E0098E0D8009630F09001B0F0000430F1D0041DAF50D03
:20C43C00EA0F400241DAC609010ED0FF630F09001B370000069ED0FF6A9AB1F51B0F0000C9
:20C45C000106D2FFCA2D1B0F010041DA0106D6FFE00F140BCA1D399F0100439A829AC29AAC
:20C47C00130E0400790F0100330F0100630F0D00E009DE05200E0083630F0D0041DAF50D17
:20C49C00EA0F400241DAC609010ED0FF1B370000069ED0FF6A9AD1F5630F0D001B3700001D
:20C4BC000606E0FFC2ED41DA0606B4FFD21D060698FFD21D060696FFF215060694FF920D85
:20C4DC0006068CFFF21D060686FFC21D5FDAA51D433722001B0F0000010694FFBA1541DAE5
:20C4FC00430F2300F50D43372300C50D1B0F0000010698FFDA05430F270041DAB5054337CB
:20C51C0026001B37000041DAE031E207B50243372900233E0600860E200001069FFFE2076F
:20C53C009B0101069DFF8925E2073F0201069CFFF21D010698FFE9078301010697FF821DC9
:20C55C00010692FF9915E2079F01010690FFD96D825D01068DFFE207E30101068BFFD2650D
:20C57C00010688FFA2654307220080072602030F2300399701001C8AE009E225399F050076
:20C59C00120EFFFFC10E0400E199E29F0000C29AD299439A5199B30709400000130E0800D9
:20C5BC00790F01005D0E7FFF210E9A3C5D9E0000339EE805E1990838F20D2336080080FF96
:20C5DC0074038007F00143925191120E0400790F0100323F0100030F2600E009B205E700BB
:20C5FC00E505030F2700E009A205A70003471E00E039CE0520462D00803923360800A55DC2
:20C61C00399F01004832439A829A43372900C29A130E0400790F0100333F01002336080031
:20C63C00BFFFA6FC80078E01030F2300399701001C8AE009E225399F0500120EFFFFC10E02
:20C65C000400E199E29F0000C29AD299439A5199B30709400000130E0800790F01005D0E11
:20C67C007FFF210E9A3C5D9E0000339E1A06E1990838F20D2336080080FFEC0280073601EA
:20C69C0043925191120E0400790F0100323F0100030F2600E009B205C700E505030F2700E6
:20C6BC00E009A205870006068BFF9ABD233608000042BFFF82FBE57D5D0E7FFF210E9A3C2C
:20C6DC005D9E7FFF339E9A3C23360800E199FA052706DB8A7F00BFFFD6F8C56D193880FFA5
:20C6FC000400856DE0C1E10F140BAA3D390F0100039F2700430A820AC20A440A790F010003
:20C71C00E099210FFDFFC20541D70000C555039F2600E099C20561D70000D54D039F230038
:20C73C00E099820D1A901A98BF9AA1070F900000A54561D70100F53D390F010043372000A1
:20C75C00430A820A43071C00C20A440A790F0100E0C1213FFDFFA225E0398A25020A780FBC
:20C77C0001001F52E52D390F0100430A820AC20A440A2137FDFF790F0100030F2200633732
:20C79C000100E009E205200E0083630F0D00033843370600010A430F210023360800BFFF24
:20C7BC000EF8E051FE05E0C1C20D030A780F0100850DCAD11B370000E031FA07B5FB1A5073
:20C7DC001E3003F024E526FD16ED18DD1AD51CCD1EC520BD22B506F0031E50007F00031E62
:20C7FC00E4FF1E5003F00D4D05FD03E523E6040001050AF0234E1800BFFF22FB23E7050015
:20C81C0023FF0900031E1C007F00541A63FF090063E7050023E6040063DF010008D8BFFFFF
:20C83C00F0F60A38E505200E3000470FFFFF5F3AFB39ABFD075023E7050023FF090023DF10
:20C85C0001004C1A7F00031EC8FF1E5003F01BFD17BD19E509B811D523E630000FDD07D000
:20C87C0015C506C013CD0AF026970500033E1B00E09147070000E1970CDB87D9039E0100E4
:20C89C00F3D9320600286BEEF3DF22DB209E2200D52D1306E1FFF98F3C8B2F0600CA9A3B2A
:20C8BC00F37FC0001306E1FFF07F3C83C1CAFA91DB0DE181DB0541CAB2D1B009F505FA91F7
:20C8DC00D90541CAB2D1B0095FD281925F9AACE511D0079EF7FF19890130E79F2443BFFF4F
:20C8FC002CFF0A3819400392049A0808E0D10082108810C8FACD08301B40BFFF10FF0AD867
:20C91C00E0B9D2054ABFFFFF0ADEFFFF5807170018301B38BFFF98F61E3003F018E51AFDEC
:20C93C000EDD10D512CD14C516BD06F0031E38007F00581A63FF050063E7010003E0060F96
:20C95C001600E049EE058041200E2D00E907824B09380148BFFFF2FE23E7010023FF050046
:20C97C00481A7F00031ED4FF1E3803F015FD13E523E6240011D50FDD06D823561B009B0364
:20C99C0007F008080909BA0546471700068F2100110691FF9A1508080909C22DC89607007D
:20C9BC008342129630004A97FFFF5F520908DD0A0141834A95F511068BFFEA050938004A82
:20C9DC00BFFF86FEB51D09D008380A40BFFFBAF8E0D1B20DE505200E30004A0FFFFF5F5294
:20C9FC00230E1300EA0981FD1B301A380A40BFFF98F81B300A38BFFFB6F51E3003F012E503
:20CA1C0014FD0EDD10D506F0031E2C007F001E58C639E73106F0FF3F160BA50541F2E1F1C6
:20CA3C00C905009BE099BAFD1E50A6510BF07F001E5806F0E031C205013D06F604001E5072
:20CA5C000BF07F000798270F0100213F0100E039E205440A730F010080074C0007507F008F
:20CA7C001E5806F0E0310650C21D079893000708A80A0190A892CA1501967FFF120682FF9D
:20CA9C00910DE099D20D800B06F601000252809B850D0152E009CA05130680FF96FD1F5254
:20CABC000BF07F000708C100E139BA05BF07B4FF1F527F000608A1000156D0FF6A52810DAF
:20CADC00810E2000010E9FFFEA0F08534A527F000A0080575C1406E8633F150000AA630765
:20CAFC0005000AC26337110015E015D8A50541EA1DCF00001906E0FFB2FD190EF7FF640AC3
:20CB1C00F3F5630709001906D3FFC2051906D5FF9A0D1906D3FFE25F00008059635F090076
:20CB3C0041EA1DCF0000990E2000010692FFBA251D9F0100939E200013069FFFCA1D1D9F1C
:20CB5C000200939E2000130692FFDA151D0F030043EA0106D8FFAA0D1DCF010041EAE0C91B
:20CB7C00D2051906D7FF9AFD41EA40BEF87F15B080078805010697FF9A3D1D0F0100810E8D
:20CB9C002000010692FFAA351D0F0200810E200001069AFFBA2D1D0F030043EA810E200073
:20CBBC00010697FFEA1D1D0F0100810E2000010692FFFA151D0F0200810E2000010697FFB8
:20CBDC008A151D0F0300810E200001068CFF9A0D1D0F0400810E2000010687FFAA0545EA39
:20CBFC0040BEF07F15B08007060515B815B0205E6500435F030020A613001906D0FFAA25A5
:20CC1C001D0F0100810E2000010688FFBA1D1DD70200153080FFFC04EAD1BA051DD703008C
:20CC3C001A30BFFF92FE0A06F0FFC60541EA8007BE0420C610000FA242EA205E7000435F9F
:20CC5C00030063EF0D001D0F00000106D0FFBA3541EAA5FDE051C20563070500E505235FC5
:20CC7C000500415A635F050041AAF4A9BF256AC2EA151B98C29A1C089E0A01991C08C20A35
:20CC9C00DC09FC09E1970000D39101989F9AD2D9FB9FB2F013D801E0C1E2E505C4DA1C08DE
:20CCBC009C0AC1D9C4E2DC51FC510AE0E10F0000C1D941EA1DCF00001930BFFFFAFDF85126
:20CCDC00A1CD15D0B4D11630E0D708D380FF4404EAC98A6D235F0D0016C841EA415A635F22
:20CCFC000D00E0A99A5D1D0F00000106D0FFCA555FD241EA95FDE051BA0541CAC54D630705
:20CD1C00050095255FCAF4A9EF1D6AC2EA151B98C29A1C089E0A01991C08C20ADC09FC09EC
:20CD3C00E1970000D39101989F9AD2D9FB9FB2F013D801E0C1E2E505C4DA1C089C0AC1D9E7
:20CD5C00C4E25FD241AAE0C9EFDDF4A9CF256AC2EA151B98C29A1C089E0A01991C08C20A5F
:20CD7C00DC09FC09E1970000D39101989F9AD2D9FB9FB2F013D801E0C1E2E505C4DA1C08FD
:20CD9C009C0AC1D9C4E2DC51FC510AE0E10F0000C1D95FD241EA1D370000BFFF1AFDF851D5
:20CDBC00B1AD1806F0FFAA05C2D2235F0D00FD59DA0523EF1100800742031D0F0000035F68
:20CDDC000300810E2000EB09DA2D1DCF010016081D88019841EA1906D3FFC2051906D5FF6B
:20CDFC00FA051906D3FFE29F0000809941EA1D9700001296D0FF6A92C10D11E885153206A2
:20CE1C0000E1F505F209CE05EA0F4202CA0941EA1D5700000A56D0FF6952A3F53309B30924
:20CE3C00C1D1235F05009559F459B7059CE601006AC2AA3D1A06EDFFF7351408B509E00935
:20CE5C00971DA1D1D5151B90C2921C989E9A13911C98C29ADC99FC99E18F0000D28913908F
:20CE7C009F92D1D9FB97B2F012D813E0C1E25F0ABCED1A06DEFE861DDF0D210661B0F21828
:20CE9C00E1D9A115FB0521061871A0AEE1E1CB05B50DE0D9920D2036220080FF120F40BE46
:20CEBC00F07F80074A021CB01BB1E20743021806F0FFEA072F0117C81C301B3880FF2410EF
:20CEDC00209E4000AA991308DA095F0A139ECBFF0106FE03CE05A199139E02FCE099E09F57
:20CEFC000C9BB64D130EFFFF0106C0FFF1150106C0FF1CB8E0DF1C93BE050106E0FFF2BF1F
:20CF1C003CBBF9973C93E1BF8000C192A10E1F00E197C20801B9D7BE0100130EFEFF0106A7
:20CF3C00C0FFF11D200E4100B3090106C0FF1B88E0E71C93BE050106E0FFF28F3C8BF9977D
:20CF5C003C93E18FC00012808182A17E1F00EF8780001089E197C0001191EACF0000A50D0F
:20CF7C001306BFFFF705E0B1EACF000000E21CD8D5151306C0FFBEFD1306E0FFFBE73CE32C
:20CF9C00E0DF1CDBF3E780001B90C192B38E1F00F197C00012E1F3DF8000D3D1E0B9BA057E
:20CFBC00E0C9F21D80FF80016152B11DC20D235F09006352D105DA15E059B215B50DE0594D
:20CFDC00920DF50DE0B9D20DE0C9CA051C08810A890D1C0E0100FC0901E0E19F0000D3D922
:20CFFC001C301B3880FFE6050AB00BB8E0D1F27D1806F0FFEA372433EB3F243BFA472443B9
:20D01C00B25D200EBCFEB509E1D1A76D200EBCFEB409E1D1D76500720E68E0D1BE0580D139
:20D03C00016A1A7E0F00A57A6A7AA6150A7A1A0EC8FE0106F0FF0172E70D330679C341433C
:20D05C0032060080E037F2B77EB4500AB5F50F08C50A9A09E009DE058009E071E27700007E
:20D07C000F98C39A3206688B7F00D299B30709900000E009B71D3106E08A7F00C30AC18934
:20D09C00B107098000006A7A9A0DE071C205F0B77EB4E50DF0B774B4B50DE071C205F09795
:20D0BC007E94F50DF0977494C50D6A7AAA0DF69774342046B8FF80FF02020AB00BB8850D60
:20D0DC00E069C205F2B77EB4B505F2B774B4406E10000062F6673074E0070004820D40BE25
:20D0FC00100000B22036220080FFC40C235F0900E059B205E1B758B4235F1500E059B205E5
:20D11C006BEF010016501758031E280080FF620E1E583E06A81EE0FD0053E031A205803370
:20D13C000BF07F00409EE0FD339FAD1ED39E000F1390A892130600F1E19704537F001E58D6
:20D15C0063321F529B0D3E06AC1EE0FD009D0052E69FD0B8019D0BF07F001F92E031E697C7
:20D17C00249312507F001E5806F0E0311F52D205E039BA05010507500BF07F00E0311F5205
:20D19C00C205E039E75724537F00E0311F52E65724537F00409EE0FD339FAD1E06508A0072
:20D1BC0053517F001E5806F07E32820DE031E205409EE0FD339FAD1E019D00520BF07F00CB
:20D1DC001E583E06AC1EE0FD7E32E205E031C205009566970100009D208E00FF005251994A
:20D1FC00019D0BF07F001E5806F07E32D205E031B205009DB505209E000F4066E0FD6C9F8E
:20D21C00AD1E00520BF07F005C1A63FF0100BFFFD8FF005223FF0100441A7F00031EE0FF9B
:20D23C001E4803F00FFD09CD0DB50BBD07D503E501ED08D005DD09F006C8404E008047493C
:20D25C0000BA17B006E007E8920D07D8A9D980FFA601409E00801690E50507D880FF5E018B
:20D27C0016901298E0D1C205BA070F500000408EF07FF1D9C1059B15E0C9B50D4086F03FCD
:20D29C00F0D9B10DEAE772E4F6E73014E0070004F2E724E3F3EF24EB1C501D581E3003F0C5
:20D2BC000EFD00ED02E504DD06D508CD0ABD0CB506F0031E20007F0006600680407E00807A
:20D2DC0047790788AF894056F07F11704A71EA71A20D083600100606FFDFD90D1161FA05D1
:20D2FC000082008A0F58115910507F00E041008296FDB53DE071BA35E089920D0E98B50586
:20D31C00C18A419A11909592C9FDF50D404EE0FF4C49B21540960080209E1500B50581927C
:20D33C00419A0C585259C2FD0052B351EA6782680D89F367C280D50DE061D2D50C8809807E
:20D35C00209E2000B505C18A419A11909592C9FD013AB339C741406610002C89AE89B4726E
:20D37C00C8710E0601F8D60DE079E205403EF0FF00328007BC00403EF07F0F308007B200E1
:20D39C00E0719F1D4046100008895F720E06340086AD0E062000DF058071EE8F8280A5A51F
:20D3BC00006AAE69ED878000EE8FC2480981ED8F8000959DD472CE89E5950768C16A065096
:20D3DC000758956A0D06CDFBDF15E1375484E1875254E6573074E0070004E205406EF03F76
:20D3FC000062EC57725407789F7AEF59B905E15758547F000768C16A06500758956A0D0644
:20D41C00CDFBDF15E1375484E1875254EA373074E0070004E205406EF03F0062EC57705459
:20D43C0007789F7AEF59B905E15758547F00541A63FF090063E7050006E063EF010007E87F
:20D45C002036220080FF68091C501D5823FF090023EF010023E705004C1A7F00E731E27DBE
:20D47C00E041C27D0708A609E809E9074D01210600000000E009EA07510106086442810DAE
:20D49C00B515879F0100413A419F0000410A08985F42E099FAF5A565879F0100413A5F42E3
:20D4BC00419F0000410AC1060300FAF5C7960300B26DC3920798829AC29A68428145336F6F
:20D4DC0001000806ECFF993D1E3813F00265139E10000485F26F8258067D008AB289087556
:20D4FC0001F0F167C2680B69F2678000016DF187C2680C69036DF2878268010E1000F17F69
:20D51C00C2800D810585F27F82800E68F177C2881089078D07F05042D5D533870500F26F7A
:20D53C008278449A008AB2895C42F187C2880F89618F0100440A1068684289F5088AF19741
:20D55C00C002F505929F0100419F0000410A019AD39108985F42E099EAF506507F001E48C3
:20D57C0007F0009D619F0100029D619F0500049D073E1000619F0900069D504209F0619F29
:20D59C000D00010E10000806F0FFA1ED6442910D279F0100443A619F0100440A5C42F5F558
:20D5BC0008985F42E099A2DD879F0100419F0000410A413AE5F50808C709A6095F0AE80986
:20D5DC00B90580071C018007D202581A20863D04E039DA05063820861D0400320790C19200
:20D5FC001F7AFF9702934192E0976693F23FC260B2810698819AB279EF9F80000C99F237C2
:20D61C00C00006501351E08704831388D58A8B9AD4820670D572D0998B3206890E689F6A20
:20D63C00CD89ED8940460080E14F0000C999E871639F0500E297000032784F89638F01001C
:20D65C00A30709500000481A7F00581A0798BF9A33393331B331207E3D04E2970000539170
:20D67C00DF9AD239DA0506380032207E1D040788C18A1F72FF8F028B418AE08F668BF13F1B
:20D69C00C258B17906908192B171EE9780000B91F137C00006481249E07F047B1280D58266
:20D6BC008B92D47A0668D56ACF918B3206810D609F62CC81EC81403E0080E1470000C891EB
:20D6DC00E769E27700002E88518163870100139163970500A30709500000481A7F001E5815
:20D6FC000898C7990808C6096442E915F505B397FFFF5F9A4197FFFF5F0A08905F42E09167
:20D71C00FAF506500BF07F00B397FFFF5F9A5F424197FFFF5F0AC1060300FAF5D3960300E8
:20D73C00D265C39213F082F2C2F26842E13D007D0806ECFF893D1E3850F20675503A046D04
:20D75C00009AB299028DF37FC260008521F6F0FF500AF27782780C79F377C000077DF26FC9
:20D77C0082780E79F36FC270057DF28F82780E79037DF38FC0001078F28782981199019DCF
:20D79C0007F05042E5D53E8FFDFF009AB299F37FC2805CF25C42F28F82981099619FFDFF9C
:20D7BC005C0A1178684289F5088A1298F19FC002DE9908905F42E091D2A5B397FFFF1FF2B7
:20D7DC004197FFFF5F0AD5F533F6F0FF06956197FDFF04956197F9FF02956197F5FF0095DC
:20D7FC00509A50426197F1FF500A0806F0FFD1ED850D3397FDFF5C9A5C426197FDFF5C0A4E
:20D81C00644289FDF505B397FFFF5F9A4197FFFF5F0A08905F42E091F207EBFED5F50000F0
:20D83C0000000000084806580650C73EFF008059CB5E0300920DAB49832D0000463F0000F7
:20D85C004132EB060700E73FD0F8E73F90F0076007680940844AD20DA6070F600000A60718
:20D87C008F60000006361000E9061100C8460F000848824AA20D663F01004432E906070057
:20D89C00C8460300CA057F006042E205463F00004132E80607007F000608C65E0300CA2DEC
:20D8BC002759CB5E0300CA3D08708472D215A70709500000A70789600000073E1000A607A4
:20D8DC000F500000A6078F60000006361000EE062100C8460F0008708272E23D27570100A9
:20D8FC00443A665701004432EE060D00C8460300BA3501507F00065808488059CB5E0300D6
:20D91C00AB49A32D07670000413A466700004132EB060D0009402759CB5E0300E2C5084834
:20D93C00824AA21D87570100A75F010087670300A76F0300EB57D0F8EC579070ED5790F837
:20D95C00443A665701004432E9062500C8460300BA0501507F00E041A20D0000075F00000F
:20D97C00413A465F00004132E8060D0001507F00FF4760F9E1476009E6476071064807307A
:20D99C000938BFFF16FFE6676071E1676009FF6760F97F00031E9CFF63FF610063E75D0024
:20D9BC0023E65C0063CF590063D7550063DF510063EF4D0080EF04001E5003F01B3D194510
:20D9DC001D4D5D5E00002B5E3204135D5D6600002C666CFE09655D6E00002D6EE0FE0F6DEA
:20D9FC005D767FFF2E762C2611755D7E7FFF2F7E2C260B7D06F006855DCE7FFF0A9539CE8E
:20DA1C002C26048DEFC90E7D0275089D0C0D03F02305030500DA2505E0CF04CB1F05EF09CE
:20DA3C0021050AF0E22D1BD00188B3895D86010030865476E181B105F079BB0500DAB1D9E2
:20DA5C00E161B105EC79AB151180CC8163871100D169636F1D005D0E7FFF210E2C26D10947
:20DA7C00630F2100E0C9A205D1C9F359B105EB91BB1DF299921D0B08B109630F2500C5153F
:20DA9C005D5E7FFF2B5E2C26AE5903F0035D2106800E7F00B109215D3A0600000000230D20
:20DABC00B0D125D50AF05D5E01002B5E5476DB59635F01005D6601002C668476DB61636779
:20DADC000D005D0E0100210E8476E009D205DB09630F1900851D63671900D5151E4803F091
:20DAFC000C5D2C3701002C3F05002C470900EB61087DE0D7120B0C760C00017509F0C131BD
:20DB1C00EFC760F9235F0D0023670100EB61FAE55D5E01002B5E8476DB59635F01005D669C
:20DB3C0001002C66A07BDB6163670D005D0E0100210EA07BDB09630F1900A52D235F0D0082
:20DB5C001A08EB61B105230F05001E4803F0008502750E8D3037010030470900303F050002
:20DB7C004C820185C1311535174509F0CE39F1C760F9E0C9D20D235F0D0023670100EB619E
:20DB9C00F10523372900233F2D00F9C760F9235F190023670100EB61AAD5235F15005D0E55
:20DBBC007FFF210E2C26EB09C2455D5E01002B5EA07BDB59635F01005D6601002C66A07B87
:20DBDC00DB6163670D005D0E0100210EA07BDB09630F1900852D235F0D001A08EB61B1058C
:20DBFC00230F05001E4803F000850275108D30370100303F0500304709004C820185C1313E
:20DC1C00053509F0CE39F1C760F90A38E0C9B20D235F0D0023670100EB61D1052337090054
:20DC3C00F9C760F9235F190023670100EB61CAD55D0E0100210E5476DB095D9E0100339E88
:20DC5C005476DB995D7E01002F7E5476DB79E1999245320600000000B2D1DA99953D0F87DC
:20DC7C000000D0963000A492C292C391328F3D00219701001E30D28911F062906168037382
:20DC9C00D092C86A0D916068417A440AD87206F00E910D91CA0510708872A11DD076030098
:20DCBC00C272C3712E773D00E071A215D0860800A205C292CE91E081A205A29211F08093EE
:20DCDC0088928193889282938892839306F0F309FAC51E4803F01A35183D1C45125D09F024
:20DCFC00EBC760F91E3003F02EE530FD26ED28DD2AD52CCD06F0031E64007F007F007F0074
:20DD1C007F00031EECFF63FF110063E70D0023E60C0063D7090063DF050063EF010080EF31
:20DD3C00040006D8BFFFD8FF40D6E1FD3AD73DB3F5053A0F0100E1C760F93AD70500E0D14F
:20DD5C009AFD5D0E7FFF210EC2225D9E7FFF339EC222E199B20580FF0400BFFFA4FF1B387E
:20DD7C00023280FF660080070000501A1E3803F007FD05E523E6080003D506D001DD07F0B2
:20DD9C0040DEE1FDBFFF78FF3B0F3DB37BD73DB37A0F0500BFFF6AFF1E3003F004E506FDD8
:20DDBC0000DD02D506F0031E10007F00405EE1FD6B3741B37F002A0640B3E0FD7F00405647
:20DDDC00E1FD2A5741B37F005C1A63FF010061020052FF0286770100D9050A30BFFFD0FF23
:20DDFC001F5223FF0100441A7F00031ED0FF63FF2D0063E7290023E6280063CF250063D7E2
:20DE1C00210063DF1D0063EF190080EF040006D0633F050008C85DDE7FFF3BDED6215D0E07
:20DE3C007FFF210ED621FB09B20580FF04005D0E0000210EF2FEFB09B205BFFFC6FE5D0EB2
:20DE5C007FFF210ED621FB09B20580FF04005D0E7FFF210ED621FB09B20580FF04005D0E0C
:20DE7C007FFF210ED621FB09B20580FF04005D0E7FFF210ED621FB09B20580FF04005D0EEC
:20DE9C007FFF210ED621FB09B20580FF04005D0E7FFF210ED621FB09B20580FF0400E0D186
:20DEBC00BA151E3003F08203230E0200090D0B0523CE08000705235E1000035D01D2830309
:20DEDC00410A050D06F0405EE1FD6BCF45B31A30233F05001940BFFF8EDB0A30BFFF18DE06
:20DEFC00E039200E2000E00F149BE737340BC10AFF0F020B410AE00F6653D3517F000360C5
:20DF1C00581AA50D0360541AD5050360501A63DF090063E7050063EF01000AE86CFFFDFF03
:20DF3C006A000360581AA50D0360541AD5050360501A63A7090063AF050063B70100501AAD
:20DF5C00800758000062850D0162C505026223DF090023E7050023EF0100C262CC1923FFE9
:20DF7C000500481A7F000762850D0862C505096223A7250023AF210023B71D008007400065
:20DF9C000360581A85150360541AB50D0360501AE5050360031EECFF63BF0D0063C70900DB
:20DFBC0063CF050063D70100541A80073C000362C50D0462850D0562C505066223BF1900DF
:20DFDC0023C7150023CF110023D70D00BF0782FF03605C1A85150360581AA50D0360541A0A
:20DFFC00D5050360501A63DF090063E7050063EF01000AE86CFFFDFFEA67FBFFC262AC19E4
:20E01C006A00069893001308C40A22064C06840001F0C2F100156408610ACA05820F090069
:20E03C00B505E20F090001507F008007E13006D89B0007D0DA001B08C40A22064C0684008F
:20E05C0001E8C2E9BFFFE83B3DE70D001C30013A80FF20033D0F09003DF701002108D00A48
:20E07C001A09010D1C30003A80FF0803BFFFD83B4006FF300688D10000121108C20A32066F
:20E09C00FC0684000198D299930F030032064C068400C40A01F0D2F100956408610ACA056A
:20E0BC00920F0900B505F20F0900F38701005009C100E009A205011202507F008007E1F075
:20E0DC0006C8D90007C098001908C20A2206FC06840001E0C2E19C0F030022064C06840053
:20E0FC00C40A01D8C2D9BFFF463BFC1701001D08E20F90F001E8E0C1EA051D08E00FD0F08C
:20E11C0001E8F505FC1701001D08E20FD0F001E83BD70D001A30013A80FF58023BF701007D
:20E13C0001ED1A30003A80FF4A02BFFF1A3B4006FFF08007E1F306B0D60000C21608C20AAB
:20E15C002206FC06840001E0C2E19C0F030022064C068400C40A01C8C2C939DF0100990FE2
:20E17C000500610ACA15BFFFC63AFC0F01003B171D0001D042D1E0D1DA05FC0F01005B0F11
:20E19C0004009BEF0900BFFFBE3AD51DBFFFA03AFC0F01003B171D0001D042D1E0D1FA0D75
:20E1BC0039BF0D001730013A80FFC801FC0F01007B0F04001730003A80FFB801FBEF09002E
:20E1DC00BFFF843AFC0F010041E9DD00E0E9A20501C218504006FFF30688000A11F063982D
:20E1FC0032064C068400C49A1310D211229F0100829705006192CA05930F0900B505F30F88
:20E21C00090070905209C1006290F20FA2901208C10001507F008007E1F006C007E0DC000C
:20E23C0018D0BA0F030022064C068400C40A01D8C2D9BFFFFA399A0F0300E1E7C23807E088
:20E25C00DC00FA1701001D08E20F90F001E83B0F090021105C111D08E20FD0F001E83BCF7B
:20E27C000D001930013A80FF0A013BF7010001ED1930003A80FFFC00BFFFCC394006FFF050
:20E29C0006F0200E3B00800C200E7800810C010A840B050A850B86037F008007E1F006D0D5
:20E2BC009A0007C8D90008C0D8001A08C40A22064C06840001E0C2E1BFFF74393C0F09002F
:20E2DC00211058111D08E20F90F001E83C0F0900211059111D08E20FD0F001E83CDF0D0033
:20E2FC001B30013A80FF8C003CF7010001ED1B30003A80FF7E00BFFF4E394006FFF00680CD
:20E31C00D00000121008C20A3306FC06840001F0D3F1620832064C068400C40A0198D2995D
:20E33C0033970100328F01001108C10070784F09C100E009A205011202507F000680000A55
:20E35C0010F0631032064C068400C4120298D29933970100328F01001108C1007010420913
:20E37C00C1006210E20FA2100208C10001507F0006980710820013F0C2F2C5F19E07090DB1
:20E39C00F108E009A215E0118A0D8007498C5EB2219011085209950D6112EA058007499447
:20E3BC005EB21209A505000AE0098215320601A5A5A580070F945EB280074F0C5EB2320656
:20E3DC0000A5A5A580070F945EB27F0006F0200E3B00800C200E6400810C010A840B050AC6
:20E3FC00850B86037F008007E1F006D03B06900CE0FD3906BCC0E0FD38063C0884003A1792
:20E41C00010021062801D90EE111BA6D3A0F0500790F01003A0F09002B06C0C0E0FD6B0F5E
:20E43C0001003A0F0D002B06C4C0E0FD6B0F010000EAF5153E06F4078400DDF160E01CF08B
:20E45C00C2F2DBF100F5000DE009920D1CF0C2F2DBF100F51A30000DE1C760F941EA9D00F5
:20E47C0062EA91ED00EA951D1DF0F4F7400239170100C2F161E01CF0C2F2DBF100F5020D0B
:20E49C00E009920D1CF0C2F2DBF100F51D30020DE1C760F941EA9D0064EAF1E500EAF5151A
:20E4BC00FDF60C00D8F161F0C2F2DBF100F5180DE009B20DFDF60C00D8F161F0C2F2DBF14C
:20E4DC0000F5180DE1C760F941EA9D0061EA91ED013280FF0C072B06C4B3E0FD4B070000D8
:20E4FC004006FFF08007E1F13906900CE0FD37063C08840000D200E23806C0C0E0FD38C767
:20E51C0001001CF0C2F2D8F16008610AAA0501D241E29C0064E2B205E0D1C2F561D28A0D12
:20E53C0020366400003A02420B4ABFFFD832E0D1EA55003280FFAA0600EAF515FDF60C0026
:20E55C00D7F161F0C2F2D9F100F51A0DE009B20DFDF60C00D7F161F0C2F2D9F100F51A0D92
:20E57C00E1C760F941EA9D0061EA91ED00EAE5153E06F4078400DDF160D81BF0C2F2D9F1B7
:20E59C0000F5040DE009820D1BF0C2F2D9F100F5040DE1C760F941EA9D0062EAA1ED00EAC5
:20E5BC00C51D1DF0F4F740022206BCC0E0FD22170100C2F161D81BF0C2F2D9F100F5060DEB
:20E5DC00E009920D1BF0C2F2D9F100F51D30060DE1C760F941EA9D0064EAC1E54006FFF1C6
:20E5FC008007E17006D89B003906900CE0FD00EAFB0E14002206BCC0E0FD2217010001D063
:20E61C00C2D1BAE701001CF0C2F2D9F100F5080DE009A20D1CF0C2F2D9F100F51B30080D9E
:20E63C00E1C760F90AE81D504006FF708007E17006D89B003906900CE0FD00EAFB0E140099
:20E65C002206BCC0E0FD2217010001D0C2D1BAE701001CF0C2F2D9F100F50A0DE009A20DAF
:20E67C001CF0C2F2D9F100F51B300A0DE1C760F90AE81D504006FF708007E1F006E09C00AE
:20E69C0007C03906900CE0FD00EA2206C0C0E0FD221701001CF0C2F2C2F16008610A9A0D49
:20E6BC0020366400003A05420B4ABFFF583101EAE0E9CA1DFC0E14002206BCC0E0FD2217F4
:20E6DC00010001D0C2D1BADF01001BF0C2F2D9F100F50C0DE009A20D1BF0C2F2D9F100F572
:20E6FC001C3018380C0DE1C760F94006FFF08007E13006E89D003A06900CE0FDBFFF6636DD
:20E71C002206C0C0E0FD221701001DF0C2F2C2F16008610ABA1DFD0E14002206BCC0E0FD60
:20E73C002217010001D8C2D9BBE701001CF0C2F2DAF100F50E0DE009920D1CF0C2F2DAF1BE
:20E75C0000F51D300E0DE1C760F9BFFF62364006FF308007E17006E89D003A06900CE0FD58
:20E77C003906BCC0E0FDBFFFFC352206C0C0E0FD221701001DF0C2F2010AC2F1810BFD0E21
:20E79C0014003917010001D8C2D91DF0F4F7400239170100C2F16308610A9A1D2106C4B31B
:20E7BC00E0FD810F0100E009AA15BBE701001CF0C2F2DAF100F5100DE009920D1CF0C2F29F
:20E7DC00DAF100F51D30100DE1C760F9BFFFE0354006FF708007E17006E89D003A06900C2B
:20E7FC00E0FD3906BCC0E0FDBFFF7A352206C0C0E0FD221701001DF0C2F2C2F18103FD0E59
:20E81C0014003917010001D8C2D91DF0F4F7400239170100C2F16308610A9A1D2106C4B39A
:20E83C00E0FD810F0100E009AA15BBE701001CF0C2F2DAF100F5120DE009920D1CF0C2F21C
:20E85C00DAF100F51D30120DE1C760F9BFFF60354006FF708207E1FF06A03B06900CE0FD9E
:20E87C0038063C0884003606C0C0E0FD3506BCC0E0FD35CF010061A2EA6D00EAF54D361771
:20E89C0001001DF0C2F2C2F162B81DF0F4F74002D9F161D0361701001DF0C2F2C2F160086E
:20E8BC00610A9A1D1DF0F4F74002D9F16C08E009B205E0B98A151AF0C2F2DBF100F50E0D30
:20E8DC00E009920D1AF0C2F2DBF100F51D300E0DE1C760F9E0B99A151AF0C2F2DBF100F5E5
:20E8FC00160DE009921D1AF0C2F2DBF100F51D30160DE1C760F985151AF0C2F2DBF100F538
:20E91C00140DE009920D1AF0C2F2DBF100F51D30140DE1C760F941EA9D0064EA91B500E206
:20E93C00F515FCF60C00D8F161F0C2F2DBF100F51A0DE009B20DFCF60C00D8F161F0C2F289
:20E95C00DBF100F51A0DE1C760F941E29C0061E291EDE56D2106C4B3E0FD810F0100610A69
:20E97C00BA1D00E2F515FCF60C00D8F161F0C2F2DBF100F5180DE009B20DFCF60C00D8F197
:20E99C0061F0C2F2DBF100F5180DE1C760F941E29C0061E291ED00EA954D1DF0F4F74002E9
:20E9BC00D9F161D01DF0F4F7400235170100C2F1040DE009E225361701001DF0C2F2C2F143
:20E9DC006108610AEA1D1DF0F4F7400235170100C2F16308610A8A2D1AF0C2F2DBF100F5FA
:20E9FC00100DE0099225BFFF7C331AF0C2F2DBF100F51D30100DE1C760F9BFFFB233C5156A
:20EA1C001AF0C2F2DBF100F5120DE009D20DBFFF54331AF0C2F2DBF100F51D30120DE1C79C
:20EA3C0060F9BFFF8A3341EA9D0064EAF1B52B06C4B3E0FD4BA700004206FFFF8007E130D5
:20EA5C0006E89D003A06900CE0FDFD0E14002206BCC0E0FD2217010001D8C2D9BBE7010065
:20EA7C002106C4B3E0FD810F0100610A8A151CF0C2F2DAF100F5160DE009920D1CF0C2F279
:20EA9C00DAF100F51D30160DE1C760F92206C0C0E0FD221701001DF0C2F2C2F1820340062B
:20EABC00FF30060881003306C0C0E0FD339F010001F0C2F20112D3F182137F008007E170AB
:20EADC0006E03906C0C0E0FD00EA3B06BCC0E0FD3BDF0100BFFF2C32391701001DF0C2F2CB
:20EAFC00C2F163D061D28A1D1DF0F4F74002DBF16D10010AE20FC000FC09EA0D39170100AE
:20EB1C001DF0C2F2C2F18303BFFF3A321C30BFFF882D04EAD505BFFF2C3241EA9D0064EAFC
:20EB3C00AADD4006FF708007E1F106E007C039063C0884003706900CE0FD00EA00DA2106CF
:20EB5C003E1FE0FD810F0100610AB20501EAC52D2106C4B3E0FD810F0100610A9A0D20365B
:20EB7C006400003A0D420C4ABFFF9A2C01EAE0E1D20561E2B20562E29A0DFBF60C00D9F183
:20EB9C006008630AEA0D01EAC50D63E29A0DFBF60C00D9F16008630AC20501EAA50501EA01
:20EBBC00E0C1AA0501EAE0E98A1DFBF60C00D9F161D01AF0C2F2D7F100F51C0DE009C20D3A
:20EBDC001AF0C2F2D7F100F51C3018381C0DE1C760F90AE8A50501EA1D504006FFF10608A0
:20EBFC0081002B063E1FE0FD4B0F00007F000610000AD5153E06F4078400C1F16098E09944
:20EC1C00CA0D01F0C2F2028E1000D1F100952B06CCC0E0FD6B970100410A8100620AB1EDF2
:20EC3C007F008007E11006E89D003B06C0C0E0FDE0E9DA2DFD0E14002206BCC0E0FD2217EF
:20EC5C00010001E0C2E13B1701001DF0C2F2C2F181031D3080FF08033B1701001DF0C2F2DD
:20EC7C00C2F180039C0F01003206CCC0E0FD329701000198C29A1310D21122F70100019A7B
:20EC9C00989BA0031F9A039D01058C034006FF108007E11006E89D003B06C0C0E0FDFD0E93
:20ECBC0014002206BCC0E0FD2217010001E0C2E13B1701001DF0C2F2C2F181031D3080FFCE
:20ECDC009E023B1701001DF0C2F2C2F180039C0F01003206CCC0E0FD329701000198C29A22
:20ECFC001310D21122F70100019A989BA00301051F9A039D8C034006FF108007E1F106C8FD
:20ED1C00990000EAF90E14002206BCC0E0FD2217010001E0C2E12206C0C0E0FD221701003B
:20ED3C001908C20A01D0C2D19CC701002206CCC0E0FD221701001808C20A01B8C2B99A0F6E
:20ED5C000100E009F21DBFFF1C3037DF01003B0F01003B17050001E8A2E99A0F0100630A50
:20ED7C00820D3CF705007008C10E0010D00A820DBC0F0300E009CA053BEF010041EABFFF56
:20ED9C002E301D504006FFF18007E1F106D09A0000EAFA0E14002206BCC0E0FD22170100CC
:20EDBC0001E0C2E12206C0C0E0FD221701001A08C20A01D8C2D99CCF01002206CCC0E0FD95
:20EDDC00221701001908C20A01C0C2C19B0F0100E009A21DBFFF8E2F38BF010037EF0500BB
:20EDFC0041EABC0F0300E009DA0D9B0F0100630A820D3CF705007008C10E0010D00AA20577
:20EE1C0000EABFFFAA2F1D504006FFF18007E1F106D89B0007D0FB0E14002206BCC0E0FD6B
:20EE3C002217010001E0C2E12206C0C0E0FD221701001B08C20A01C8C2C99CBF0100220672
:20EE5C00CCC0E0FD221701001708C20A01C0C2C1BFFF122F38EF0100010A5D0F1800BC0F43
:20EE7C000300E009DA051B3080FFAC00F50D3C0F0500E009B20D3CF705007008C10EFFEFCE
:20EE9C00800C3CF7050070081F001A0EFFFF7D0F01005D070C00200E80005D0F20001F0A75
:20EEBC007D0F0500010A5D0F1400010A590F0000BFFFFC2E4006FFF18007E1F006E89D00A6
:20EEDC00FD0E14002206BCC0E0FD2217010001E0C2E12206C0C0E0FD221701001D08C20A08
:20EEFC0001D8C2D99CD701002206CCC0E0FD221701001A08C20A01C8C2C939C70100010AF5
:20EF1C00580F18001D3080FF5600020A5B0F00004006FFF006108200E20E14003306BCC038
:20EF3C00E0FD339F010001F0D3F1020DE009C20D029DF30F0100C10EFFEF730F0000020D99
:20EF5C00E10F01001F00020DE009820D020DC1BF0000020D810F01001F007F000610820099
:20EF7C00E20E14003306BCC0E0FD339F010001F0D3F1020DE009820D020DC13F0000020DB2
:20EF9C00810F01001F00020DE009C20D029DF30F0100C10EFFEF730F0000020DE10F0100FD
:20EFBC001F007F0006902E06C8C0E0FD000AA5153E06F4078400C1F16078627A9A0D01F0E3
:20EFDC00C2F2129E1000D3F100156E170100410A8100620AE1ED2E170100030A852501F04E
:20EFFC00C4F2C2F1688062828A1D01F0C4F2C2F1008D01F0C4F2C2F1029D0F6A516F0800F8
:20F01C0001F0C4F2C2F17668736F000001F0C4F2C2F16E68536F0400410A8100640A81E524
:20F03C007F008007E13006E89D003B06C0C0E0FD63EAFA2DFD0E14002206BCC0E0FD221727
:20F05C00010001D0C2D13AE711003CF70500FC0F0B00800C3B1701001DF0C2F2C2F18103D8
:20F07C001D3080FF50033B1701001DF0C2F2C2F182033B1701001DF0C2F2C2F183033B176A
:20F09C0001001DF0C2F2C2F180033CF7010001054006FF302206C8C0E0FD22170100000ADC
:20F0BC00B51501F0C4F2C2F168906292BA0D01F0C4F2C2F1009D01F0C4F2C2F17588538F2D
:20F0DC000800410A8100620AD1ED7F008007E17006E89D003C06C0C0E0FDFD0E140022064E
:20F0FC00BCC0E0FD2217010001D0C2D13ADF11003BCF01003BF705008004790701003C1739
:20F11C0001001DF0C2F2C2F181031D3080FFA6023C1701001DF0C2F2C2F182033C170100C5
:20F13C001DF0C2F2C2F183033C1701001DF0C2F2C2F180034006FF708007E1F006C89900FA
:20F15C0000EAF90E14002206BCC0E0FD2217010001E0C2E12206C0C0E0FD2217010019086F
:20F17C00C20A01D0C2D13CC711009A0F0100E009E225BFFFF02B38DF01003B0F01003B1707
:20F19C00110001E8A2E93C0F0500E009E2159A0F0100630AA20D3CF705007008C10E001049
:20F1BC00C100010600F09A0DBC0F0300E009DA053B0F010001EE0100BFFFF42B1D50400673
:20F1DC00FFF08007E1F106C8990000EAF90E14002206BCC0E0FD2217010001E0C2E12206F8
:20F1FC00C0C0E0FD221701001908C20A01D0C2D13CDF11009A0F0100E0098235BFFF662B46
:20F21C003BC70100380F110001EE01009A0F0100630AAA0500EA3C0F0500E009D21D3CF77C
:20F23C0005007008C10E0010C100010600F0CA15BC0F0300E0098A1500EA9CF701002206C3
:20F25C00C8C0E0FD22170100C4F2C2F100BDFB0F0900570F0800BFFF562B1D504006FFF16A
:20F27C008007E1F106D89B0007C8FB0E14002206BCC0E0FD2217010001E8C2E92206C0C0BD
:20F29C00E0FD221701001B08C20A01C0C2C1BFFFD42A2106C4B3E0FD810F0100E009CA3558
:20F2BC009DF701002206C8C0E0FD22170100C4F2C2F100D53DE71100FC0F09005A0F0800DE
:20F2DC00BD0F0300E009DA051B3080FFA000F50D3D0F0500E009B20D3DF705007008C10E96
:20F2FC00FFEF800C3DF7050070081F003CBF0100190EFFFF770F0100FC0F09005A0F04007F
:20F31C00010A580F0000BFFFA62A4006FFF18007E17006E89D00FD0E14002206BCC0E0FD98
:20F33C002217010001E0C2E12206C0C0E0FD221701001D08C20A01D8C2D93CD711009CF718
:20F35C0001002206C8C0E0FD22170100C4F2C2F100CDFA0F0900590F08001D3080FF5600EF
:20F37C00020A5B0F00004006FF7006108200E20E14003306BCC0E0FD339F010001F0D3F190
:20F39C00020DE009C20D029DF30F0100C10EFFEF730F0000020DE10F01001F00020DE00992
:20F3BC00820D020DC1BF0000020D810F01001F007F0006108200E20E14003306BCC0E0FDA7
:20F3DC00339F010001F0D3F1020DE009820D020DC13F0000020D810F01001F00020DE0093C
:20F3FC00C20D029DF30F0100C10EFFEF730F0000020DE10F01001F007F002106C4C0E0FD1B
:20F41C00210F0100219F050021F70900339701000015028D7580718700001F8A628F1100B2
:20F43C001F8A628F01006888528F04007F003E06C4C0E0FD00F5040D0215229F0100819725
:20F45C000900539708007F008007E1F106E807D000E23906C4C0E0FD39CF010039C7090064
:20F47C0038BF0100BFFF9C28371711001F0A01D8A2D962EAB20563EACA057ADF0100A515E7
:20F49C0061EA8A0D2106FFFFFF005B097A0F0100950DE0E9EA051B08C1007A0F0100A505EA
:20F4BC0001E2BFFFA0281C504006FFF18007E10006E09C00FC0E14002206BCC0E0FD221763
:20F4DC00010001E8C2E9BFFF9C283DF705007008C10EFFEF800C3DF7050070081F003D0FE3
:20F4FC000500C13F00003DF7050060081F00BFFFBE284006FF008007E10006E09C00FC0E4E
:20F51C0014002206BCC0E0FD2217010001E8C2E9BFFF52283DF705007008C10EFFEF800C3A
:20F53C003DF7050070081F003D0F0500C1BF00003DF7050060081F00BFFF74284006FF00AF
:20F55C00231EFCFF63FF0100E1476011E6476099231EFCFF63F70100E1374000E03F4000E3
:20F57C00F1474000F04F4000E6574000E75F4000E6476059003280FFB600E6676059EB3FF8
:20F59C002000EA372000E9872000E88F2000E0076001E7072000E60F200023F70100231E00
:20F5BC000400E6676099E167601123FF0100231E0400E0074801231EFCFF63FF0100E147CD
:20F5DC006011E6476099231EFCFF63F70100E1374000E03F4000F1474000F04F4000E657F6
:20F5FC004000E75F4000E6476059013280FF4000E6676059EB3F2000EA372000E987200030
:20F61C00E88F2000E0076001E7072000E60F200023F70100231E0400E6676099E16760116D
:20F63C0023FF0100231E0400E00748018007E1F306D89B003606C0C0E0FDFB0E1400220664
:20F65C00BCC0E0FD2217010001E8C2E9361701001B08C20A01D0C2D19DCF01002206CCC0A5
:20F67C00E0FD221701001908C20A01C0C2C100E23DF705007008C10E8000D80AE205013248
:20F69C00013ABFFF122101E2E0E1DA25BD0F0300E0099A153D0F0500C13F00003DF705008E
:20F6BC0060081F0038BF0100010A570F1800030A5A0F0000361701001BF0C2F2C2F1610887
:20F6DC00610A9A0D3D0F0900E009D2053D0F0900E1C760F94006FFF3231EFCFF63FF0100BA
:20F6FC00E1476011E6476099231EFCFF63F70100E1374000E03F4000F1474000F04F4000EA
:20F71C00E6574000E75F4000E6476059023280FFB600E6676059EB3F2000EA372000E9877A
:20F73C002000E88F2000E0076001E7072000E60F200023F70100231E0400E6676099E1679D
:20F75C00601123FF0100231E0400E0074801231EFCFF63FF0100E1476011E6476099231EE5
:20F77C00FCFF63F70100E1374000E03F4000F1474000F04F4000E6574000E75F4000E64739
:20F79C006059033280FF4000E6676059EB3F2000EA372000E9872000E88F2000E0076001A0
:20F7BC00E7072000E60F200023F70100231E0400E6676099E167601123FF0100231E040043
:20F7DC00E00748018007E1F306E09C003A06C0C0E0FDFC0E14002206BCC0E0FD221701008A
:20F7FC0001E8C2E93A1701001C08C20A01C8C2C93DC71100BD170D00010AE20FC2B000DA85
:20F81C003DF705007008C10E8000D80AE2050132013ABFFF821F01DAE0D9CA4DBD0F0300BC
:20F83C00E009AA1D3D0F0500C13F00003DF7050060081F009DF701002206C8C0E0FD221790
:20F85C000100C4F2C2F100BDF80F0900570F0800030A590F00002106C4B3E0FD810F010066
:20F87C00E009AA153A1701001CF0C2F2C2F16108610A8A253D0F0900E009C21D3D0F09000A
:20F89C00E1C760F9F5159D0F0D00610ABA153A1701001CF0C2F2C2F16208610ABA0D3A179C
:20F8BC0001001CF0C2F2010AC2F1830B1630BFFFEC1F4006FFF38007E1F306D83B1701004C
:20F8DC0021062881DE0EE111EA070F013B0F050084070F0A44003B0F090084074F0A4400AB
:20F8FC003B0F0D0084078F0A44003B0F19008407CF0A44003B0F150084070F0B440000EAF0
:20F91C00C5258407091244001D08C50A01C8C2C9B90F1900E009F215610AD21584074912A6
:20F93C0044001D08C30A01C0C2C1B9BF170062BAAA0D98B7010084070913440016F0C4F2D8
:20F95C00C2F18C0341EA9D0066EAC1DD00E2B51D3E06B8088400DCF160D01AF0C2F2C4F1E7
:20F97C009E0709F700FF000DE009B20D1AF0C2F2C4F19E0709F700FF1B30000DE1C760F9A2
:20F99C0041E29C0062E2D1E500EAE51D8407091244001D08C50AC209A1D719001AF0C2F2AE
:20F9BC00C4F19E0709F700FF020DE009B20D1AF0C2F2C4F19E0709F700FF1D30020DE1C700
:20F9DC0060F941EA9D0066EAA1E584074F03400084070F052E004006FFF38007E11000E298
:20F9FC00A51D3E06B8088400DCF160D81BF0C2F2C4F19E0709F700FF040DE009A20D1BF0D0
:20FA1C00C2F2C4F19E0709F700FF040DE1C760F941E29C0062E2E1E500EAE51D8407091250
:20FA3C0044001D08C50AC209A1DF19001BF0C2F2C4F19E0709F700FF060DE009B20D1BF030
:20FA5C00C2F2C4F19E0709F700FF1D30060DE1C760F941EA9D0066EAA1E54006FF108007A2
:20FA7C00E13006D800EA00EA85258407091244001D08C50A01D0C2D1BAE719001CF0C2F241
:20FA9C00C4F19E0709F700FF0C0DE009C20D1CF0C2F2C4F19E0709F700FF1D301B380C0D4E
:20FABC00E1C760F941EA9D0066EA81E584074FDB40004006FF308007610006E89D00BFFF10
:20FADC0014231DF0E6F74002840789124400C2F183038407091244001D08C50AC209810FCB
:20FAFC0011000112E117C20821108407090D2E00420984070F0D2E00BFFFE02240067F005F
:20FB1C008007610006E89D008407490B4000E0098A25BFFFC0221DF0E6F7400284078912AD
:20FB3C004400010AC2F1830B8407091244001D08C50AC209810F11000112E117C000840779
:20FB5C00090D2E00020984070F0D2E00BFFF8C2240067F008007E13006D800EA840709122E
:20FB7C0044001D08C50A01E0C2E11DF0E6F74202840789124400C2F164D09C171100010A5F
:20FB9C00E20FC000FB09DA1561D2BA159C0F1100010601FFE20D1DF0E6F74202840789129D
:20FBBC004400C2F184031B30BFFFEE1C06EAC5051CE6200041EA66EA91DD4006FF308007D7
:20FBDC00E13006E09C0007D0BFFF2E228407091244001C08C50A01D8C2D9BBEF19001DF070
:20FBFC00C2F2C4F19E0709F700FF0E0DE009C20D1DF0C2F2C4F19E0709F700FF1C301A3851
:20FC1C000E0DE1C760F9BFFFF6214006FF308007610006E89D00BFFFBC211DF0E6F7400228
:20FC3C00840789124400C2F18103BFFFAE2140067F008007610006E89D00BFFF98211DF0BE
:20FC5C00E6F74002840789124400010AC2F1810B8407091244001D08C50AC209810F1B0061
:20FC7C00610ACA1D1DF0E6F74002840789124400010AC2F1830B8407091244001D08C50A56
:20FC9C00C209810F11000112E117C0008407090D2E00020984070F0D2E00BFFF3E214006FF
:20FCBC007F008007E10006E09C0001EABFFF26211CF0E6F74002840789124400C2F160E83F
:20FCDC001CF0E6F74002840789124400010AC2F1800BBFFF06211D504006FF008007E1F338
:20FCFC0006E09C0007C008B8D70009B0D6008407491244001CF0C3F2C2F160D08407091304
:20FD1C0044001A08C40A01E8C2E97DC701007DBF04007D0706007D0708007DB70A0084079B
:20FD3C00091244001C08C50A01C8C2C9B9DF19001BF0C2F2C4F19E0709F700FF100DE00932
:20FD5C00B20D1BF0C2F2C4F19E0709F700FF1C30100DE1C760F9BFFF7C201CF0E6F74002C1
:20FD7C00840789124400C2F18003010A5D0F0C00BFFF68204006FFF38007E11006E89D00C3
:20FD9C001DF0E6F74002840789124400C2F16008610AAA0D20367A00003A0A42204E15009B
:20FDBC00BFFF621AA52D8407091244001D08C50A01D8C2D9BBE719001CF0C2F2C4F19E07F4
:20FDDC0009F700FF120DE009B20D1CF0C2F2C4F19E0709F700FF1D30120DE1C760F9BFFFFD
:20FDFC00F41F1DF0E6F74002840789124400010AC2F1800BBFFFE41F4006FF1006989300AE
:20FE1C00000A8407498A440013F0C3F2D1F160108407098B440002F0C4F2D1F16C90619274
:20FE3C008A0D8407098B440002F0C4F2D1F1730801507F008007E11006E09C008407091257
:20FE5C0044001C08C50A01D8C2D9BBEF19001DF0C2F2C4F19E0709F700FF140DE009B20D35
:20FE7C001DF0C2F2C4F19E0709F700FF1C30140DE1C760F94006FF108007E11006E89D0086
:20FE9C008407091244001D08C50A01D8C2D9BBE719001CF0C2F2C4F19E0709F700FF100D03
:20FEBC00E009B20D1CF0C2F2C4F19E0709F700FF1D30100DE1C760F9BFFF1A1F1DF0E6F719
:20FEDC004002840789124400C2F18003BFFF0C1F4006FF108007E11006E89D00840709123D
:20FEFC0044001D08C50A01D8C2D9BBE719001CF0C2F2C4F19E0709F700FF120DE009B20D9F
:20FF1C001CF0C2F2C4F19E0709F700FF1D30120DE1C760F9BFFFBE1E1DF0E6F740028407EE
:20FF3C0089124400010AC2F1800BBFFFAE1E4006FF108007E10006E09C00840709124400CA
:20FF5C001C08C50AC209A1EF19001DF0C2F2C4F19E0709F700FF180DE009B20D1DF0C2F276
:20FF7C00C4F19E0709F700FF1C30180DE1C760F94006FF008007E11006E09C0084070912B5
:20FF9C0044001C08C50A01D8C2D9BBEF19001DF0C2F2C4F19E0709F700FF1A0DE009B20DEE
:20FFBC001DF0C2F2C4F19E0709F700FF1C301A0DE1C760F94006FF108007E17006E09C00E8
:20FFDC0000EA8407491244001CF0C3F2C2F160D08407091244001C08C50A01C8C2C9B9DF84
:20FFFC0019001BF0C2F2C4F19E0709F700FF080DE009B20D1BF0C2F2C4F19E0709F700FFDF
:02000004008179
:20001C001C30080DE1C760F98407C91244001AF0C2F2C2F100ED1D504006FF708007E130A0
:20003C0006E89D008407091244001D08C50A01D8C2D98407491244001D08C30A01D0C2D147
:20005C00BBE719001CF0C2F2C4F19E0709F700FF100DE009B20D1CF0C2F2C4F19E0709F7D1
:20007C0000FF1D30100DE1C760F9BFFF681D1DF0E6F74002840789124400010AC2F1800BD8
:20009C001DF0E6F74002840789124400C2F18203BA0F0100C10E04008100640AAA0D8407A8
:2000BC00891244001DF60100E6F74002C2F18203BFFF281D4006FF308007E11006E09C0068
:2000DC008407091244001C08C50A01D8C2D9BBEF19001DF0C2F2C4F19E0709F700FF120DB7
:2000FC00E009B20D1DF0C2F2C4F19E0709F700FF1C30120DE1C760F94006FF108007E17089
:20011C0006D89B0000EA8407491244001B08C30A01C8C2C9B9D70100BFFFBA1C99E701004C
:20013C001BF0E6F74002840789124400C2F16208610AFA3561D2B205E0D18A1D840749132F
:20015C0044001CF0C4F2C2F100ED8407491344001CF0C4F2C2F101051BF0E6F74002840782
:20017C0089124400C2F18203C51DDA0E03008100620AFA158407491344001CF0C4F2C2F1E3
:20019C0002ED8407491344001CF0C4F2C2F103051BF0E6F74002840789124400C2F18203E0
:2001BC00BFFF381C1D504006FF708007E13006E89D0007D88407491244001D08C30A01D000
:2001DC00C2D19AE70100BFFF0C1C7B0701007B0705001DF0E6F74002840789124400C2F1B5
:2001FC006208610AFA3D8407891244001DF60100E6F74002C2F16208610ACA3584074913CC
:20021C0044001CF0C4F2C2F1020DE009B32D8407491344001CF0C4F2C2F1040D7B0F0100F5
:20023C008407491344001CF0C4F2C2F1020D7B0F05008407491344001CF0C4F2C2F10305BC
:20025C001DF0E6F74002840789124400C2F182038407891244001DF60100E6F74002C2F164
:20027C008203BFFF761B4006FF308007E13006D89B0000EA8407091244001B08C50A01D071
:20029C00C2D1BAE719001CF0C2F2C4F19E0709F700FF160DE009C20D1CF0C2F2C4F19E07E7
:2002BC0009F700FF1B30160DE1C760F90AE81D504006FF3006F0200E3B00800C200E7A004D
:2002DC00810C010A840B050A850B86037F008007E13006D89B0000EA8407091244001B082C
:2002FC00C50A01D0C2D1BAE719001CF0C2F2C4F19E0709F700FF0A0DE009C20D1CF0C2F24D
:20031C00C4F19E0709F700FF1B300A0DE1C760F90AE81D504006FF3006108200000A840704
:20033C00099244000298C59A13F0D2F1049DE099F2159E9F1700E099AA0D049D7A90F39F21
:20035C0001005299F299CA0D010AA50D049D7A90939F01005299D300F299AA05010A015044
:20037C007F008007E13006D89B008407091244001B08C50A01E8C2E9FB0E0600840789122C
:20039C00440001E0C2E15C070100010A5C0F00005C0703005C0704005C070500BDD71700BF
:2003BC003D0F0D00E009920D3D0F0D00C13F00003DF70D0060081F00E0D1EA051B309D3F58
:2003DC00190080FF66004006FF3006989300F30E060084078912440001F0C2F18103010AB9
:2003FC00800B8407099244001310C5120208D20921170D00E011A20D21170D00C23F0000E2
:20041C0021170D00821701001F00830384038503A1971700E0918A0D211705004207000050
:20043C00828F01001F007F000610820007988407098A44000290C5921208D109A18F170033
:20045C00E0899A1D21F705006090D296F800809360901F00629AEA056090929603008093B8
:20047C00850DE099CA05DE0F0000B505DE07000060901F000290E6974002840789824400C0
:20049C00D09101825287000021970D00E091E20D21870D00F0970100D296FFEF70970000C4
:2004BC0021970D00F29701001F007F008007E13006E09C0007D08407091244001C08C50A65
:2004DC0001E8C2E91CF0E6F74002840789124400C2F163D8BFFF2219E0D9CA2D3D0F0D00E7
:2004FC00E009822D61D2AA0D3D0F0D00C13F00003DF70D0060081F00D51D3DF70D00700892
:20051C00C10EFFEF800C3DF70D0070081F001CF0E6F74002840789124400C2F16508610A7E
:20053C009A0D3D0F0D00C1BF00003DF70D0060081F00BFFFCA184006FF308007E10006E0F4
:20055C009C008407091244001C08C50A01E8C2E9BFFFA6181CF0E6F7400284078912440061
:20057C00010AC2F1850B3D0F0D00E009A2253DF70D007008C10EFFEF800C3DF70D0070084D
:20059C001F008407490B4000610ABA0D1CF0E6F74002840789124400C2F16308E009920D94
:2005BC003D0F0D00C1BF00003DF70D0060081F00BFFF4C184006FF008007E10006E09C002D
:2005DC008407091244001C08C50A01E8C2E9BFFF28181CF0E6F74002840789124400C2F148
:2005FC0085033D0F0D00E009920D3D0F0D00C13F00003DF70D0060081F00BFFF0218400637
:20061C00FF008007E13006E09C008407091244001C08C50A01E8C2E98407491244001C08E6
:20063C00C30A01D8C2D9BFFFD0173D0F0D00E009A2253DF70D007008C10EFFEF800C3DF779
:20065C000D0070081F008407490B4000610ABA0D1CF0E6F74002840789124400C2F16308D6
:20067C00E009920D3D0F0D00C1BF00003DF70D0060081F00BDD7170061D2DA35BB0F01007D
:20069C00C10E04008100640AEA2D8407091244001C0E0100C50A01E8C2E93D0F0D00E009AB
:2006BC00A2253DF70D007008C10EFFEF800C3DF70D0070081F008407490B4000610ABA0D2C
:2006DC001CF0E6F74002840789124400C2F16308E009920D3D0F0D00C1BF00003DF70D00A9
:2006FC0060081F00BFFF18174006FF308007E13006E09C008407091244001C08C50A01E815
:20071C00C2E98407491244001C08C30A01D8C2D9BFFFE6163D0F0D00E009920D3D0F0D008F
:20073C00C13F00003DF70D0060081F00BDD7170061D2CA1DBB0F0100C10E04008100640A83
:20075C00DA158407091244001C0E0100C50A01E8C2E93D0F0D00E009920D3D0F0D00C13FDC
:20077C0000003DF70D0060081F00BFFF92164006FF300690320F110084074F0B4400320F68
:20079C001D008407CF0944008407C9F14400000AA5256A88628ABA1D8407C97944000180D5
:2007BC00C48210F0CFF10215009D6F806182CA0D8086FFFF738788017480628700006E8068
:2007DC0042870400C5057680738788011EF61000410A8100620AE1DD7F008007E1F106C82D
:2007FC0099008407091244001908C50A01E0C2E1F90E060084078912440001E8C2E9010AD0
:20081C005D0F00005D0705005D0703005D0704005D0701005D070200840749124400190802
:20083C00C30A01B8C2B984074912440019F0C3F2C2F102C5BCD717003CDF050063D2DA055B
:20085C00800EFFFF7B0F00003C0F0D00E009920D3C0F0D00C13F00003CF70D0060081F0067
:20087C00E0D1BA057B07000038F70100F80F0500800C980F07005B0FC000010A5B0F8001D4
:20089C0062D2DA05173080FFBC00E50561D2CA05173080FFC6004006FFF18407C911440050
:2008BC00000AB51501F0C4F2C2F16A906292BA0D01F0C4F2C2F1009D01F0C4F2C2F17688EA
:2008DC00738F8801410A8100620AD1ED7F00069893008407099244001310C5120208D20982
:2008FC00F316060084078992440002F0D2F101128013830384038103820385038407498A8C
:20091C0044001310C312D1112297050021170500328F010071070000620700004207C000F6
:20093C00018A428F8001218F0D00E089A20D218F0D00D13F0000218F0D00918F01001F001F
:20095C007F0006F060088407099B44000110C412D311620706007F000610820F010084073F
:20097C004993440001F0C4F2D2F1010584074993440001F0C4F2D2F1030584074993440003
:20099C0001F0C4F2D2F1050584074993440001F0C4F2D2F18C037F000610820007988407E2
:2009BC00099244000208C50A01F0D2F1BE8F1700E089DA05020D419FC000C505020D419F9B
:2009DC00C0000695E091C20D0685F0970100D296FFEF709700000695F29701001F0002901A
:2009FC00E6974002840789824400D0910182528700007F008007E1F106E89D00840709127C
:200A1C0044001D08C50A01E0C2E1BCDF1700E0D9C2051D30BFFFEEFB8407491244001DF0A1
:200A3C00C3F2C2F102BDB70F07008407C9114400C40A01C0C2C138D70100BFFFBC131DF041
:200A5C00E6F74002840789124400010AC2F1850BFC0F13007A0F8801FC0F13007A0F840147
:200A7C0061DAFA0D8407491244001DF0C3F2C2F160C884074913440019F0C4F2C2F18C0325
:200A9C00BFFF7C134006FFF18007E1F106E89D008407091244001D08C50A01E0C2E1BCDFD6
:200ABC001700E0D9C2051D30BFFF44FC8407491244001DF0C3F2C2F102C5B80F0700840779
:200ADC00C9114400C40A01C8C2C939BF0100BFFF28131DF0E6F74002840789124400C2F17F
:200AFC008503FC0F1300770F880161DAFA0D8407491244001DF0C3F2C2F160D0840749132D
:200B1C0044001AF0C4F2C2F18C03BFFFF2124006FFF18007E10006E09C00840709124400A7
:200B3C001C08C50A01E8C2E9BFFFCE121CF0E6F74002840789124400010AC2F1850B3D0F45
:200B5C000D00E009A2253DF70D007008C10EFFEF800C3DF70D0070081F008407490B4000C3
:200B7C00610ABA0D1CF0E6F74002840789124400C2F16308E009920D3D0F0D00C1BF000013
:200B9C003DF70D0060081F00BFFF74121C30BFFF66FE4006FF008007E10006E09C00840705
:200BBC00091244001C08C50A01E8C2E9BFFF4A121CF0E6F74002840789124400C2F1850349
:200BDC003D0F0D00E009920D3D0F0D00C13F00003DF70D0060081F00BFFF24121C30BFFFF9
:200BFC00AAFE4006FF008007E1F006E09C008407091244001C08C50A01D8C2D984074912DB
:200C1C0044001C08C30A01D0C2D19AC701008407C91244001808C20A01C8C2C93BEF0500A4
:200C3C00BFFFD611FD0F0100FD178100A209790F0100BFFFCA114006FFF08007E1F006D819
:200C5C009B008407091244001B08C50A01E8C2E98407491244001BF0C3F2C2F102D53DCFED
:200C7C000500800EFFFF790F0000BFFF8C11BA0F07008407C9114400C40A01C0C2C138E73A
:200C9C000100FD0F1300FC1781010130C6004209C600E609AA0DFD0F13007C0F8801FD0F96
:200CBC0013007C0F8401950DFD0F13007C0F8401FD0F13007C0F8801BFFF44114006FFF0A9
:200CDC008007E11006E09C0007D88407091244001C08C50A01E8C2E9BFFF1E111CF0E6F7D8
:200CFC004002840789124400C2F16308E009CA2D3D0F0D00E009822D61DAAA0D3D0F0D00F2
:200D1C00C13F00003DF70D0060081F00D51D3DF70D007008C10EFFEF800C3DF70D00700842
:200D3C001F001CF0E6F74002840789124400C2F16508610A9A0D3D0F0D00C1BF00003DF7A4
:200D5C000D0060081F00BFFFB6104006FF1006108200000A8407099244000298C59AD2999A
:200D7C0033F71D00029DE099C205020DE10F0100C10001507F008007E11006E09C0007D8C7
:200D9C008407091244001C08C50A01E8C2E9BFFF68101CF0E6F74002840789124400C2F148
:200DBC006308E009CA2D3D0F0D00E009822D61DAAA0D3D0F0D00C13F00003DF70D006008E7
:200DDC001F00D51D3DF70D007008C10EFFEF800C3DF70D0070081F001CF0E6F74002840756
:200DFC0089124400C2F16508610A9A0D3D0F0D00C1BF00003DF70D0060081F00BFFF001057
:200E1C004006FF10231EFCFF63FF0100E1476011E6476099231EFCFF63F70100E137400014
:200E3C00E03F4000F1474000F04F4000E6574000E75F4000E6476059053280FF4000E66714
:200E5C006059EB3F2000EA372000E9872000E88F2000E0076001E7072000E60F200023F786
:200E7C000100231E0400E6676099E167601123FF0100231E0400E00748018007E10006E02B
:200E9C009C008407091244001C08C50A01E8C2E93DF70D007008C10E8000D00AE20501322D
:200EBC00013ABFFFF208B5458407490B4000610ACA251CF0E6F74002840789124400C2F168
:200EDC006308610AAA1DBD0F1B00E009EA159D0F1100010601FF92151CF0E6F74002840769
:200EFC0089124400010AC2F1840B9D1711000132E237C000BFFFA6091CF0E6F740028407B6
:200F1C0089124400C2F180031CF0E6F74002840789124400C2F16108610A9A0D3D0F010090
:200F3C00E009D2053D0F0100E1C760F94006FF00231EFCFF63FF0100E1476011E6476099E4
:200F5C00231EFCFF63F70100E1374000E03F4000F1474000F04F4000E6574000E75F40002D
:200F7C00E6476059003280FF1802E6676059EB3F2000EA372000E9872000E88F2000E00705
:200F9C006001E7072000E60F200023F70100231E0400E6676099E167601123FF0100231EEE
:200FBC000400E0074801231EFCFF63FF0100E1476011E6476099231EFCFF63F70100E137D4
:200FDC004000E03F4000F1474000F04F4000E6574000E75F4000E6476059013280FFA20121
:200FFC00E6676059EB3F2000EA372000E9872000E88F2000E0076001E7072000E60F2000B2
:20101C0023F70100231E0400E6676099E167601123FF0100231E0400E0074801231EFCFF81
:20103C0063FF0100E1476011E6476099231EFCFF63F70100E1374000E03F4000F1474000AC
:20105C00F04F4000E6574000E75F4000E6476059023280FF2C01E6676059EB3F2000EA37BB
:20107C002000E9872000E88F2000E0076001E7072000E60F200023F70100231E0400E667F5
:20109C006099E167601123FF0100231E0400E0074801231EFCFF63FF0100E1476011E64785
:2010BC006099231EFCFF63F70100E1374000E03F4000F1474000F04F4000E6574000E75F13
:2010DC004000E6476059033280FFB600E6676059EB3F2000EA372000E9872000E88F2000AC
:2010FC00E0076001E7072000E60F200023F70100231E0400E6676099E167601123FF0100E7
:20111C00231E0400E0074801231EFCFF63FF0100E1476011E6476099231EFCFF63F7010049
:20113C00E1374000E03F4000F1474000F04F4000E6574000E75F4000E6476059043280FF47
:20115C004000E6676059EB3F2000EA372000E9872000E88F2000E0076001E7072000E60F30
:20117C00200023F70100231E0400E6676099E167601123FF0100231E0400E00748018007B5
:20119C00E1F106E89D008407491244001D08C30A01D0C2D19ACF01008407091244001D08DD
:2011BC00C50A01E0C2E1BCDF17003CF70D007008C10E8000D00AF2050132013ABFFFD8052D
:2011DC0080071C0161DADA451D3080FF1601BAC70100BFFF000CD80E03008100620ADA25F1
:2011FC0084074913440019F0C4F2C2F16CB8E0B9AA0D84074913440019F0C4F2010AC2F11A
:20121C008C0BC5251DF0E6F74002840789124400C2F180031DF0E6F74002840789124400CF
:20123C00010AC2F1820BA5151DF0E6F74002840789124400C2F180031DF0E6F7400284070A
:20125C0089124400010AC2F1820BBFFF8E0BF545E0D9CA1D1DF0E6F7400284078912440081
:20127C00C2F180031DF0E6F74002840789124400C2F16108610ABA353C0F0100E009F22DBC
:20129C003C0F0100E1C760F9A52D62DAEA151DF0E6F74002840789124400C2F16008E0093E
:2012BC00EA1D3CC70500F80F010001BE01001D30173880FFB600B5151DF0E6F740028407E9
:2012DC0089124400C2F16008E0099A0D3C0F0100E009D2053C0F0100E1C760F94006FFF1D9
:2012FC008007E1F006C899008407091244001908C50A01C0C2C18407491244001908C30ADD
:20131C0001E0C2E19CEF0100BCD7010038DF0500BFFFE60ADA0E03008100610AD205DA0EAD
:20133C000300D80ACA0D1DF0C4F2840749134400C2F1FB0F0100410A010DB5151D08C40A13
:20135C00840749F34400C1F1000D050D1DF0C4F2840749134400C2F1FB0F0100410A030D8E
:20137C00BFFF9C0A4006FFF08007E1F006E09C0007C08407091244001C08C50A01D8C2D9C6
:20139C008407491244001C08C30A01D0C2D19ACF01008407091344001908C40A01E8C2E9DA
:2013BC00FD0F0500FD170700E111C9453DF7010001C5FD0F0700410A7D0F06003D0F0100AD
:2013DC00440A7D0F0100FD0F0500FD170700E111A115BA0F0100C10E08008100680ABA0DE7
:2013FC007D070600FD1705003D0F0100C212A2097D0F01001CF0E6F7400284078912440040
:20141C00C2F16108610AEA15FD0F0900410A7D0F0800FD0F0B00FD170900E111BA0D7D07C5
:20143C0008003B0F0100E009D2053B0F0100E1C760F94006FFF08007E13006D800EAE0D9E3
:20145C00BA0501EA950D3B17010021062801DF0EE111A20501EAE0E9FA558407CFDC44007E
:20147C008407C9F44400040D84070F0D44008407C9F44400060D84074F0D440000E2A51562
:20149C001C10C21204F0C2F18407C90C4400010E1000C209210F01009E078F0D440041E222
:2014BC00DC0063E2E1ED013280FF82050AD08036FFFF0638014280FFB212003280FFF205EE
:2014DC000AE8E0E9CA0580FF1E080AE8E0E9DA05013280FFDC050AE88036FFFF063800426E
:2014FC0080FF881280FFA605E0D1CA05003280FF3C05E0E9DA05013280FF2605D505013289
:20151C00013ABFFF92024006FF308207E1F306E0DC0007B000EAA407050901FFE009BA058C
:20153C0001EAE5158407C9F44400020DE1E1B10501EAE50D1CF0EEF740028407091544009A
:20155C00C2F17008C10E0100D00AAA0501EAE0E9AA3D1CF0EEF74002840709154400C2F17D
:20157C0071C81CF0EEF74002840709154400C2F172C01CF0EEF74002840709154400C2F13E
:20159C0073D819F0ECF740021808F40F5002C5F19E07C911120001B8C2B9BFFF2209F70FD7
:2015BC0003005B09E1D9CA0520D6FF00A50500D2193018381B40164863D7010080FFB209E7
:2015DC00BFFF14094206FFF3BE07E1F3031E10FF00CAA407050901FFE009AA0501CAE0C982
:2015FC00EA07AD0100E2852D00EA95251CF0FE00FEF614002316F400DDF1C1F2C2F1800401
:20161C001CF0FE00FEF6140023167C00DDF1C1F2C2F180041CF0FE00FEF6140023160400E0
:20163C00DDF1C1F2C2F1800441EADD001D06ECFFE9DD41E2DC0063E281DD00DAD55D1B0829
:20165C00EE0F420284070915440001C0C2C1F80F0100C10E0100D00AEA4DF8E70300F8EF4A
:20167C000500F8D707001CF0ECF740021D08F40F5002C5F19E07C911120001B0C2B1F60F58
:20169C0007005A09E1D1FA351CF0FE00FEF614002316F400DDF1C1F2C2F170081A09800C49
:2016BC001CF0C2F2C4F19E0789BD44001DF0E6F74802D7F171101CF0FE00FEF61400239E1A
:2016DC007C00DDF1C1F2D3F170085A110209800C1DF0E6F74802D7F173101CF0FE00FEF636
:2016FC001400239E0400DDF1C1F2D3F170085A110209800C41DA8407C9F44400020DE1D9C6
:20171C00B905E0C9D29DBFFFB60700E2C53D00EAF52D1CF0FE00FEF614002316F400DDF15F
:20173C00C1F2C2F17008E00992251C08E100E1F614002316F400DDF1C1F2C2F17040E1F637
:20175C001400221688FFDDF1C1F2C2F17048E1F6140023160400DDF1C1F2C2F170081C308E
:20177C001D38630F010080FF8C1041EADD001CF0ECF74002C5F1BE0767091200E1E9A1CDFC
:20179C0041E2DC0063E2C1C5BFFF4C07031EF0007E06FFF306F0E0F1C20D200E3B00800C40
:2017BC00200E7C00810C010A840B050A850B86037F008007E1F006D8DB0007E800E2A40708
:2017DC00050901FFE009BA0501E2C56D8407C9F44400020DE1D9B10501E2C5651BF0EEF71A
:2017FC004002840709154400C2F17008C10E0400C100640AA20501E27FEA921DE0E9F215FF
:20181C006AEAD2151BF0EEF74002840709154400C2F11D08840AC1000112E117C2087410D2
:20183C00C1004209D00ABA0501E2C53D7FEAD21DE0E9B21D6AEA921DDD0E0F00610ADA15BB
:20185C001BF0EEF74002840709154400C2F11D08840AC1000112E117C2087610C1004209BF
:20187C00D00A8A2501E2E51D7FEAC21DE0E9A21D6AEA821DDD0E0F00630ACA151BF0EEF7E5
:20189C004002840709154400C2F11D08840AC1000112E117C2087510C1004209D00AAA05E7
:2018BC0001E2E0E1EA351BF0EEF74002840709154400C2F171D01BF0EEF74002840709155B
:2018DC004400C2F172C81BF0EEF74002840709154400C2F173C0BFFFE6051A30193801422F
:2018FC0080FF880E1A301938184080FF300ABFFFE6051A30193818401D4880FF820BBFFF40
:20191C00BE051A301938004280FF600EBFFFC8054006FFF08007610006E8DD001D30003A24
:20193C00054280FF8E0540067F008007610006E8DD001D30013A064280FF780540067F0029
:20195C008207E1F706D8DB0000EAA407050901FFE009BA0501EAE5158407C9F44400020D86
:20197C00E1D9B10501EAE50D1BF0EEF74002840709154400C2F17008C10E0100D00AAA055B
:20199C0001EAE0E9BA4D1BF0EEF74002840709154400C2F171D01BF0EEF740028407091582
:2019BC004400C2F172C81BF0EEF74002840709154400C2F173E01AF0ECF740021908F40F62
:2019DC005002C5F19E07C911120001B0C2B11AF0C2F2C4F19E0789AD440019F0E6F748026C
:2019FC00D5F171085C09E1E1BA0501BAA50500BABFFFCC04F60F03005C09E1E1CA0520C615
:201A1C00FF00A50500C21A3019381C40174863C7010080FF5C05BFFFBE044206FFF7060812
:201A3C00810084070D0901FF7F00069092008007099F04A71308C40A9C0AB205010AA505EC
:201A5C00000A220601A5A5A580074F1309A76192BA0D8007091704A7408E000F111180071D
:201A7C000F1704A7B50D8007091704A73106FFFFFFF0511180070F1704A7220600A5A5A570
:201A9C0080074F1309A701507F00210601A5A5A580074F0B09A7400E000F8007CF0809A7AE
:201ABC00210600A5A5A580074F0B09A77F008007E13006D09A0000E2E0D1FA2D00EAF50D36
:201ADC0000F2BDF1C1F2C5F1BE07E7DAFBFF1B30003A80FF9E000AE041EADD0063EAB905C2
:201AFC00E0E1F2ED00EAB51500F2BDF1E6F74002C5F1BE0727DAFCFF1B06E2FFE2051B300C
:201B1C00003A80FF6E000AE041EADD001D06ECFFD12DE0E1A2EDA52D00EA85151DF0FE00D3
:201B3C00FEF60600C5F1BE0707DBFBFF1B30013A80FF40000AE041EADD001D06ECFFB1053D
:201B5C00E0E1D2ED00EAE50D1DF0C1F2C5F1BE07A7DAFBFF1B30013A80FF18000AE041EA25
:201B7C00DD0063EAB905E0E182F51C504006FF308007E1F706C8D90007A8950000DA01EA39
:201B9C00D5551DF0ECF74002C5F1BE0745091200680ADA053706541C8100C5053706AC1CA4
:201BBC0081001DF0C2F2C4F19E0789B5440000E285351DF0ECF740021C08F40F5002C5F1EE
:201BDC009E07C911120001D0C2D119F0C2F21A160200C2F17008E009A21DE0A98A0D19F009
:201BFC00C2F21A160200C2F171C0950D1C08E60F480219F0C1F2D609C1F170C01D301938DF
:201C1C00FA4701001848F7C760F90AD841E2DC001DF0ECF74002C5F1BE0767091200E1E11D
:201C3C00B905E0D9F2C541EADD0063EAB905E0D992AD1B504006FFF70690D2000788D100E0
:201C5C000880D0000978CF000F98930001121208EC0F4002C5091070C6728107890912006A
:201C7C00CE091170C272C5718E07C9F6FDFFC1F1809B000AF5056070F371AA050012410A25
:201C9C00C1000106CEFFB1056112E2F502507F000690D2000788D1000880D0000998D3002E
:201CBC0001121208EC0F4002C5091078C67A810789091200CF091178C27AC5798F07C9F6AC
:201CDC00FDFFC1F1809C000AF5057078F379AA050012410AC1000106CEFFB1056112E2F525
:201CFC0002507F008007E1FF00D2840749CD440000E2B5351CF0C1F2C5F1BE07A70DFCFF24
:201D1C00E009922D1C08C80A22060040EDFF01B8C2B901DA00EAB51D1CF0C1F2C5F1BE07B0
:201D3C00A70DFCFF5B09E1D9BA0D1CF0C3F2DDF1D9F160C01730183880FF28010AD044BA63
:201D5C001B08C10A01D8DB0041EADD0068EAB905E0D1B2E541E2DC006DE2D1CD00E2B5459D
:201D7C001CF0C1F2C5F1BE07470FFCFFE009923D1C08C80A41B6EDFF19F66800DCF160C0C7
:201D9C001630183880FFDC000AD001DA00EAD5251CF0C1F2C5F1BE07470FFCFF5B09E1D9F4
:201DBC00EA151C08C80A410EEDFF1D10C312C20901AE04001CF0DDF1C1F219167A00C2F16E
:201DDC0070A01530143880FFC2000AD01B08C10A01D8DB0041EADD0061EAB905E0D192DD58
:201DFC0041E2DC001C06EEFFB105E0D1A2BDE0D1DA35A5078709FDFFE009823536060069B6
:201E1C00BFFF99C79F001630183880FF56000AD001DA00EAF51DA5078709FDFF5B09E1D977
:201E3C00BA151D08C30A22060469BFFF01A8C2A91DF0C1F21916A000C2F170A0153014387B
:201E5C0080FF48000AD01B08C10A01D8DB0041EADD0068EAB905E0D1F2DD1A504006FFFFDD
:201E7C0006F0079893000112809B000AF5056090F391AA050012410AC1000106CEFFB10521
:201E9C006112E2F502507F0006F00798D3000112809C000AF5057090F391AA050012410AE0
:201EBC00C1000106CEFFB1056112E2F502507F008207E1F306D8DB0007E09C0008B09600B9
:201EDC0000EAA407050901FFE009BA0501EAC5158407C9F44400020DE1D9B10501EAC50D0E
:201EFC001BF0EEF74002840709154400C2F1DECF0000AA0501EAE0E99A3D1BF0EEF74002DB
:201F1C00840709154400C2F171C81BF0EEF74002840709154400C2F172C01BF0EEF7400296
:201F3C00840709154400C2F173D01C0601FFAA1519F0C2F2C4F19E0789BD440018F0E6F73B
:201F5C004802D7F170085A09E1D1BA0501E2A50500E2BEFF6AFF193018381A4063E7010034
:201F7C00024A80FF0C00BEFF6EFF4206FFF39407E1FFC60063371A00C700633F1C0008D0B8
:201F9C00DA0009A0015A435F0200E3371B000142E33F1D0080FFD407E3F71B00ECF7400278
:201FBC00C5F19E078961120063670900E3F71B00ECF74002C5F1BE074561120043670300E1
:201FDC0004EA20E61300E3F71B00E3671D00ECF74002F4675002C5F19E07C91112000CC895
:201FFC00C2C900DA80077A011CF0FE00FEF60600C5F1BE0707ABFBFF1CF0FE00FEF606002F
:20201C00C5F1BE07275BFBFF635F040015F0C2F219160200C2F170085A09E1D1EA07370194
:20203C0015F0C2F219160200C2F17158635F1800E35F0500AB06FFFFEA1DF90F010015F039
:20205C00C2F2235F0900C5F19E07C9C6FDFFC60ACB09C1C11DB0C1B223161E00C2B1A33735
:20207C00030018381A40E34F190080FF960676570000C51DE3F70500F90F0100235F09000F
:20209C00C2F2C5F19E07C9BEFDFFC60ACB09C1B91DB0C1B223161E00C2B117301A38E347A7
:2020BC00190080FFA206765700001508610AC125C205630AF245D54D61A28A0D1DF0C1F2A2
:2020DC0023161E00C2F180D4E515E0A18A0D1DF0C1F223161E00C2F18004D50D1DF0C1F284
:2020FC0023161E00C2F170085A09E1D1BA0501A2A50500A2F52D835F5500E0598A0D1DF049
:20211C00C1F223161E00C2F18004B51D835F5500615A8A0D1DF0C1F223161E00C2F180D4E9
:20213C0085151DF0C1F223161E00C2F170085A09E009D705015A435F5400B50543075400D6
:20215C00950D1DF0C1F223161E00C2F180D4A50500005FEADD005FE2DC0041DADB0064DA82
:20217C00F10789FE045A635F0C0000B2F51D16F0FE00FEF60A00835F5500C5F1BE07A70A6F
:20219C00FCFFEB099A1516F0FE00FEF60A00C5F1BE07C712FCFF1408C100E111DA0563B76C
:2021BC000C004307020041B2D60065B2D905835F0300615AD2DDE35F0D00615ADA1DE3F7C3
:2021DC001B00C2F2C4F19E078965440063671100E30F1D00235F1100E60F48021DF0C1F20C
:2021FC0023161E00C2F1CB09E10F3D00800C055A635F0E00850D045A635F0E0041EADD0035
:20221C0041E2DC00E35F0D00010AEB0FC258635F0600CB00CB00635F060000DAA5751CF00F
:20223C00FE00FEF60600C5F1BE0707ABFBFF1CF0FE00FEF60600C5F1BE07275BFBFF635FA6
:20225C00040015F0C2F219160200C2F170085A09E1D19A551CF0FE00FEF60600E35F0700F8
:20227C00C5F1BE07470BFBFF4B09E159CA45E35F0500AB06FFFF9A25F90F010015F0C2F267
:20229C00235F0900C5F19E07C9C6FDFFC60ACB09C1C11D58C15A23F61E00CBF163F7150099
:2022BC001838A33703001A40704880FF5604236715006C570000F51DE3F70500F90F01008E
:2022DC00235F0900C2F2C5F19E07C9BEFDFFC60ACB09C1B91D58C15A23F61E00CBF163F7CA
:2022FC00150017301A38704080FF5C04236715006C57000041EADD0041E2DC0041DADB0026
:20231C00E35F0F00EBD9C18DE3371B000042E33F1D0080FF56045406FFFF8407E1FF06A046
:20233C00D400C700633F060008C0D80014F0ECF74002C5F19E0789A9120014F0ECF74002AD
:20235C00C5F1BE0745591200435F030014F0ECF74002E35F0700C5F19E07C9111200F45F85
:20237C0050020BD8C2D902EA00E2E52D1DF0C1F2C5F1BE07A7D2FBFF1AF0C2F21B160200F2
:20239C00C2F170085809E1C19A1D1AF0C2F21B160200C2F171B8FB0F01001AF0C2F2C5F1F0
:2023BC009E07C9CEFDFFC60AD509C1C9A337030019381840174880FF4A03E0E9B2055FEA17
:2023DC00DD0041E2DC0063E2A1D520EE130000E2A5551DF0FE00FEF60600C5F1BE0707D3F3
:2023FC00FBFF1DF0FE00FEF60600C5F1BE07275BFBFF635F04001A06E2FF923D1AF0C2F277
:20241C001B160200C2F170085809E1C18A351AF0C2F21B160200C2F171B8E35F0500AB06BB
:20243C00FFFFCA15FB0F01001AF0C2F2C5F19E07C9CEFDFFC60AD509C1C9A3370300193886
:20245C001840174880FFBC02A515FB0F0100C60AD509E3F70500C2F2C5F19E07C9B6FDFF90
:20247C00C1B116301838174080FFDC025FEADD0041E2DC006BE2E1AD4406FFFF8C07E1FFC9
:20249C0006A8D50009A0C700633F160008D0DA0043070300015A435F040015F0ECF740024B
:2024BC00C5F19E0789591200635F09007FA28A0D1530E33F17001A4080FFEA010AA0805E64
:2024DC00FFFF635F060000DAB5151BF0FE00FEF60A00C5F1BE078712FCFFD40E0F00E1117D
:2024FC00DA0563DF06004307040041DADB0065DAD905835F0500615A92EDE35F0700AB061D
:20251C00FFFFCA05015A435F0300BEFFB2F9A35F0300E059EA07830115F0ECF74002C5F1D7
:20253C00BE0745591200435F0500E35F0700010AEB0FC2B0D60000EA85751DF0FE00FEF6EA
:20255C000600C5F1BE0707CBFBFF1DF0FE00FEF60600C5F1BE07275BFBFF635F140015F03B
:20257C00ECF74002E35F1700C5F19E07C9111200F45F50020BB8C2B919F0C2F217160200AB
:20259C00C2F170085A09E1D1EA451DF0FE00FEF60600C5F1BE07470BFBFF5609E1B1BA3DFC
:2025BC00010AF90FC0005409B2051AC0A50500C2E35F1500AB06FFFFEA15F70F010019F0BD
:2025DC00C2F2235F0900C5F19E07C9E6FDFFC60ACB09C1E1A33705001C381A40184880FFE8
:2025FC002201951DE3F71500F70F0100235F0900C2F2C5F19E07C96EFDFFC60ACB09636FB1
:20261C001100CD09630F1100233711001A38184080FF340141EADD001D06ECFFF98D00EAE5
:20263C00953D1DF0C1F2C5F1BE07A7CAFBFF19F0C2F217160200C2F170085A09E1D18A2D23
:20265C0015F0C2F2C4F19E07895D4400635F0D00E30F1700235F0D00E60F480219F0C1F2BF
:20267C00CB09C1F170C0F70F010019F0C2F2235F0900C5F19E07C9E6FDFFC60ACB09C1E1ED
:20269C00A33705001C381A40184880FF760041EADD0063EAF1C5BEFF3EF8A35703004C06EF
:2026BC00FFFF0670CE000768CD000888D1000EF0C2F2C4F19E07898544000012000AC51DC3
:2026DC0001F0FE00FEF60600C5F1BE070793FBFF0162F267C298D3000D60E667480212F0F7
:2026FC00C1F2D061CCF1707811604F61EC89AA051311410AC1000106ECFFB9E502507F005F
:20271C000698930007F00890D2000988D1001306F0FFBA057010A505601012085109E19162
:20273C00DA0512080209C100E5053280D00010084209C1001306F0FFBA05800CA505800BA0
:20275C0002507F000710C20006F00890D2000208D00A0288528911980199008D1108C10060
:20277C00C100019D01507F000688D1000780D00008989300000A8507499212008507891776
:20279C00FEFFD2118507C9F7FEFFD2F1B106FFFFC205B006FFFFFA05619A8A252106F82415
:2027BC00F70BC51D1170EC7740021068F46F5002C5718E07C97112000D78CE792F0F910014
:2027DC00E009C20D619ACA0500750E09F505E099DA05006D21700D084E092E0601A5A5A5EF
:2027FC0062770100010D2E0600A5A5A5627701007F00AA07E1FFC60063372200C700633FDD
:20281C002600C80063472400C900634F2800E33723000142E33F2700BFFF50FFE3F723006A
:20283C00ECF74002C5F19E078961120063670900E3F72300ECF74002C5F1BE0745611200D8
:20285C004367010004EA20E61300E3F72300E3672700ECF74002F4675002C5F19E07C91135
:20287C0012000CB8C2B96307160000C2800764011CF0FE00FEF60600C5F1BE07075BFBFFE2
:20289C00635F04001CF0FE00FEF60600C5F1BE07275BFBFF635F0C00E3F70500171602007F
:2028BC00E3672500C2F2C2F170080CC841C9D900E0C9E2071301E3F7050017160200C2F28F
:2028DC00C2F1716063672000E35F0D00AB06FFFFFA1DE3F70500F70F0100235F0900C2F234
:2028FC00C5F19E07C9B6FDFFC60ACB09C1B11DD8C1DA23164A00C2D9A337010016381940A0
:20291C00E34F210080FF4E037B570000C51DE3F70D00F70F0100235F0900C2F2C5F19E073C
:20293C00C9AEFDFFC60ACB09C1A91DD8C1DA23164A00C2D915301938E3472100BFFF08FEA7
:20295C007B570000E30F0500610AC11DC205630AA225853DE35F25001DF0C1F2239E4A005A
:20297C00D3F170082B10C2004209800C1DF0C1F223164A00E35F2900C2F170080B09800CB2
:20299C00A5251DF0C1F223164A00C2F17058635F1600951DE35F25001DF0C1F2239E4A00D7
:2029BC00D3F170082B10C2004209800C1DF0C1F223164A00E35F8100C2F170080B09800C1A
:2029DC00A50500005FEADD005FE2DC0041C2D80064C2F1079FFEE30F4D00E3174F002108A7
:2029FC004111E30F51004209630F500001DA6307060000D2956D00A21AF0C1F223162A0038
:202A1C00C2F1200E1000800CE35F25005B59825DE35F29005B59EBD9DA05015A635F110033
:202A3C00B50563071100E35F17005B59EBD9DA05015A435F0300B50543070300045A635F6E
:202A5C000E00015A435F0200F51D14F0FE00FEF60A00A35F0300C5F1BE07A70AFCFFEB091B
:202A7C009A1514F0FE00FEF60A00E35F1100C5F1BE07C712FCFFEB11DA0563A70E004307AC
:202A9C00020041A2D400835F0300615AF2DDE35F0F001AF0C1F223162A00C2F1010AEB0FC9
:202ABC00C000800CE35F0F00615AAA0DE35F0700415A635F0600CB00CB00635F0600C1DA46
:202ADC00DB0041D2DA00A35F0100EBD1D195E35F0700E059D21DE3F72300C2F2C4F19E0771
:202AFC008965440063671900E30F2700235F1900E60F48021DF0C1F223164A00C2F1CB09E8
:202B1C00E10F3D00800C055A635F1400850D045A635F140041EADD0041E2DC0000C2800795
:202B3C0018011CF0FE00FEF60600C5F1BE07075BFBFF635F04001CF0FE00FEF60600C5F105
:202B5C00BE07275BFBFF635F0C0000CA01DA00D2E525E35F25005B59E21DE3F705001716A3
:202B7C000200C2F2C2F170085B09E1D9CA151C08E100E10E06001A10C11223F62A00C2F16E
:202B9C007010C509A107470BFBFF4209E111BA051BC9D900C1DADB0041D2DA00A35F0100B8
:202BBC00EBD181DDE0C9A245E35F0D00AB06FFFFAA25F70F0100235F0900C60ACB09E3F772
:202BDC000500C2F2C5F19E07C9B6FDFFC1B11D58C15A23F64A00CBF163F71D001638A3378A
:202BFC0001001940704880FF6C0023671D006C570000C51DE3F70D00F70F0100235F0900F7
:202C1C00C2F2C5F19E07C9AEFDFFC60ACB09C1A91D58C15A23664A00CB61153019380CF0E7
:202C3C007040BFFF22FB6C57000041EADD0041E2DC0041C2D800E35F1500EBC1F107E7FE68
:202C5C00E33723000042E33F2700BFFF1EFB6A06FFFF0698930007F00890D2000988D10057
:202C7C001306F0FFBA057010A50560103280D00010084209C100128051811009C1001306DA
:202C9C00F0FFBA05800CA505800B02507F008007E11006D83B0F15008407CF0E440000EA8D
:202CBC00A51D3E06A4188400DDF160E01CF0C2F2C4F19E07C9F303FF000DE009B20D1CF00B
:202CDC00C2F2C4F19E07C9F303FF1B30000DE1C760F941EA62EAE1E500EA951D3E06A418DA
:202CFC008400DDF160E01CF0C2F2C4F19E07C9F303FF020DE009A20D1CF0C2F2C4F19E078D
:202D1C00C9F303FF020DE1C760F941EA62EAF1E500EA951D3E06A4188400DDF160E01CF042
:202D3C00C2F2C4F19E07C9F303FF1E0DE009A20D1CF0C2F2C4F19E07C9F303FF1E0DE1C73D
:202D5C0060F941EA62EAF1E54006FF108007E10000EAB52D3E06A4188400DDF160E01CF08A
:202D7C00C2F2C4F19E07C9F303FF040DE009A20D1CF0C2F2C4F19E07C9F303FF040DE1C731
:202D9C0060F91CF0C2F2C4F19E07C9F303FF060DE009A20D1CF0C2F2C4F19E07C9F303FF63
:202DBC00060DE1C760F941EA62EAD1D54006FF008007E13006E09C0007D0DA00FC0E1C0090
:202DDC008407C916440001D8C2D99BEF19001DF0C2F2C4F19E07C9F303FF120DE009C20D62
:202DFC001DF0C2F2C4F19E07C9F303FF1C301A38120DE1C760F94006FF308007E17006E0ED
:202E1C009C0007D008C8D900FC0E1C008407C916440001D8C2D99BEF19001DF0C2F2C4F119
:202E3C009E07C9F303FF140DE009D20D1DF0C2F2C4F19E07C9F303FF1C301A381940140D39
:202E5C00E1C760F94006FF708007E11006E09C00FC0E1C008407C916440001D8C2D99BEFD4
:202E7C0019001DF0C2F2C4F19E07C9F303FF160DE009B20D1DF0C2F2C4F19E07C9F303FFA0
:202E9C001C30160DE1C760F94006FF108007E13006D89B0000EAFB0E1C008407C916440083
:202EBC0001D0C2D19AE719001CF0C2F2C4F19E07C9F303FF0C0DE009C20D1CF0C2F2C4F1DA
:202EDC009E07C9F303FF1B300C0DE1C760F90AE81D504006FF308007E11006E89D00FD0E2C
:202EFC001C008407C916440001E0C2E19CDF19001BF0C2F2C4F19E07C9F303FF080DE009FF
:202F1C00B20D1BF0C2F2C4F19E07C9F303FF1D30080DE1C760F93C0F0500E009E2053E0638
:202F3C00C7B3E0FDDDF180034006FF108007E13006E09C0007D0FC0E1C008407C9164400B3
:202F5C0001D8C2D99BEF19001DF0C2F2C4F19E07C9F303FF0A0DE009C20D1DF0C2F2C4F120
:202F7C009E07C9F303FF1C301A380A0DE1C760F94006FF3006F0200E3B00800C200E790015
:202F9C00810C010A840B050A850B86037F008007E13006E09C0007D0FC0E1C008407C916C6
:202FBC00440001D8C2D99BEF19001DF0C2F2C4F19E07C9F303FF0E0DE009C20D1DF0C2F22D
:202FDC00C4F19E07C9F303FF1C301A380E0DE1C760F94006FF308007E13006E09C0007D09D
:202FFC00FC0E1C008407C916440001D8C2D99BEF19001DF0C2F2C4F19E07C9F303FF100DD4
:20301C00E009C20D1DF0C2F2C4F19E07C9F303FF1C301A38100DE1C760F94006FF3080074B
:20303C00E10000EA951D3E06A4188400DDF160E01CF0C2F2C4F19E07C9F303FF180DE0097F
:20305C00A20D1CF0C2F2C4F19E07C9F303FF180DE1C760F941EA62EAF1E54006FF0080078E
:20307C00E100BEFF92EE00EA951D3E06A4188400DDF160E01CF0C2F2C4F19E07C9F303FF10
:20309C001A0DE009A20D1CF0C2F2C4F19E07C9F303FF1A0DE1C760F941EA62EAF1E5BEFF4B
:2030BC0098EE4006FF008007E100BEFF4AEE00EA951D3E06A4188400DDF160E01CF0C2F2DE
:2030DC00C4F19E07C9F303FF1C0DE009A20D1CF0C2F2C4F19E07C9F303FF1C0DE1C760F9F9
:2030FC0041EA62EAF1E5BEFF50EE4006FF000688000AA5153E06A4188400C1F160906192BC
:20311C00AA0D12F0C2F2119E0400D3F1001584074F164400410A620AE1ED840749F64400D3
:20313C00000A951D0015029DBE8717006182DA0D8086FFFF628788017A80738700009E874E
:20315C00170053870400C5057480628788011EF61C00410A610AF1E57F00840749F64400E5
:20317C00009AB56D0015020D74903288E2971D00D100519162971C007490E28F19003290E7
:20319C00D200519178881191629718007490E18F09003290D200519175881191619708001A
:2031BC007490E18F0D003290D20051917688119161970C0074903288E1971100D10051915E
:2031DC006197100074903288E1971900D10051916197180074903288E2971100D1005191BE
:2031FC006297100074903288E1971500D1005191619714007490E28F1D003290D200519198
:20321C007988119162971C007490E28F01003290D20051917788119162970000E1972100BB
:20323C0074881191619720007C9074883191629784011EF61C00419A619AD1957F00820700
:20325C00E1FF8407C9EE440000DAB56D3DD715009DB7190061B2AA65BD0F1100E009BA4D6B
:20327C00BA0F0300E009FA453DE701003CCF09009A0F0300E009BA153CF70D00FC0F150041
:20329C00800C3C0F0100E009F205FC0F01005F0A790F0000E52579070000B5259A5F0100FF
:2032BC00435F0300A3F70300FCF740029DF100C5380F0100E009E20D38BF0900F7AF010061
:2032DC003CA701001530143880FFFE0579570000B505790700003CF70D00FC0F1500800CE5
:2032FC003E06D3B3E0FDDBF180033E06CDB3E0FDDBF18003BD0F1100610ABA0DBA0F0300F1
:20331C00E009FA053E06D3B3E0FDDBF1010A800B3E06C7B3E0FDDBF180031DEE1C0041DA74
:20333C0066DAD1954206FFFF840749F64400009AB53D000D02157490619788017490328884
:20335C00E1971D00D100519161971C007490E18F19003290D2005191788811916197180040
:20337C0074903288E2970900D10051916297080074903288E2970D00D100519162970C0041
:20339C0074903288E1970100D10051916197000074903288E2972100D1005191629720000B
:2033BC001EF61C00419A619AD1C57F008407C9164400000AD52D829719006192EA2522F7CF
:2033DC000100088DE089820D088DD13F0000088D918F01001F00049D068D710700007307A3
:2033FC0000003106C7B3E0FDC189510700003106D3B3E0FDC1890182518700003106CDB38B
:20341C00E0FDC1895107000002161C00410A660AB1D57F008207E1FF06E89D00C700633FC0
:20343C00020000B2FD0E1C008407C916440001E0C2E13CC715003C0F0D00620A8A0D1D30A3
:20345C00E33F030080FFB60A80076001980F0300E009DA5D3CDF01003BCF0900B80F010043
:20347C00840749164400E10E1C0001A8C2A935D7010000BA41EA9D001CE61C00BEFF78EA17
:20349C00F9A701003CDF01003BCF09003E06D3B3E0FDDDF16008610ADA0DFA0F1D00FB17D9
:2034BC00050002097A0F1C003E06D3B3E0FDDDF18003FA0F0900FB1705004209D00ADA0D0E
:2034DC001430E33F030080FF000479570000FB0F050001B9D700A50501B241EA9D001CE64D
:2034FC001C0066EAB9053CC7150066EAD905980F0300E0098ACD7ABF0400BEFF3CEA61B223
:20351C00CA550232013ABEFF8EE2F54DB80F0100840749164400E10E1C0001A8C2A93CDF62
:20353C00010035D70100985F0100435F0100A3F70100FCF740029CF100BD37CF0900BEFFE0
:20355C00B6E9F9A701003BCF09003E06D3B3E0FDDDF16008610ADA0DFA0F1D00FB17050090
:20357C0002097A0F1C003E06D3B3E0FDDDF18003FA0F0900FB1705004209D00ADA0D14300E
:20359C00E33F030080FF420379570000FB0F05007A0F0400A50501B2BEFF9EE961B2DA0527
:2035BC000232013ABEFFF0E14206FFFF8207E1FF06E89D0007C808A0D40000AAFD0E1C009C
:2035DC008407C916440001E0C2E13CBF1500970F0300E009AA7DB70F0100840749164400DF
:2035FC00E10E1C00C209630F010023B7010036B701003CDF01003BC70900FBD70500BEFFE2
:20361C00F6E8F60F0900FB1705004209D00AAA0DE0C9D2055FCA78CF0000D5057807000066
:20363C00A50501AABEFF12E941EA9D001CE61C00BEFFC4E83CDF01003BC709003E06D3B321
:20365C00E0FDDDF16008610ADA0DF60F1D00FB1705000209760F1C003E06D3B3E0FDDDF18F
:20367C008003F60F0900FB1705004209D00ADA0DE0C9820D1930143880FF4E02785700000F
:20369C00B50D78070000850DFB0F05002108C10041D1DA0001AA41EA9D001CE61C0066EA75
:2036BC00B9053CBF150066EAD905970F0300E009AAC576D70400BEFF80E861AAAA0D023285
:2036DC00013ABEFFD2E0D5051D301438BFFF48FD4206FFFF8007E1F106E89D00FD0E1C005D
:2036FC008407C916440001D8C2D93BC71500B80F0100840749164400E10E1C0001B8C2B940
:20371C0037E70100980F0300610ACA2DBEFFE8E73BD70100FA0F05002110FC0F1D00C2009A
:20373C0042097C0F1C009B0F1100E009BA0DFA0F05002110FC0F1900C20042097C0F1800FD
:20375C00850DFC0F1900FA17050002097C0F18003E06D3B3E0FDDDF1010A800BBEFFDAE74A
:20377C00957D3B0F0D00620A9A3DBEFF8AE701CA853541EA9D001BDE1C003BD7010061CAB3
:20379C00B20563CADA25FA0F05002110FC0F1D00C20042097C0F1C009B0F1100E009BA0DA4
:2037BC00FA0F05002110FC0F1900C20042097C0F1800850DFC0F1900FA17050002097C0F78
:2037DC0018003E06D3B3E0FDDDF1010A800B41CA63CA83D5BEFF62E7D53D1BDE1C0041EAC2
:2037FC009D00BEFF12E73BD70100FA0F05002110FC0F1D00C20042097C0F1C009B0F110071
:20381C00E009BA0DFA0F05002110FC0F1900C20042097C0F1800850DFC0F1900FA170500FD
:20383C0002097C0F18003E06D3B3E0FDDDF1010A800B41EA9D001BDE1C0066EAB9053BC7C6
:20385C00150066EAD905980F0300E009DACDBEFFE8E64006FFF18007E1F006C09800F80E52
:20387C001C008407C916440001E8C2E93DE7150084074F0101FF9C0F0300610A8A25BC0F27
:20389C000100840749164400E10E1C0001D0C2D13ACF01003DDF0100BEFF5CE6FB0F050039
:2038BC00F91719000130C6004209C600E609DA05010A84074F0901FFBEFF7EE684074951B9
:2038DC0001FF4006FFF00608079813060080CA0501160100B50DE099BA050012F505410A19
:2038FC000190F397220212108F1202507F008007E11006D89B00FB0E1C008407C916440015
:20391C0001E0C2E13CEF0100BEFFECE53D0F1100E009B20D3DF711007008C10EFFEF800C42
:20393C003DF7110070081F003C0F0500E009F20D3E06C7B3E0FDDBF1010A800B3D0F1100FD
:20395C00C1BF00003DF7110060081F00BEFFEAE54006FF108007E13006E89D0007D0FD0E19
:20397C001C008407C916440001E0C2E13CDF15009B0F0300E009927D3C0F0D00620A9A0D9D
:20399C003C0F0D00620A9A759B0F0100620AD26D62D2AA353C0F0500E009F2053E06C7B3E1
:2039BC00E0FDDDF1010A800B1D30BFFF44FF3C0F0D00620A8A0D9B0F0100630ACA055FEAD1
:2039DC009D00D5059B0F0100A1E99D00FD0E1C008407C916440001E0C2E11D30BFFF12FF0D
:2039FC003C0F0500E00992453E06C7B3E0FDDDF1010A800BA53DE0D1DA059C0F0900610A0B
:203A1C00F20561D29A2D9C0F0900E009DA253C0F0D00620A8A0D9B0F0100630ACA055FEA72
:203A3C009D00D5059B0F0100A1E99D00FD0E1C008407C916440001E0C2E11D30BFFFB2FE0D
:203A5C003C0F0500E00992153E06C7B3E0FDDDF1010A800BA50D1D30BFFF96FE3E06C7B35C
:203A7C00E0FDDDF1010A800B4006FF308007E1F006E89D00FD0E1C008407C916440001E0DB
:203A9C00C2E13CDF01003CD715003C0F0500E009D20DBEFF62E43B0F1100C13F00003BF77B
:203ABC00110060081F00BEFF90E49A0F0300E009BA453E06CDB3E0FDDDF16008610ACA3D44
:203ADC00BEFF34E43E06CDB3E0FDDDF18003BA0F0100840749164400E10E1C0001C0C2C1BC
:203AFC0038CF01001CE61C0041EA9D003E06CDB3E0FDDDF16008610AFA0D3CDF0100F90F4F
:203B1C001D00FB1705000209790F1C003E06CDB3E0FDDDF1800341EA9D001CE61C0066EA7E
:203B3C00B9053CD7150066EAD9059A0F0300E009EADDBEFF04E44006FFF08207E1FF06E0D0
:203B5C009C0007A0FC0E1C008407C916440001D8C2D93BC71500980F0300E009AA5D00AA63
:203B7C00B80F0100840749164400E10E1C00C209630F010023BF010037BF01003BCF010005
:203B9C0039F70D007008C1EEFF3FDD0014D0DA001A08CE0A01D0DA001AE9DD00BEFF58E34F
:203BBC00F9B70500F70F81015609D00AC20577B7880101AA39F70D0080EC41E29C001BDEE9
:203BDC001C003BCF010039F70D007008C1EEFF3FDD0014D0DA001A08CE0A01D0DA001AE9BD
:203BFC00DD0039F70D0080EC41E29C001BDE1C0066E2B9053BC7150066E2D905980F030062
:203C1C00E0098AE561AABA0577B78401BEFF2AE34206FFFF8007E1F306D09A0007B0FA0E19
:203C3C001C008407C916440001D8C2D93BCF1500B90F0100840749164400E10E1C0001B850
:203C5C00C2B937E70100990F0300610ABA5D99C70100BEFFA2E23E06CDB3E0FDDAF1010A68
:203C7C00800B1AF0B8F1C4F1010A9E079D092A003BEF0100FD0F05002110FC0F1D00C2005E
:203C9C0042097C0F1C00E0B1BA0DFD0F05002110FC0F1900C20042097C0F1800850DFC0F0B
:203CBC001900FD17050002097C0F1800BEFF8AE21AF0B8F1C4F1BE0735092A00E009AA2592
:203CDC008407C91644001A08B809FC0F400201D8C2D93BEF0100BEFF1EE23D0F1100E00948
:203CFC00F20D3DF711007008C10EFFEF800C3D0F1100C1BF00003DF7110060081F00BEFF3D
:203D1C0038E24006FFF38207E1FF8407C9EE440000D2E54D3DCF15009DB7190061B2DA4582
:203D3C00BD0F1100610A9A45B90F0300E009DA3D3DE701003CDF0900990F0300E009BA15C9
:203D5C003CF70D00FC0F1500800C3C0F0100E009F205FC0F01005F0A7B0F0000E5257B07A4
:203D7C000000B525995F0100435F0300A3F70300FCF740029DF100C5380F0100E009E20D6A
:203D9C0038BF0900F7AF01003CA7010015301438BFFF36FB7B570000B5057B0700003CF7BB
:203DBC000D00FC0F1500800C1DEE1C0041D266D2A1B54206FFFF8007E1108407C9E644002A
:203DDC0000EAB51D9CDF190061DACA15BC0F1100610A8A153E06D3B3E0FDDDF16008610A2F
:203DFC009A0D1C3080FF38003E06D3B3E0FDDDF180031CE61C0041EA66EAD1E5840749F6EC
:203E1C00440000EA850D000D7C10611784011EF61C0041EA61EA81FD4006FF1006082197F1
:203E3C001500B21701008407498E4400E2161C000298D19933F70100218F01007E10F187E7
:203E5C00050010118E147F008407499E44008407C9164400000AA50D33F70100F397190011
:203E7C007E978801139E1C00410A610AE1F5000AA545827F1900228F1500617A9A3DA28780
:203E9C0011006182DA35B1870300E0819A35918703006182DA2DB1870100840749764400CC
:203EBC00F0861C001098CE9933F7010022970100F287050030707E80CE004E818E8482878C
:203EDC001100E0819A0DF287050030707C80CE004E818C84E5057C80F27705000E818C84F3
:203EFC003006D3B3E0FDC18101725077000002161C00410A660AE1BD7F008807E1FF06E828
:203F1C009D00C700633F0E0000AAFD0E1C008407C916440001E0C2E13CB715003CD7010052
:203F3C00960F0300E009AA5DFACF0500B60F0100840749164400E10E1C0001A0C2A134C701
:203F5C0001003ABF0900BEFFAEDFF75F0100635F090001DAE53541EA9D001CE61C003CD7E8
:203F7C0001003ABF090061DAB20563DACA153E06D3B3E0FDDDF16008610ADA0DF80F1D00C1
:203F9C00FA1705000209780F1C003E06D3B3E0FDDDF18003F80F09005909D00AAA0D2337EC
:203FBC000900E33F0F00BFFF20F977570000850DFA0F05002108C10041C9D90001AA41DAD3
:203FDC0063DAA3CD78CF0400BEFF6EDF61AAFA6D0232013ABEFFC0D7A56D965F0100435FE4
:203FFC000300A3F70300FCF740029CF1005D635F0500B60F0100840749164400E10E1C0020
:20401C0001A0C2A134C70100960F0100A1E99D00960F0100E10E1C00A1E1FACF050023BFD4
:20403C00050037BF0900BEFFCEDEF75F0100635F09003ABF090001DAF51D41EA9D001CE61C
:20405C001C003CD7010061DAB20563DACA153E06D3B3E0FDDDF16008610ADA0DF80F1D00B3
:20407C00FA1705000209780F1C003E06D3B3E0FDDDF1800341DA63DA93E5F80F0900590926
:20409C00D00ACA0D23370900E33F0F00BFFF3AF87757000078CF0400A50501AABEFF9ADE2C
:2040BC0061AADA050232013ABEFFECD64806FFFF0688000AA5153E06A4188400C1F1609048
:2040DC006292AA0D12F0C2F2119E0400D3F1001584078F164400410A620AE1ED840789F6D4
:2040FC004400000AE5150015029D6B806182BA0D0F82428708007480738700006A805387FF
:20411C000400C5056C80428708001EF61400410A610AA1ED7F00840789F64400009AB54D23
:20413C00000D02156C9032888197110091005191419710006C90818F0D00329092005191B6
:20415C006F88119141970C006C90828F09003290920051916D881191429708006C9032884C
:20417C0082970D009100519142970C006C90818F11003290920051919E8F1100119141979A
:20419C0010006C90818F15003290920051916E88119141971400829711006C88119142977F
:2041BC001000BE9711006C883191419704001EF61400419A619AD1B57F008207E1FF8407E4
:2041DC00C9EE440000DAB56D3DD715009DB7190062B2AA65BD0F1100E009BA4DBA0F03007A
:2041FC00E009FA453DE701003CCF09009A0F0300E009BA153CF70D00FC0F1500800C3C0FA7
:20421C000100E009F2053C0F01005F0A790F0100E52579070100B5259A5F0100435F03005F
:20423C00A3F70300FCF740029DF100C5380F0100E009E20D38BF090037AF01003CA7010052
:20425C001530143880FF720579570100B505790701003CF70D00FC0F1500800C3E06D3B3F9
:20427C00E0FDDBF180033E06CDB3E0FDDBF18003BD0F1100610ABA0DBA0F0300E009FA0543
:20429C003E06D3B3E0FDDBF1010A800B3E06C7B3E0FDDBF180031DEE1C0041DA66DAD19527
:2042BC004206FFFF840789F64400009AC53D000D02156C90419708006C90328881971100D3
:2042DC0091005191419710006C90818F0D0032909200519192006F88119141970C006C900D
:2042FC0032888297090091005191429708006C90328882970D009100519142970C006C9042
:20431C0032888197150091005191419714006C9032888297110091005191429710001EF6EB
:20433C001400419A619AC1C57F008407C9164400000AD52D829F1900629AEA2522F7010059
:20435C000895E091820D0895D23F00000895929701001F00069572070000049572070100E9
:20437C003206C7B3E0FDC191520700003206D3B3E0FDC191018A528F00003206CDB3E0FDF9
:20439C00C1915207000002161C00410A660AB1D57F008207E1FF06E89D00C700633F020003
:2043BC0000B2FD0E1C008407C916440001D8C2D93BC71500980F0300E009DA5D3BE70100E2
:2043DC003CCF0900B80F0100840789164400E10E140001A8C2A935D7010000BA41EA9D00D1
:2043FC001BDE1C00BEFF10DB39A701003BE701003CCF09003E06D3B3E0FDDDF16008610A84
:20441C00DA0D9A0F11009C17050002095A0F10003E06D3B3E0FDDDF180039A0F1D009C1732
:20443C0005004209D80ADA0D1430E33F030080FF8803795701009C0F050001B99700A50558
:20445C0001B241EA9D001BDE1C0066EAB9053BC7150066EAD905980F0300E0098ACD5ABF5A
:20447C001800BEFFD4DA61B2CA550232013ABEFF26D3F54DB80F0100840789164400E10EDF
:20449C00140001A8C2A93BE7010035D70100985F0100435F0100A3F70100FCF740029BF1B1
:2044BC0000BD37CF0900BEFF4EDA39A701003CCF09003E06D3B3E0FDDDF16008610ADA0D0B
:2044DC009A0F11009C17050002095A0F10003E06D3B3E0FDDDF180039A0F1D009C17050054
:2044FC004209D80ADA0D1430E33F030080FFCA02795701009C0F05005A0F1800A50501B279
:20451C00BEFF36DA61B2DA050232013ABEFF88D24206FFFF8207E1FF06E89D0007C808A089
:20453C00D40000AAFD0E1C008407C916440001E0C2E13CBF1500970F0300E009AA7DB70FF9
:20455C000100840789164400E10E1400C209630F010023B7010036B701003CDF01003BC7A8
:20457C0009009BD70500BEFF8ED9960F1D009B1705004209D80AAA0DE0C9D2055FCA78CF2E
:20459C000100D50578070100A50501AABEFFAAD941EA9D001CE61C00BEFF5CD93CDF01001B
:2045BC003BC709003E06D3B3E0FDDDF16008610ADA0D960F11009B1705000209560F1000B8
:2045DC003E06D3B3E0FDDDF18003960F1D009B1705004209D80ADA0DE0C9820D193014386D
:2045FC0080FFD60178570100B50D78070100850D9B0F05002108810041D19A0001AA41EACA
:20461C009D001CE61C0066EAB9053CBF150066EAD905970F0300E009AAC556D71800BEFF74
:20463C0018D961AAAA0D0232013ABEFF6AD1D5051D301438BFFF5EFD4206FFFF8007E1F01A
:20465C0006E89D00FD0E1C008407C916440001D8C2D93BCF1500B90F010084078916440014
:20467C00E10E140001C0C2C138E70100990F0300610ACA2DBEFF80D83BD701009A0F0500D4
:20469C0021109C0F1100820042095C0F10009B0F1100E009BA0D9A0F050021109C0F0D00C7
:2046BC00820042095C0F0C00850D9C0F0D009A17050002095C0F0C003E06D3B3E0FDDDF1A3
:2046DC00010A800BBEFF72D8D53D1BDE1C0041EA9D00BEFF22D83BD701009A0F0500211089
:2046FC009C0F1100820042095C0F10009B0F1100E009BA0D9A0F050021109C0F0D00820016
:20471C0042095C0F0C00850D9C0F0D009A17050002095C0F0C003E06D3B3E0FDDDF1010AB9
:20473C00800B41EA9D001BDE1C0066EAB9053BCF150066EAD905990F0300E009DACDBEFFA2
:20475C00F8D74006FFF08007E1F006C09800F80E1C008407C916440001E8C2E93DE71500E6
:20477C0084074F0101FF9C0F0300610A8A25BC0F0100840789164400E10E140001D0C2D1D9
:20479C003ACF01003DDF0100BEFF6CD79B0F050099170D000130860042098600E609DA0514
:2047BC00010A84074F0901FFBEFF8ED78407495101FF4006FFF00608079813060080CA055E
:2047DC0001160100C51DE099BA050012851D410A8016FFFFE209E30DC196FF7F01888F8AA6
:2047FC00F38F22021280F38722028F821010D111E5050190F397220212108F1202507F00F7
:20481C008007E11006D89B00FB0E1C008407C916440001E0C2E13CEF0100BEFFDAD63D0F4F
:20483C001100E009B20D3DF711007008C10EFFEF800C3DF7110070081F003C0F0500E00988
:20485C00F20D3E06C7B3E0FDDBF1010A800B3D0F1100C1BF00003DF7110060081F00BEFFDA
:20487C00D8D64006FF108007E13006E89D0007D0FD0E1C008407C916440001E0C2E13CDFAB
:20489C0015009B0F0300E009F25562D2FA253C0F0500E009F2053E06C7B3E0FDDDF1010A13
:2048BC00800B1D30BFFF5CFF9B0F0100A1E99D00FD0E1C008407C916440001E0C2E11D3073
:2048DC00BFFF40FF3C0F0500E009E2353E06C7B3E0FDDDF1010A800BF52DE0D1DA059C0F13
:2048FC000900610AF20561D2EA1D9C0F0900E009AA1D9B0F0100A1E99D00FD0E1C0084070F
:20491C00C916440001E0C2E11D30BFFFF6FE3C0F0500E00992153E06C7B3E0FDDDF1010A81
:20493C00800BA50D1D30BFFFDAFE3E06C7B3E0FDDDF1010A800B4006FF308007E1F006E881
:20495C009D00FD0E1C008407C916440001E0C2E13CDF01003CD715003C0F0500E009D20DE9
:20497C00BEFF94D53B0F1100C13F00003BF7110060081F00BEFFC2D59A0F0300E009BA45E8
:20499C003E06CDB3E0FDDDF16008610ACA3DBEFF66D53E06CDB3E0FDDDF18003BA0F0100FE
:2049BC00840789164400E10E140001C0C2C138CF01001CE61C0041EA9D003E06CDB3E0FD97
:2049DC00DDF16008610AFA0D3CDF0100990F11009B1705000209590F10003E06CDB3E0FD63
:2049FC00DDF1800341EA9D001CE61C0066EAB9053CD7150066EAD9059A0F0300E009EADDA4
:204A1C00BEFF36D54006FFF08207E1FF06E09C0007A0FC0E1C008407C916440001D8C2D9A3
:204A3C003BC71500980F0300E009AA5D00AAB80F0100840789164400E10E1400C209630F89
:204A5C00010023BF010037BF01003BCF010039F70D007008C1EEFF3FDD0014D0DA001A08F5
:204A7C00CE0A01D0DA001AE9DD00BEFF8AD499B70500970F01005609D80AC20557B7080082
:204A9C0001AA39F70D0080EC41E29C001BDE1C003BCF010039F70D007008C1EEFF3FDD0048
:204ABC0014D0DA001A08CE0A01D0DA001AE9DD0039F70D0080EC41E29C001BDE1C0066E2D2
:204ADC00B9053BC7150066E2D905980F0300E0098AE561AABA0557B70400BEFF5CD44206AC
:204AFC00FFFF8007E1F306D09A0007B0FA0E1C008407C916440001D8C2D93BCF1500B90FED
:204B1C000100840789164400E10E140001B8C2B937E70100990F0300610ABA5D99C7010026
:204B3C00BEFFD4D33E06CDB3E0FDDAF1010A800B1AF0B8F1C4F1010A9E079D092A003BEFE1
:204B5C0001009D0F050021109C0F1100820042095C0F1000E0B1BA0D9D0F050021109C0F6D
:204B7C000D00820042095C0F0C00850D9C0F0D009D17050002095C0F0C00BEFFBCD31AF0ED
:204B9C00B8F1C4F1BE0735092A00E009AA258407C91644001A08B809FC0F400201D8C2D964
:204BBC003BEF0100BEFF50D33D0F1100E009F20D3DF711007008C10EFFEF800C3D0F110026
:204BDC00C1BF00003DF7110060081F00BEFF6AD34006FFF38207E1FF8407C9EE440000D27A
:204BFC00E54D3DCF15009DB7190062B2DA45BD0F1100610A9A45B90F0300E009DA3D3DE790
:204C1C0001003CDF0900990F0300E009BA153CF70D00FC0F1500800C3C0F0100E009F205D8
:204C3C003C0F01005F0A7B0F0100E5257B070100B525995F0100435F0300A3F70300FCF783
:204C5C0040029DF100C5380F0100E009E20D38BF090037AF01003CA7010015301438BFFF69
:204C7C0058FB7B570100B5057B0701003CF70D00FC0F1500800C1DEE1C0041D266D2A1B501
:204C9C004206FFFF8007E1108407C9E6440000EAB51D9CDF190062DACA15BC0F1100610A0A
:204CBC008A153E06D3B3E0FDDDF16008610A9A0D1C3080FF3A003E06D3B3E0FDDDF180034D
:204CDC001CE61C0041EA66EAD1E5840789F6440000EA950D000DBE171100411704001EF62C
:204CFC00140041EA61EAF1F54006FF1006F00A95B20F0100840789164400E10E1400019872
:204D1C00C299330F0100008D81171100918705001011411710007F008407899E44008407FD
:204D3C00C9164400000A950D33F70100B39711008893139E1400410A610AF1F5000AB54582
:204D5C00827F1900228F1500627AAA3DA28711006182EA35B1870300E081AA3591870300C2
:204D7C006182EA2DB1870100840789764400F08614001098CE9933F701002297010092877F
:204D9C00050030709E8711008E004E81908382871100E0819A0D9287050030706C808E0052
:204DBC004E818C83E5056C80927705000E818C833006D3B3E0FDC18101725077000002164A
:204DDC001C00410A660AD1BD7F00231EFCFF63FF0100E1476011E6476099231EFCFF63F7DF
:204DFC000100E1374000E03F4000F1474000F04F4000E6574000E75F4000E64760590032CD
:204E1C0080FFA201E6676059EB3F2000EA372000E9872000E88F2000E0076001E707200046
:204E3C00E60F200023F70100231E0400E6676099E167601123FF0100231E0400E00748014A
:204E5C00231EFCFF63FF0100E1476011E6476099231EFCFF63F70100E1374000E03F40008A
:204E7C00F1474000F04F4000E6574000E75F4000E6476059013280FF2C01E6676059EB3F27
:204E9C002000EA372000E9872000E88F2000E0076001E7072000E60F200023F70100231EA7
:204EBC000400E6676099E167601123FF0100231E0400E0074801231EFCFF63FF0100E14774
:204EDC006011E6476099231EFCFF63F70100E1374000E03F4000F1474000F04F4000E6579D
:204EFC004000E75F4000E6476059023280FFB600E6676059EB3F2000EA372000E987200060
:204F1C00E88F2000E0076001E7072000E60F200023F70100231E0400E6676099E167601114
:204F3C0023FF0100231E0400E0074801231EFCFF63FF0100E1476011E6476099231EFCFF23
:204F5C0063F70100E1374000E03F4000F1474000F04F4000E6574000E75F4000E647605943
:204F7C00033280FF4000E6676059EB3F2000EA372000E9872000E88F2000E0076001E70733
:204F9C002000E60F200023F70100231E0400E6676099E167601123FF0100231E0400E00712
:204FBC0048018007E1F106E89D00FD0E1C008407C916440001E0C2E13CDF01003BF71100F0
:204FDC007008880AF9050132013ABEFFCAC780077A01FD0E1C008407C916440001E0C2E196
:204FFC003CD715009A0F0300E0099A65BEFF08CF3E06CDB3E0FDDDF16008610AEA551DB8EF
:20501C003E06CDB3E0FDDDF18003BEFF2CCFBA0F0100840749164400E10E1C0001C0C2C183
:20503C003CDF010038CF01003E06C7B3E0FDDDF16008E009DA0DBEFFBECE3B0F1100C13FEB
:20505C0000003BF7110060081F00BEFFECCE1CE61C0041EA9D00BEFF9ECE3E06CDB3E0FD43
:20507C00DDF16008610AFA0D3CDF0100F90F1D00FB1705000209790F1C003E06CDB3E0FDC4
:20509C00DDF1800341EA9D001CE61C0066EAB9053CD7150066EAD9059A0F0300E009EADDFD
:2050BC00BEFF96CE17E8B505BEFF8ECE3E06C7B3E0FDDDF16008610A8A4DFD0E1C0084071C
:2050DC00C916440001E0C2E13CD715003C0F0D00620AFA359A0F0100630ABA35BA0F010022
:2050FC00840749164400E10E1C0001C0C2C13CDF010038CF0100FB0F0500F917190001308A
:20511C00C6004209C600E131920D9C0F0900610ADA053C0F0500E1C760F9FB0F0500F9177D
:20513C0019000130C6004209C600E131EA0D9C0F0900E009AA0D3C0F0500E1C760F9D505AA
:20515C003C0F0500E1C760F94006FFF1231EFCFF63FF0100E1476011E6476099231EFCFF12
:20517C0063F70100E1374000E03F4000F1474000F04F4000E6574000E75F4000E647605921
:20519C00043280FFB600E6676059EB3F2000EA372000E9872000E88F2000E0076001E7079A
:2051BC002000E60F200023F70100231E0400E6676099E167601123FF0100231E0400E007F0
:2051DC004801231EFCFF63FF0100E1476011E6476099231EFCFF63F70100E1374000E03FFE
:2051FC004000F1474000F04F4000E6574000E75F4000E6476059053280FF4000E667605977
:20521C00EB3F2000EA372000E9872000E88F2000E0076001E7072000E60F200023F701003A
:20523C00231E0400E6676099E167601123FF0100231E0400E00748018007E1F106E89D0092
:20525C00FD0E1C008407C916440001E0C2E13CDF01003BF711007008880AF9050132013A04
:20527C00BEFF34C580070201FD0E1C008407C916440001E0C2E13CD715009A0F0300E009BC
:20529C009A65BEFF72CC3E06CDB3E0FDDDF16008610AEA551DB83E06CDB3E0FDDDF18003B0
:2052BC00BEFF96CCBA0F0100840789164400E10E140001C0C2C13CDF010038CF01003E06CC
:2052DC00C7B3E0FDDDF16008E009DA0DBEFF28CC3B0F1100C13F00003BF7110060081F007F
:2052FC00BEFF56CC1CE61C0041EA9D00BEFF08CC3E06CDB3E0FDDDF16008610AFA0D3CDFD8
:20531C000100990F11009B1705000209590F10003E06CDB3E0FDDDF1800341EA9D001CE6C1
:20533C001C0066EAB9053CD7150066EAD9059A0F0300E009EADDBEFF00CC17E8B505BEFF76
:20535C00F8CB3E06C7B3E0FDDDF16008610ACA0DFD0E1C008407C916440001E0C2E13C0FB7
:20537C000500E1C760F94006FFF18007E1F306B0A407850901FFE009B20D20365300003A00
:20539C000042204E4A00BEFF2EC480070403E0B1BA0D20365300003A0042204E1000BEFF02
:2053BC0016C48007EC0236170100210628C1D40EE111B20D20365300003A0042204EEF000F
:2053DC00BEFFF4C38007CA0284070FB74400840709F74400080D84074F0F4400840709F7B9
:2053FC0044000A0D84078F0F4400840709F744000C0D8407CF0F4400840709F74400060D52
:20541C0084070F084500840709F74400100D84074F08450084074F04410084078F062E0009
:20543C008407CF062E0000EAF52D1DF0FE00FEF60A00C4F19E074D0041001DF0FE00FEF6C6
:20545C000A00200EFF00C4F19E075D08410000E2851D1DF0FE00FEF60A00220638BFE0FD70
:20547C00C2F142F2DCF180031DF0FE00FEF60A00220638BFE0FDC2F146F2DCF1800341E276
:20549C0064E281ED41EA64EA91D500EA850D1DF0C2F2C4F19E070F072E0041EA61EA81FD8E
:2054BC0000EAA54D1DF0FE00FEF61400C4F19E078D0441001DF0FE00FEF61400C4F19E0748
:2054DC009D0441001DF0FE00FEF61400C4F1BE07AD0441001DF0FE00FEF61400C4F19E07E2
:2054FC00CD0441001DF0FE00FEF61400C4F19E07DD0441001DF0FE00FEF61400C4F1BE0762
:20551C00ED0441001DF0FE00FEF61400C4F1BE070D0541001DF0FE00FEF61400C4F19E07F0
:20553C004F0541001DF0FE00FEF61400C4F19E078F05410041EA840709F744006408E1E948
:20555C00A1B500C2850D18F0C2F2C4F19E070F02430041C2840709F744007308F809CBF50D
:20557C0000DAA54D1BF0FE00FEF63400C4F19E074F0042001BF0FE00FEF63400C4F19E079C
:20559C00CF00420000CAD5351B08E100E10E340019F0EAF740022206B8BFE0FDC2094C0A1A
:2055BC00C1F1800400E2A5251BF0FE00FEF634002206B8BFE0FDC2F11910EA1740024CF2E3
:2055DC00C2F146F2DCF180031BF0FE00FEF634002206B8BFE0FDC2F11910EA1740024CF26A
:2055FC00C2F142F2DCF1800341E264E2E1DD41CA64CAB1CD41DA840709F744006808FB091C
:20561C00ABB500EA850D1DF0C2F2C4F19E070F062E0041EA62EA81FD00EAC50D840749109F
:20563C0045001DF0C3F2C2F100F5000DE1C760F941EA61EAC1F500BAF51D8407491744006A
:20565C001708C50A01D0C2D13A0F0D00610ADA0D3AF71D00FA0F1100840C3AF71D000105E8
:20567C003AF71D000305F5051A303A3F1500004280FF7C1A41BA840709F744006508F70958
:20569C00DBDD84074F072E00013280FF561A4006FFF380076100A407850901FFE009BA0DFC
:2056BC0020365300003A0142204E1A00BEFF08C1010AB51D8407890E2E00E009DA15003263
:2056DC0080FF201A00EAC50D8407491045001DF0C3F2C2F100F5100DE1C760F941EA61EA12
:2056FC00C1F5000AA505010A015040067F008007E11006E89D0007D8A407850901FFE009FF
:20571C00BA0D20365300003A0242204E1A00BEFFA6C0010A8535840709F744006508FD09CD
:20573C00AB0D20365300003A02420A4ABEFF88C0010A95258407491744001DF0C5F2C2F1AA
:20575C00060D610AAA0D20365300003A02420A4ABEFF64C0010AF50D8407491744001D083B
:20577C00C50A01E0C2E11C303C3F15001B4080FF7E19000A01504006FF108007E11006E05F
:20579C009C0000EAA407850901FFE009BA0D20365300003A0342204E1A00BEFF1AC001EA4C
:2057BC00F50D840709F744006808FC099B0D20365300003A03420C4ABEFFFCBF01EA61EAB3
:2057DC00C26DBEFF94C71CF0F4F744028407C9174400C2F1000D840789162E004209B20560
:2057FC0001EAB54DFCF63400C4F19E0749084200610ABA0501EA954500DA951D1C08F40FEB
:20581C0044028407C91744001BF0C2F2C209010E10001B10C212C209210F0100C4F19E0779
:20583C0009172E004209A20501EA41DA61DAF1E5E0E9BA25DC0E1F000112E117C0001CF06D
:20585C0085F2330624B6E0FDC2F2D3F1000D0209010DFCF63400010AC4F19E074F08420003
:20587C00FCF63400C4F19E079D004200FCF63400C4F19E07AD004200BEFFE4C661EAAA0DD5
:20589C0020365300003A0342204E2A00BEFF76BFC5051C3080FF741D1D504006FF108007CB
:2058BC00E11006E89D0007D8A407850901FFE009BA0D20365300003A0442204E1A00BEFF1A
:2058DC00F6BE010AC53D840709F744006508FD09AB0D20365300003A04420A4ABEFFD8BE21
:2058FC00010AD52DE0D9BA0D20365300003A0442204E1000BEFFC0BE010A9525840749176D
:20591C0044001DF0C5F2C2F1060D610AAA0D20365300003A04420A4ABEFF9CBE010AF50DDA
:20593C008407491744001D08C50A01E0C2E11C301B383C47190080FFB617000A015040067C
:20595C00FF108007E13006E89D0007D808D009E0DC00A407850901FFE009BA0D20365300EB
:20597C00003A0542204E1A00BEFF4CBE010AF545840709F744006508FD09AB0D2036530053
:20599C00003A05420A4ABEFF2EBE010A853D8407491744001DF0C5F2C2F1060D610AA20DCD
:2059BC0020365300003A05420A4ABEFF0ABE010AE525E0E1A20D8407491744001DF0C5F250
:2059DC00C2F17808E1E1A30D20365300003A05420D4ABEFFE2BD010AA51584074917440035
:2059FC001D08C50A01F0C2F10E0D61DF01000E0D61D705000E0D61E70800000A0150400633
:205A1C00FF3080072100A407850901FFE009BA0D20365300003A0642204E1A00BEFF98BDE5
:205A3C00000A950D8407890E2E00E009B205020AA505010A015040063F008007610006E841
:205A5C00DD00A407850901FFE009BA0D20365300003A0742204E1A00BEFF5CBD020AE515D4
:205A7C00840709F744007308FD09AB0D20365300003A07420B4ABEFF3EBD020AF5051DF0B6
:205A9C00C2F2C4F19E07090A4300015040067F008007610006E89D00A407850901FFE009DB
:205ABC00BA0D20365300003A0842204E1A00BEFF06BD020AE515840709F744006808FD0983
:205ADC00AB0D20365300003A08420C4ABEFFE8BC020AF505FDF63400C4F19E0749084200F4
:205AFC00015040067F008007610006E8E0E9AA0D20365300003A0942204E1000BEFFB8BC41
:205B1C009515200E3B007D0F0000200E53007D0F0200010A5D0F0400050A5D0F05005D075C
:205B3C00060040067F008007E11006D89B00A407850901FFE009BA0D20365300003A0A4275
:205B5C00204E1A00BEFF70BC01EAE555840709F744006808FB09AB0D20365300003A0A4269
:205B7C000C4ABEFF52BC01EAF545FB0E34008407C917440001E0C2E1BEFFDEC33C170100A1
:205B9C000208D00A0209840789162E004209CA15FBF63400C4F19E0749084200610AC20D2C
:205BBC008407890E2E003C170100020984078F0E2E0000EAA50501EABEFFA4C3E0E9A20DA9
:205BDC0020365300003A0A42204E3A00BEFF36BCB5151B3080FF9A210AE8BEFF7CC33C0F9B
:205BFC00010021108407890E2E00420984078F0E2E00BEFF6AC31D504006FF1080076100D2
:205C1C0006E89D00A407850901FFE009BA0D20365300003A0B42204E1A00BEFF9ABB000A20
:205C3C00B51D840709F744006408FD09AB0D20365300003A0B420E4ABEFF7CBB000AC50D25
:205C5C00FDF61400C4F1BE07850C4100610ABA05020AA505010A015040067F0080076100EC
:205C7C0006E89D00A407850901FFE009AA0D20365300003A0C42204E1A00BEFF3ABB952D77
:205C9C00840709F744006808FD099B0D20365300003A0C420C4ABEFF1EBBB51D1DF0F4F714
:205CBC0044028407C9174400C2F1000D840789162E004209A20D20365300003A0C42204E22
:205CDC003A00BEFF40BBD5051D30003A80FF481C40067F008007E10006E0A407850901FF26
:205CFC00E009BA0D20365300003A0D42204E1A00BEFFC4BA010AA52DE0E1C20D61E2A20D84
:205D1C0020365300003A0D420F4ABEFFAABA010AD51D8407C90E2E00E009B205010AE51589
:205D3C0084074FE44100E0E18A1500EAC50D8407491045001DF0C3F2C2F100F5020DE1C7E2
:205D5C0060F941EA61EAC1F5000A01504006FF0080076100A407850901FFE009D215840786
:205D7C00490C4100610A821500EAC50D8407491045001DF0C3F2C2F100F50C0DE1C760F906
:205D9C0041EA61EAC1F540067F008007610006E89D00A407850901FFE009BA0D20365300F1
:205DBC00003A2046A000204E1A00BEFF0ABAB52D840709F744006808FD09AB0D20365300F6
:205DDC00003A2046A0000C4ABEFFECB9C51D1DF0F4F744028407C9174400C2F1000D840795
:205DFC0089162E004209B20D20365300003A2046A000204E3A00BEFF0CBAD5051D30013A3A
:205E1C0080FF141B40067F008007210080FF1A0F009A001295750260FC6742028407895F71
:205E3C0044000C78CB79AF870D008407095845001060C1620C68CB69AD0F01002F7719000F
:205E5C008E8F010001F0C5F2C5F19E070963260011F0C7F20C668000CCF12C060700700061
:205E7C00016501F0C5F2C5F19E070963260011F0C7F20C668000CCF120661300E46301F0D1
:205E9C00C5F2C5F19E070963260011F0C7F20C668000CCF12066F300EC630162F067C00097
:205EBC0053619A2D01F0C5F2C5F19E0709F32600800301F0C5F22E670900C5F19E0709F306
:205EDC00260003650C92950D01F0C5F2C5F19E0709F3260060605F92E091FBF501F0C5F2F9
:205EFC00C5F19E0709F32600016280630162F067C0000C994112840709F744007360EC11B2
:205F1C00B18D40063F008007E1F700D200DA800708021B08FC0F420284078917440001B86C
:205F3C00C2B937AF1900B7CF0D008407091045001908C10A01B0C2B1B6EF010095E701001C
:205F5C00010AF90FC0005A09AA3D1DF0C5F2C5F19E0709F3260080031DF0C5F2C5F19E0725
:205F7C0009F3260003051DF0C5F2C5F19E0709F3260088031D08C50AC509A107C50C2600AE
:205F9C000112E117C20801C6FFFF1DF0C5F2C5F19E0749F3260003C51DF0C5F2C5F19E07E3
:205FBC0049F326001BC51DF0C5F2C5F19E0749F3260033C5010AF90FC00001D11DF0C5F2A1
:205FDC00C5F19E07090B26001CF0C7F2010E8000C1F1400E7000010D1DF0C5F2C5F19E071F
:205FFC00090B26001CF0C7F2010E8000C1F1400E0001030D1DF0C5F2C5F19E07090B26008D
:20601C001CF0C7F2010E8000C1F1200E2000840C1DF0C5F2C5F19E07090B26001CF0C7F262
:20603C00010E8000C1F1010A860C1DF0C5F2C5F19E07090B26001CF0C7F2010E8000C1F107
:20605C0009051DF0C5F2C5F19E07090B26001CF0C7F2010E8000C1F194041DF0C5F2C5F1A5
:20607C009E07090B26001CF0C7F2010E8000C1F1010A8C0C1DF0C5F2C5F19E07090B260023
:20609C001CF0C7F2010E8000C1F1010A8E0C1DF0C5F2C5F19E07090B26001CF0C7F2010E0C
:2060BC008000C1F1010A900C1DF0C5F2C5F19E07090B26001CF0C7F2010E8000C1F1010A81
:2060DC00920C1DF0C5F2C5F19E07090B26001CF0C7F2010E8000C1F1010A960C1DF0C5F236
:2060FC00C5F19E07090B26001CF0C7F2010E8000C1F1200E1300E40B1DF0C5F2C5F19E079A
:20611C00090B26001CF0C7F2010E8000C1F1200EF300EC0B41DA840709F744007308E1D9EC
:20613C00F107F3FD80FF020C4006FFF7067807688D002F9F1900AF0F0D008407091045007D
:20615C00C10A0170C271AE0F010093170100E069FA2501F0C5F233970900C5F19E0709F311
:20617C002600039501F0C5F293970D00C5F19E0709F3260088930C82950D01F0C5F2C5F140
:20619C009E0709F3260060905F82E081FBF501F0C5F2C5F19E0709F3260001928093339765
:2061BC0005006192822D01F0C5F2C5F19E0749F326000192E297C000328802955191039520
:2061DC0001F0C5F2C5F19E0749F326000192E297C00032881A9551911B9501F0C5F2C5F119
:2061FC009E0749F326003295018AE28FC00011913395E52501F0C5F2C5F19E0749F3260020
:20621C000295018AE28FC0001191039501F0C5F2C5F19E0749F326001A95018AE28FC00005
:20623C0011911B9501F0C5F2C5F19E0749F326000192E297C00032883295519133952FF76E
:20625C0005008407496744006088C58A1190CC91338F1500326705006162CA0540661000AC
:20627C000C8901F0C5F2C5F19E070963260002F0C7F20C668000CCF120661300E46301F0AD
:20629C00C5F2C5F19E070963260002F0C7F20C668000CCF12066F300EC6301F0C5F2C5F1BE
:2062BC009E070963260002F0C7F20C668000CCF133671100016501F0C5F2C5F19E070963B1
:2062DC00260002F0C7F20C668000CCF1038D01F0C5F2C5F19E070963260002F0C7F20C66E0
:2062FC008000CCF192670100846401F0C5F2C5F19E070963260002F0C7F20C668000CCF174
:20631C00F3671900866401F0C5F2C5F19E070963260002F0C7F20C668000CCF133671D005E
:20633C00096501F0C5F2C5F19E070963260002F0C7F20C668000CCF1F36721008C6401F088
:20635C00C5F2C5F19E070963260002F0C7F20C668000CCF1F36723008E6401F0C5F2C5F156
:20637C009E070963260002F0C7F20C668000CCF1F3672500906401F0C5F2C5F19E0709638E
:20639C00260002F0C7F20C668000CCF1F3672700926432670D00E0618A1501F0C5F2C5F106
:2063BC009E070963260002F0C7F20C668000CCF1F26711009664951501F0C5F2C5F19E071F
:2063DC000963260002F0C7F20C668000CCF132671D00EC67090096647F00068807F03197DD
:2063FC001900B10F0D00840709104500C10A0180C281B00F010092170100329F1500027D54
:20641C00617ACA05407E10000F990178C57AC5798F07097B26000270C7720F7E8000CE790B
:20643C006F9F05000178C57AC5798F07097B26000270C7720F7E8000CE7960706F7708003A
:20645C00067DE0798A150178C57AC5798F07097B26000270C7720F7E8000CE7978706F77A2
:20647C002C0095150178C57AC5798F07097B26000270C7720F7E8000CE790E75EE77090004
:20649C006F772C007F008007E1F706A8950007D83BCF1900BB0F0D00840709104500C10A20
:2064BC0001B0C2B1B6C7010099BF0100BB0F0D00E10E140022067CBFE0FD01E8C2E961AA0C
:2064DC00BA1D5D0704005D0705003BF7050060D08407491744001A08C50A01E0C2E118F0E5
:2064FC00C5F2C5F19E0709F3260080031B30003ABFFF3CFCF51D9DF705003B170500C2F199
:20651C0060D08407491744001A08C50A01E0C2E118F0C5F2C5F19E07090B260017F0C7F277
:20653C00010E8000C1F1010AB80B1B301C38BFFFACFE390F0500610AA22D3C0F0D00E00961
:20655C00AA153C0F15007D0F0D003C0F19007D0F1100FC0F11007D0F0600FC0F11007D0F10
:20657C000800D5153CF71D00000D7D0F0D003CF71D00020D7D0F11003CF71D0074087D0FC3
:20659C0006003CF71D0074087D0F0800390F0500E0098A0D1B301D381840174880FF0C00CA
:2065BC00A50500004006FFF70698078008080910338F190001F0C5F2C5F19E0709932600EB
:2065DC0002F0C7F212968000D2F1F39703009E9401F0C5F2C5F19E070993260002F0C7F2DA
:2065FC0012968000D2F1940401F0C5F2C5F19E070993260002F0C7F212968000D2F101920E
:20661C00B493B37F0D000192EF97C0008407897E2E004F91AA0D90970500E091EA05319754
:20663C001D00CA929A92EA0D01F0C5F2C5F19E070993260002F0C7F212968000D2F10292B3
:20665C00B4937F008007E1F006D800D2BB0F0D00840709104500C10A01C0C2C1BB0F0D00AA
:20667C00E10E140022067CBFE0FD01C8C2C9B8E701001CF0C5F2C5F19E07C9F3260070084F
:20669C00C10EFFEF800C1CF0C5F2C5F19E0709F426007008C10EFFEF800C1CF0C5F2C5F11A
:2066BC009E0749F426007008C10EFFEF800C1B380132BFFFD4FD00EA1CF0C5F2C5F19E07D8
:2066DC0009F4260070088D0A892D1CF0C5F2C5F19E07C9F3260070088D0AF90D1CF0C5F2DE
:2066FC00C5F19E07C9F326007008C10EFFEF800CBB370D0080FF18011CF0C5F2C5F19E07CB
:20671C0009F426007008C10EFFEF800CBB370D0080FFBA0200EAA50541EA1CF0C5F2C5F107
:20673C009E07C9F3260070088D0A99151CF0C5F2C5F19E07C9F326007008C10EFFEF800C38
:20675C00BB370D0080FFC80000EAA50541EA840709F744000E0DFD09FB150132013ABEFFED
:20677C0036B0F9F70300020AC2F2C4F19E070F0A4300B9F70100FEF63400010AC4F19E0770
:20679C008D08420001D2850709F4260070081F00E0D1FA059B0F0100B9170500E111D18D6D
:2067BC00B9F70100FEF63400C4F1BE0785084200610AAA0501D21A504006FFF006F0071002
:2067DC000898E0F1CA05220F0900D50DA20F0100620AD205640ADA05000DD5057008B505E6
:2067FC0060080000730F01007F0006F0071008981308A29701006292D2056492DA05010D63
:20681C00D505800CB505800B00007F008407E1FF06B08407091045001608C10A01A8C2A92B
:20683C00B5D701001608E100E10E140022067CBFE0FD01E8C2E9FD0F03008407891744005B
:20685C00FC0F400201C8C2C939C7190098BF01001AF0C5F2C5F19E0749F32600020D01126A
:20687C00F717C0000209030D1AF0C5F2C5F19E0749F3260000A51AF0C5F2C5F19E0749F398
:20689C00260005A59DF7050039170500C2F16008840749174400C50A01D8C2D9380F050045
:2068BC00620A9A0D38E71D00DCE60300040AFC0FC2E0A50501E263E70500FD0F0700E00915
:2068DC009A3D9D0F0500410A5D0F0400990F01009D170500E111D92D380F0500E0099A2D03
:2068FC00990F1500610ADA259DF7050039170500C2F16008840749174400C50A01D8C2D9DA
:20691C003B0F0D00E009AA0D3B0F15007D0F0D00FB0F11007D0F0600D50D3BF71D00000D81
:20693C007D0F0D003BF71D0074087D0F0600A50500E2F5255FE23D370D001B382346000021
:20695C00BFFF7CFE3D0F0D00E009820D3D0F0D00BB170100C2097D0F0D001AF0C5F2C5F10B
:20697C009E07090B260017F0C7F2010E8000C1F1230F0100210DFD0F07005F0A7D0F0600AC
:20699C00E0E19ADD1AF0C5F2C5F19E07090B26001798C79A010E8000D309E1172D00E35F6B
:2069BC000500FD9F0700CB99F311EA0D1AF0C5F2C5F19E0749F32600010AF70FC0002198AC
:2069DC00020D5309030D4406FFFF8207E1FF06B08407091045001608C10A01A8C2A9B5E737
:2069FC0001001608E100E10E140022067CBFE0FD01E8C2E9FD0F0300840789174400FC0F1B
:206A1C00400201B8C2B937CF190099C701001CF0C5F2C5F19E0749F326001A0D0112F8179B
:206A3C00C00002091B0D1CF0C5F2C5F19E0749F3260018A51CF0C5F2C5F19E0749F326008A
:206A5C001DA5BDF7050037170500C2F16008840749174400C50A01D8C2D9390F0500620A06
:206A7C009A0D39D71D00DAD60300040AFA0FC2D0A50501D21CF0C5F2C5F19E07090B2600F5
:206A9C0018F0C7F2010E8000C1F1285D635F01003D0F1100E009F20D3D3711001B38234709
:206ABC000100BFFF48FD3D0F1100BB170100C2097D0F1100FD0F09005F0A7D0F08005FD2DB
:206ADC00E0D19ADD1CF0C5F2C5F19E0749F32600010AF80FC00000154209D2051630BFFFE5
:206AFC002EFDE50D1CF0C5F2C5F19E0749F32600010AF80FC0002110020D4209030DFD0F64
:206B1C000900E009EA070502BD0F0500410A5D0F0500390F0500E009FA351CF0C5F2C5F104
:206B3C009E07090B260099170100010E8000C712C209810F4D00C10E1300D80AD2250232AA
:206B5C00013ABEFF52AC1CF0C5F2C5F19E07090B260099F70100010E8000C7F2C1F1200E12
:206B7C001300E40BFDF70300020AC2F2C4F19E070F0A4300BDF70100FEF63400010AC4F1ED
:206B9C009E078D0842001CF0C5F2C5F19E07090B260099170100010E8000C712C209810F91
:206BBC006900C10EF300D80AD2250232013ABEFFE6AB1CF0C5F2C5F19E07090B260099F710
:206BDC000100010E8000C7F2C1F1200EF300EC0BFDF70300020AC2F2C4F19E070F0A430019
:206BFC00BDF70100FEF63400010AC4F19E078D084200970F0100BD170500E1118A251730F8
:206C1C0080FFDA12FDF70300C2F2C4F19E07090A4300620A820DFDF70300C2F2C4F19E0792
:206C3C000F024300840789162E00010AF60FC0004209BA6D163080FF780BF565BDF70500EF
:206C5C0037170500C2F16008840749174400C50A01D8C2D9390F0500620AD205970F1500ED
:206C7C00E0099A15BD0F05005D0F0400FD0F03008407893F4400FC0F40020032C139BFFF42
:206C9C0008F8B5453B0F0D00E0098A1D3B0F19007D0F1100FB0F11007D0F08001CF0C5F285
:206CBC00C5F19E07090B260018F0C7F2010E8000C1F1FB0F1100960CB51D3BF71D00020D34
:206CDC007D0F11003BF71D0074087D0F08001CF0C5F2C5F19E07090B260018F0C7F2010E74
:206CFC008000C1F13B0F1D00E10F0900960C1CF0C5F2C5F19E07090B260018F0C7F2010E1C
:206D1C008000C1F1030AB40B1CF0C5F2C5F19E0749F32600010AF80FC00021101A0D420964
:206D3C001B0D4206FFFF0012A5658407099045000298C19A1308D209819F0100E0999A55D0
:206D5C00A1F70100C5F2C5F19E07099C2600D33F0000A1F70100C5F2C5F19E07C99B26005A
:206D7C00D33F0000A1F70100C5F2C5F19E07499C2600D33F0000A1F70100C5F2C5F19E0772
:206D9C00899C2600D33F0000A1F70100C5F2C5F19E07C9F326007098D39EFFEF809CA1F7D2
:206DBC000100C5F2C5F19E0709F426007098D39EFFEF809CA1F70100C5F2C5F19E0749F416
:206DDC0026007098D39EFFEF809CA1F70100C5F2C5F19E0789F426007098D39EFFEF809C1D
:206DFC00850709F4260070981F004112840709F744006498F311A19D7F008007E10000EA70
:206E1C00A56D8407091045001D08C10A01E0C2E19C0F0100E0099A5D840789162E00010AF8
:206E3C00FD0FC00042099A55840749172E00010AFD0FC00042099A4DBCF70100C5F2C5F1ED
:206E5C009E07C9F3260070088D0AF90DBCF70100C5F2C5F19E07C9F326007008C10EFFEF9D
:206E7C00800C1D30BFFFA8F9BCF70100C5F2C5F19E0709F4260070088D0AF925BCF70100F4
:206E9C00C5F2C5F19E07C9F3260070088D0AF90DBCF70100C5F2C5F19E07C9F326007008AD
:206EBC00C10EFFEF800C1D30BFFF64F9BCF70100C5F2C5F19E0709F426007008C10EFFEFE7
:206EDC00800C1D30BFFF06FB850709F4260070081F0041EA840709F744006408E1E9A19552
:206EFC004006FF0006908407099845001208C10A0110D311A20F010001F0C5F2C5F19E079B
:206F1C0009F32600800301F0C5F2C5F19E0709F3260060981F0001F0C5F23006B0A17F00C6
:206F3C00D0F1029D01F0C5F2D0F102F5008D738F090001F0C5F23006B0A17F00D0F1029DCF
:206F5C0001F0C5F2D0F102F5188D738F390001F0C5F23006B0A17F00D0F1029D01F0C5F21F
:206F7C00D0F102F5308D738F690001F0C5F23006B0A17F00D0F1029D01F0C5F2D0F102F5A7
:206F9C00488D738F990001F0C5F2C5F19E07C9F326007098D39EFFEF809C01F0C5F2C5F19F
:206FBC009E0709F426007098D39EFFEF809C01F0C5F2C5F19E0749F426007098D39EFFEF9D
:206FDC00809CA2F70100C5F2C5F19E07099C2600D33F0000A2F70100C5F2C5F19E07C99BE0
:206FFC002600D33F0000A2F70100C5F2C5F19E07499C2600D33F000001F0C5F2C5F19E0771
:20701C00C9F3260070981F007F008007E17006D807C89900BBD70D008407091045001A0804
:20703C00C10A01E8C2E93BE71900BEFF38AF61CAAA253C0F0500610AC215BDF70100C5F2FE
:20705C00C5F19E07090C2600C13F0000BDF70100C5F2C5F19E07C90B2600C13F0000B52DDB
:20707C00BDF70100C5F2C5F19E07490C2600C13F000095253C0F0500610AC215BDF70100B1
:20709C00C5F2C5F19E07090C2600C1BF0000BDF70100C5F2C5F19E07C90B2600C1BF0000C6
:2070BC00A50DBDF70100C5F2C5F19E07490C2600C1BF0000BDF70100C5F2C5F19E07C9F3BD
:2070DC00260070081F00BEFFA2AE4006FF70060801F0C5F2C5F19E0709F3260080037F00E0
:2070FC000608810084078D0901FF7F0006F007100898000AE099FA2561906292F20D64921C
:20711C00A205F515048D0190C292C291728F0100410A7890F209F1F5D545048D0190C19214
:20713C00C291728F0000410A7890F209F1F5A53D048D0190C291528F0000410A7890F20925
:20715C0081FD853561906292A2156492A205D51D0188C28A0290D191D389318F0100728FC9
:20717C000100410A7890F209C1F5C51D0188C18A0290D191D389F18F0100728F0000410A1B
:20719C007890F209C1F5E50D0188D389918F01000190C291528F0000410A7890F209D1F549
:2071BC0000007F00068807981108E100E10E0A00320638BFE0FD0110D2111308F40F4602AE
:2071DC008407C99744000180D2811108C30A107E14000190CF9132F7050070580BF0FCF733
:2071FC0042028407897F4400CFF16C70900F0D00610A9A15F2F70300326F05005FF2C1F260
:20721C00CDF170F08407896F4400FCF74002CDF16C78A5050E780F08C545925701000162F8
:20723C00E167C0004A61C23D825701000162E167C0004A61FA0D02F60200C1F1809B8267D9
:20725C0001000152E157C0008A000A6142670000B52502F60600C1F16068EDF634002A068F
:20727C00B8BFE0FDCAF11150EA5740024CF2CAF142F2C1F1809B13F0FE00FEF634002A06AC
:20729C00B8BFE0FDCAF11150EA5740024CF2CAF146F2C1F1806B02F60600C1F1809B410AFB
:2072BC00EE09C3BD1360EC00EC66340011F0EAF740022A06B8BFE0FDCA614C62CCF1F267BF
:2072DC00030080647F000678078808680F10E200E2160A00330638BFE0FD0208D309811721
:2072FC000100E011CA05007280077C010172A1170100020601FFC20DA1F701008407C99FAC
:20731C004400F4F74402D3F16C1061129A2581F70100C5F1BE079511FBFF01F60200C2F12A
:20733C006098719F0100319F0100419F0100319701008407C9874400F49746021298D099A8
:20735C000F80C382136614001090CC91E51DA117010071170100311701008407C9974400F7
:20737C00F41746020298D2990F10C312138614000290D09132F7050070F0840789674400B8
:20739C00FCF74002CCF16C1031870000F08634002C06B8BFE0FDCC810F60EA6740024C825E
:2073BC000CF0D0F1F28703007060AC8132670500C182CC81F08701006D87010070805F820F
:2073DC0080847080E081BA050182E52593870D0061829A252D870100840789674400FC8730
:2073FC004202CC81F26703007058AB61325F0500C162CB61EC6701008407895F4400FC675D
:20741C00400290870D00CB618C670D00EC81B2050182A50500826182EA25015E0200C2597D
:20743C008B5F010001660600C2618C670100EB61CA0D0162E267C0002C58816701008B003A
:20745C004B6141670000B50D1E5E0200C2598B5F010001660200C2614C5F00002066FF00BA
:20747C00416701000E507F00068807801108E100E10E0A00330638BFE0FD0110D311100848
:20749C00F40F46028407C99F44000170D3711108C30A0E9E14000190D3911008E100E10E16
:2074BC0034002F06B8BFE0FDCF091178EA7F40024C0A0F98C1998E0F0D00610AAA25F2F7C3
:2074DC000300F36F0100ADF1326F0500C1F2CDF170F08407896F4400FCF74002CDF16C7877
:2074FC00F2F70300326705005FF2C1F2CCF170F0840789674400FCF74002CCF16C68C50D6E
:20751C0032F7050070F08407896F4400FCF74002CDF16C780F680D08D56D925F0100016200
:20753C00E167C0004B61D26502660600C1618C67010002F60200C1F16058EC59CA0D0162DD
:20755C00E167C0002C58826701008B004B6142670000F54D02F60200C1F16060F061BA0DF3
:20757C0002F60200C1F113660200C1618C6701008063F53D02F60600C1F16060F061BA0D15
:20759C0002F60600C1F113660600C1618C6701008063F52D13F60600C1F160F0FEF634004C
:2075BC002B06B8BFE0FDCBF11158EA5F40024CF2CBF142F2C1F113660200C1618C67010009
:2075DC00806313F60200C1F160F0FEF634002B06B8BFE0FDCBF11158EA5F40024CF2CBF148
:2075FC0046F2C1F113660600C1618C6701008063410AEF09B395A2670100F061DA052066C2
:20761C00FF00426701007F008407E1F36337050000D2230F05008407C9174400F40F460225
:20763C0001E0C2E1230F0400E10E34002206B8BFE0FD01D8C2D95B0704005B07070001B2DF
:20765C003C0F0100C10A7B0F090001EAF51D1D08C30A1C16140001C0C2C100CAA515381718
:20767C00050019F0C1F2C2F17008630F010023F70100030AC2F2C4F19E070F0A430041CAF2
:20769C00F80F0300E1C9C1ED41EA64EA91E501EA800714011D08C30A1C16140001C0C2C17A
:2076BC00F80F0300E009E27DBEFFAEA83B0F0100630A92651D30233F0500BFFFEAFA8407B9
:2076DC00C9162E00010AFD0FC0004209BA5501D28407C90E2E000112FD17C0000209840770
:2076FC00CF0E2E001D30233E040023460000BFFFD8FB010A5B0F0700230F010084078917DD
:20771C004400FC0F420201B8C2B9B7F70D00230F0500FEF61400C4F19E079D0C4100B7F79A
:20773C000D00230F0100FEF61400C4F1BE07AD0C4100B7170D00010AE20FC0000110D012E7
:20775C008407890E2E00020984078F0E2E00B7F70D00FEF61400010AC4F19E078D0C41005A
:20777C0023F70100010AC2F2C4F19E070F0A4300A50500D2BEFFE8A761B2EA0DBB0F0700BA
:20779C00610AAA0D3C0F0900E009E20500B23C0F0900E1C760F961D2DA052337010080FF94
:2077BC003E0441EA64EAF107EFFE4406FFF38607E1F706E81DCE010000DA00D21DF0FE00DB
:2077DC00FEF61400C4F1BE0795E441001DF0FE00FEF61400C4F1BE07A7B4410019301C388B
:2077FC0080FF60040AA8BEFF70A71930233E080023460400BFFFD2FA0AB861BA9A45230F6D
:20781C000500840789174400FC0F420201C0C2C1230F09008407C9174400F40F460201D837
:20783C00C2D923F70800FEF63400C4F1BE07B5D0420023F70800FEF63400010AC4F19E0757
:20785C00BD084200B8F70D00230F0900FEF61400C4F19E079D0C4100B8F70D00230F0500CF
:20787C00FEF61400C4F1BE07AD0C410023F70500010AC2F2C4F19E070F0A43008525010A27
:20789C00F90FC00021108407C90E2E0042098407CF0E2E00010AFD0FC000D00A21108407F5
:2078BC00890E2E00420984078F0E2E001DF0FE00FEF61400C4F19E078D044100BEFFA0A604
:2078DC001CF0FE00FEF63400C4F19E0749084200E009DA050232003ABEFFBC9E1608FC0FF7
:2078FC0042028407893744008407C93F4400C1311C08F40F460215401B4863D70100C13974
:20791C0080FF860261BADA052337050080FFD0024606FFF78407E1FF06E807B8970000D2D7
:20793C0000AA1D08F40F46028407C917440001C8C2C961BADA051930013A80FF0002BEFF52
:20795C0018A61DF0FE00FEF63400C4F19E0749084200610AEA079B0101E2800756011DF067
:20797C00FE00FEF63400C4F19E07C9104200010AFC0FC0004209E20739011C08C30A1916EC
:20799C00140001B0C2B11D08E100E10E34002206B8BFE0FDC2091C10EA1740024C0A02A0BC
:2079BC00C1A1F40F0100F6170300E111E36DF6F70300F41701005FF2A2F136170500C1F20E
:2079DC00C2F170C018F0C2F2C4F19E07090A4300610AFA3D61BAFA2D18F0FCF7420284078E
:2079FC0089174400C2F16DD88407091045001BF0C1F2C2F16058635F050023F7050084070C
:207A1C0049104500C3F2C2F100F51B300A0DE1C760F918F0C2F2C4F1020A9E070F0A43006E
:207A3C001DF0FE00FEF63400010AC4F19E07AD084200A50D1DF0FE00FEF63400010AC4F1F6
:207A5C009E079D084200010AFC0FC00001D1853518F0C2F2C4F19E07090A4300630A8A2D8C
:207A7C001C301D38BFFF04FA1DF0FE00FEF63400010AFC0FC00021103306B8BFE0FDD3F102
:207A9C00040D4209050DC5151C301D38BFFFDCF91DF0FE00FEF63400010AFC0FC000211014
:207ABC003306B8BFE0FDD3F1040D4209050D41E264E2F107ADFEE0D1BA1D1DF0FE00FEF658
:207ADC003400030AC4F19E074F08420001AADD0E1F000112E117C20821101DF085F23306DE
:207AFC0024B6E0FDC2F2D3F1000D4209010DBEFF6EA461BADA051930003A80FF4000E0D119
:207B1C00B21561BA9A1500DAC50D1B0E01000112E117C2085A09C2051B30BFFF94FC41DA2F
:207B3C0063DAC1F5950D19381540630701000032004A80FF54004406FFFF8007E10006E896
:207B5C0007E09C008407490C4100E009BA1DBEFF14A461E2BA0D8407490F2E003D170100C0
:207B7C00020984074F0F2E00B50D3D0F010021108407490F2E00420984074F0F2E00BEFF57
:207B9C00EAA34006FF008007E17006E807D808D09A0009E083CF1900E0E9920D3D0F0900CF
:207BBC00E009D2053D0F0900E1C760F961D29A0D3B0F0500E009D2053B0F0500E1C760F95A
:207BDC00E0C9BA0DE0E1920D3C0F0900E009D2053C0F0900E1C760F94006FF708007E11023
:207BFC0006D81B08FC0F420284078917440001E8C2E9BDF70D00840709104500C1F2C2F106
:207C1C0060E08407490C4100610ADA0D8407491045001CF0C3F2C2F100F51D30003A080D67
:207C3C00E1C760F98407491045001CF0C3F2C2F100F51D380132040DE1C760F94006FF10A6
:207C5C008007E17006D007E800DABEFF0CA31D08E100E10E34001AF0EAF740022206B8BF30
:207C7C00E0FDC2094C0AC1F170C8E0C9F21D1DF0FE00FEF63400C4F1BE0785084200610A61
:207C9C00D2151DF0FE00FEF63400C4F1BE0795084200610AB20D1DF0FE00FEF63400C4F143
:207CBC00BE07A5084200610AEA5D1DF0FE00FEF63400010AFA0FC00021103306B8BFE0FD7D
:207CDC00D3F1040D4209050DE0C992151A301D38BFFF98F71DF0FE00FEF634003306B8BF37
:207CFC00E0FDD3F1660865100209860B1DF0FE00FEF63400C4F19E07C9084200E009BA35D0
:207D1C0001DADD0E1F000112E117C20821101DF085F2330624B6E0FDC2F2D3F1000D420918
:207D3C00010D1DF0FE00FEF63400C4F1BE0785084200610ABA0502E2E50D1DF0FE00FEF69E
:207D5C003400C4F1BE07A5084200610ABA0503E2A50500E21DF0FE00FEF63400C4F19E0742
:207D7C004FE04200BEFFF8A11B504006FF708007E1F306C81908F40F46028407C9174400BC
:207D9C0001D8C2D919F0FE00FEF63400010AC4F19E074F08420019F0FE00FEF63400C4F142
:207DBC009E078D0042003B0F0900E009D2053B0F0900E1C760F900D21BC6140000EAD565E1
:207DDC00381705001DF0C1F2C2F170B81708FC0F420284078917440001E0C2E117F0C2F27C
:207DFC00C4F1010A9E070F0A4300BCF70D00FEF61400010AC4F19E078D0C4100BCF70D00DF
:207E1C00FEF61400C4F19E079DCC4100BCF70D00FEF61400C4F1BE07ADBC4100BCF70D008E
:207E3C00840709104500C1F2C2F160B084074910450016F0C3F2C2F100F51C30060DE1C734
:207E5C0060F90AD061D2821DF80F03005F0AE1E9B215381705001DF60100C1F2C2F170F0CF
:207E7C00840789174400FCF74002BC0F0D00C2F16D10E111920DBCF70D00FEF61400C4F12C
:207E9C009E078D04410041EAE0D1DA05F80F0300E1E9F195E0D1EA0D0232003ABEFFF898D7
:207EBC0019F0FE00FEF63400C4F19E074F004200A50D19F0FE00FEF63400020AC4F19E0745
:207EDC004F0842003B0F0500E009D2053B0F0500E1C760F91A504006FFF38007E13006D876
:207EFC00BBD70D008407091045001A08C10A01E0C2E19CEF01008407490C4100610ADA0D6E
:207F1C008407491045001DF0C3F2C2F100F51B30013A080DE1C760F98407491045001DF0E0
:207F3C00C3F2C2F100F5BC3701000E0DE1C760F94006FF30231EFCFF63FF0100E14760110B
:207F5C00E6476099231EFCFF63F70100E1374000E03F4000F1474000F04F4000E65740001D
:207F7C00E75F4000E64760598507C9F326007008880AE9050332013ABEFF1C98850D840715
:207F9C0049F0450002F56030BFFF84E8E6676059EB3F2000EA372000E9872000E88F2000DE
:207FBC00E0076001E7072000E60F200023F70100231E0400E6676099E167601123FF0100B8
:207FDC00231E0400E0074801231EFCFF63FF0100E1476011E6476099231EFCFF63F701001B
:207FFC00E1374000E03F4000F1474000F04F4000E6574000E75F4000E64760598507C9F584
:20801C0026007008880AE9050332013ABEFF8897850D840749F0450002F56130BFFFF0E722
:20803C00E6676059EB3F2000EA372000E9872000E88F2000E0076001E7072000E60F200001
:20805C0023F70100231E0400E6676099E167601123FF0100231E0400E0074801231EFCFFD1
:20807C0063FF0100E1476011E6476099231EFCFF63F70100E1374000E03F4000F1474000FC
:20809C00F04F4000E6574000E75F4000E64760598507C9F726007008880AE9050332013A82
:2080BC00BEFFF496850D840749F0450002F56230BFFF5CE7E6676059EB3F2000EA372000A7
:2080DC00E9872000E88F2000E0076001E7072000E60F200023F70100231E0400E66760994C
:2080FC00E167601123FF0100231E0400E0074801231EFCFF63FF0100E1476011E6476099B5
:20811C00231EFCFF63F70100E1374000E03F4000F1474000F04F4000E6574000E75F4000FB
:20813C00E6476059850709F426007008880AE9050332013ABEFF6096850D840749F04500D8
:20815C0002F56030BFFF86E8E6676059EB3F2000EA372000E9872000E88F2000E007600150
:20817C00E7072000E60F200023F70100231E0400E6676099E167601123FF0100231E0400F9
:20819C00E0074801231EFCFF63FF0100E1476011E6476099231EFCFF63F70100E137400046
:2081BC00E03F4000F1474000F04F4000E6574000E75F4000E6476059850709F6260070083B
:2081DC00880AE9050332013ABEFFCC95850D840749F0450002F56130BFFFF2E7E6676059B5
:2081FC00EB3F2000EA372000E9872000E88F2000E0076001E7072000E60F200023F701002B
:20821C00231E0400E6676099E167601123FF0100231E0400E0074801231EFCFF63FF0100C7
:20823C00E1476011E6476099231EFCFF63F70100E1374000E03F4000F1474000F04F40001E
:20825C00E6574000E75F4000E6476059850709F027007008880AE9050332013ABEFF38957B
:20827C00850D840749F0450002F56230BFFF5EE7E6676059EB3F2000EA372000E98720009A
:20829C00E88F2000E0076001E7072000E60F200023F70100231E0400E6676099E167601161
:2082BC0023FF0100231E0400E00748018007610006E83D17010021062881D90EE1118A0D9F
:2082DC0084078FE8450080FF6C0180FFE20040067F008007E10006E000EAE0E1CA0D8407CE
:2082FC00C90A4300E009F2050132013ABEFFA89401EA951D8407C90A4300E1E1C20D8407AB
:20831C00C90A4300E009F2050532013ABEFF889401EA950D0132003ABEFF7C940532003AC8
:20833C00BEFF7494E0E9CA051C3080FF32011D504006FF008007610006E8DD00BEFF6A9C9E
:20835C008407C90A4300610AFA0D840789F04500200EE803FD0F22020415E20FFE028407C7
:20837C008F0F2E00B5158407C90A4300620AEA0D840789F04500200EE803FD0F220204159C
:20839C00E20FFE0284078F0F2E00BEFF349C40067F0006F0200E3B00800C200E6600810C1B
:2083BC00010A840B050A850B86037F00800761003D060C10BFFF840789F04500080DE00914
:2083DC00A21D840789F045006E08810E88005D0F00001DF60400200E1027800C1DF608005D
:2083FC00200E204E800C840789F04500020D84078F0F2E00840789F04500080D8407CF0AC8
:20841C0043008007090F81F88016F3EFDD11420980070F0F81F88007090F81F81F00840754
:20843C0089F04500080DE009B20580FF840140067F00210601A5A5A580074F0B09A78007B5
:20845C00C90B04A7810E10008007CF0B04A7210600A5A5A580074F0B09A77F008007E10048
:20847C0006E03D060C10BFFFBEFF3E9B8407C90A4300E009FA45E0E1D24561E28A25840729
:20849C0089F045006C08810E88005D0F00001DF60400200E1027800C1DF60800200E204E4C
:2084BC00800C840789F04500210640420F000415E20FFE0284078F0F2E00F51D840789F09C
:2084DC0045006D08810E88005D0F00001DF60400200E1027800C1DF60800200E204E800CF8
:2084FC00840789F04500210640420F000415E20FFE0284078F0F2E008407CFE2430080FF00
:20851C00B000BEFFBC9A4006FF00231EFCFF63FF0100E1476011E6476099231EFCFF63F743
:20853C000100E1374000E03F4000F1474000F04F4000E6574000E75F4000E6476059A007E0
:20855C00C70A80F8C10E8000D00AE2050432013ABEFF4492F50D8407890F2E00E009A30DB6
:20857C008407890F2E005F0A84078F0F2E0080FF4000E6676059EB3F2000EA372000E9870E
:20859C002000E88F2000E0076001E7072000E60F200023F70100231E0400E6676099E167AF
:2085BC00601123FF0100231E0400E007480121060010BFFF840789F045000A1561129A0D1F
:2085DC0001F604006410209EAC0093118013D5052016AC00411700007F0006F0200E3B007D
:2085FC00800C200E5000810C010A840B050A850B86037F008207E1F106D000E284078FD684
:20861C0043003A0F0D008407CF0E43003A0F110084070F0F43003A0F150084074F0F43002A
:20863C0000EAD50D1DF0C2F2C4F19E078F022A001D3080FF38070AE041EA9D009A0F050011
:20865C00E1E9B905E0E1F2ED00EA8535FDF61400020AC4F19E078F0D2F00FDF61400C4F13E
:20867C009E07CF052F00FDF61400C4F19E070D062F00FDF61400C4F19E074F062F00FDF6BB
:20869C001400C4F19E078F062F001DF0F8F740028407C9164300C2F16008610ADA051D30EF
:2086BC0080FFEE090AE041EA9D00BA0F0500E1E9B905E0E1C2CD00DA850D3E06B9B3E0FDD7
:2086DC00DBF1800341DADB0064DA81FD00EAA5353AC70900FD0E1800C1C100CAB515FDF683
:2086FC001400381711001930C232C5F19E07C9F21F09C611220F01001EF6500FC6F1010D2E
:20871C0041CA980F0100E1C9B1ED200E1027630F01001D30003A2346000080FF38150AB8EC
:20873C00E0B9E2050132013ABEFF6C9001E241EA9D009A0F0500E1E9B905E0E1A2CDE0E1A4
:20875C00CA05013280FF1A064206FFF18207E11000E200DA003280FF080600EAD515200E2D
:20877C001027630F01001D30013A2346000080FFE4140AD8E0D9E2050132013ABEFF189076
:20879C0001E241EA9D00840789F643006408E1E9B905E0E1D2E500EAF52D1DF0F8F740020F
:2087BC008407C9164300C2F16008610ADA051D3080FF6C0A0AE0FDF61400C4F19E078F056A
:2087DC002F00FDF61400C4F19E07CF052F00FDF61400C4F19E070D062F00FDF61400C4F18B
:2087FC009E074F062F00FDF61400C4F19E078F062F0041EA9D00840789F643006508E1E9C3
:20881C00B905E0E1B2CD00EAD50D1DF0C2F2C4F19E078F022A001D3080FF06070AE041EAAE
:20883C009D00840789F643006408E1E9B905E0E1D2ED4206FF108007E11006E89D0007D885
:20885C00DB001D301B3880FF640B0AE08407099F43001DF0C3F21C10F4174202D3F1029D93
:20887C000208D3091DF0F8F740028407C9964300D2F161101DF0F8F740028407C98E4300F4
:20889C00D1F16298FDF61400C4F19E074FE62F00E2F61400C5F19E07C9921F0913F0C4F2B8
:2088BC00D2F1219705000195E2F61400C5F19E0749931F0913F0C5F2D2F121970900019567
:2088DC00E2F61400C5F19E0749931F0913F0C5F2D2F121970D000395009212504006FF100E
:2088FC008007E10006E09C00FC0E18008407C916430001E8C2E9BD0F0300E009A23DBEFFBB
:20891C00B892FCF61400C4F19E07890E2F00E009DA25BDF70100FEF61400C5F19E07890B37
:20893C001F09C13F0000BDF701002206DCB3E0FDC2F2C2F1000D410A010D3D0F1500C13F7C
:20895C0000003D0F0D00C13F00003D0F1100C13F00003DF7110070081F00FCF6140022063B
:20897C008CB6E0FDC2F1080D410A090DBEFF62924006FF008007E10006E09C00FC0E180091
:20899C008407C916430001E8C2E9BD0F0300E009F245BEFF2492FCF61400C4F19E07890E21
:2089BC002F00E009B23DFCF6140022068CB6E0FDC2F1080D5F0A090DFCF61400C4F19E07A0
:2089DC00890E2F00E009AA2DBDF701002206DCB3E0FDC2F2C2F1000D5F0A010DBDF701000C
:2089FC00C2F2C4F19E07890A2A00E009BA0DBDF70100FEF61400C5F19E07890B1F09C1BF8C
:208A1C0000003D0F1500C1BF00003D0F0D00C1BF00003D0F1100C1BF0000BEFFB49140065B
:208A3C00FF0080072100003280FFCA0940063F0080072100003280FFBC0940063F00800740
:208A5C002100003280FFB80940063F0080072100003280FFAA0940063F00A407850801FF19
:208A7C007F00A407850801FF7F0080076100A407850801FFE009B22D00EAB525FDF61400F1
:208A9C00C4F19E07C90D2F00620A811DF205640A910DC20D650AE20D95151D3080FF980E05
:208ABC00E50D1D3080FF900EA50D1D3080FFC010E5051D3080FFB810A505000041EA9D0000
:208ADC00840789F643006508E1E991DD40067F008007E13006E89D0007E0FDF61400C4F1FD
:208AFC009E0789DD2F0000D2FCD9EA1561E2EA051D30013ABEFF8E8C954D62E2EA051D3087
:208B1C00023ABEFF808CA54563E28A451D30033ABEFF728CB53D61E2C20562E2E205A535F0
:208B3C001D3080FF120EA53561DA8A2DBEFFC290FDF61400C4F19E07890D2F00610A8A1522
:208B5C00FDF61400C4F19E07C90D2F00E0098A0DFDF61400010AC4F19E07CF0D2F00BEFFDF
:208B7C00A890FDF61400C4F1BE07050E2F00E0098A0D1D3080FFF80FC5051D3080FF8A0D5E
:208B9C00D5051D3080FF540D00001A504006FF300680900007F0008AF01618008407C99E2C
:208BBC0043000208D309A1170100819F0300E2961400C5919207C9921F091378C47ACF916D
:208BDC00329709008592C90502920195A515E2961400C5919207C9921F091378C47ACF91B7
:208BFC00329709008492C90501920195A505010511507F000610820007F0000AE29E1400BD
:208C1C00C4999307899D2F00019D01507F009007E1FFC6006337060007E83A06FFFFFF1F56
:208C3C00E35F0700840749174300FC5F40020BE0C2E1BCAF050000B2BEFFB68FFCF7090056
:208C5C00C4F1BE0755082A00610A920DFCF70900010AC4F19E075D082A0001B2BEFFAA8F54
:208C7C0061B2AA7D1C382336080080FF08110AC8BDC709003DA70100E0C9FA65DDFF070022
:208C9C00E20D3D0F050023F70D001A1601005A090209401600800209010DA50D3D0F0500C0
:208CBC0023F70D001A1601005A090209010D18D81BB8DDF70700922DF50E140084070917A5
:208CDC004300C4098107490E2F0015F0C3F2C2F10215F40F4202C209810F1100610AEA05C9
:208CFC0023F70900060A010DD50523F70900040A010D3E06D88B7F00D8F160D83E06C88B40
:208D1C007F00DBF160B8C50523F70900010523F709009D170900000DD0120209010D23F7DF
:208D3C0011001B08DC0A010D9C0F130014301840233F15001748630F010080FF7C1123F726
:208D5C001900830F1D00800BFCF70900C4F19E075D002A00A50502CA19505006FFFF060886
:208D7C00810084078D0801FF7F008207E11006E89D00840789F6430004E5FD0E1800C1E1B7
:208D9C00200E1027630F0100FDF61400C5F19E07C9321F09083A0042234E000006368C009D
:208DBC0080FF560F0AD8E0D9820D0132013ABEFFE689019A80076401200E1027630F010090
:208DDC001D30013A2346000080FF8A0E0AD8E0D9820D0132013ABEFFBE89019A80073C0174
:208DFC00FDF61400C5F19E07C90A1F0961071513FDF614003C0F0500C5F19E07C9F21F09D5
:208E1C00570DFDF614003C0F0900C5F19E07C9F21F09430D000AB515FDF614003C9F0D0026
:208E3C000130C232C5F19E07C9F21F09C699331701001EF69C00C6F10115410ABC1701006D
:208E5C00E209B1ED000A008AC54DFDF61400C5F19E07C9F21F09919E00014D9D0012953D84
:208E7C003C8715000198C49A1390D091FDF61400C5F19E0709F31F090298C49AD3F1329FF0
:208E9C000100019DFDF61400C5F19E0709F31F090298C49AD3F1329F0500039DFDF6140058
:208EBC000298C49AC5F19E0709F31F09D3F1329F0900059DFDF614000298C49AC5F19E0785
:208EDC0009F31F09D3F1329F0D00079D4112410A0206F0FFD105FC9F0300F309A1C5418AD6
:208EFC00FC9F0300F309A1B5FDF61400C5F19E07C9F21F094D05FDF61400C5F19E07899B49
:208F1C001F09D3BF0000FDF61400C5F19E0789F31F0970981F00009A13504206FF10820771
:208F3C00E1F106E09C0000C2840789F6430004D5FC0E1800C1D1FCF61400C5F19E07890B30
:208F5C001F09C13F0000FCF61400C5F19E0789F31F0970081F0000EA00CAE53DFCF6140055
:208F7C00C5F19E07C9F21F09990E00014D0D00DAB52DFCF61400C5F19E0709F31F091B0831
:208F9C00C40AC1F10105FCF61400C5F19E0709F31F091B08C40AC1F10305FCF61400C5F143
:208FBC009E0709F31F091B08C40AC1F10505FCF61400C5F19E0709F31F091B08C40AC1F1F7
:208FDC00070541DA41EA1B06F0FFD105FA0F0300E1E981D541CAFA0F0300E1E981C5FCF6F8
:208FFC001400C5F19E07C9F21F094D0500EAE50DFCF61400C5F19E07C90A1F091DF0C2F2B8
:20901C00010E9C00C1F1010541EABA0F0100E1E981F5FCF61400C5F19E07C9F21F095705FC
:20903C00FCF61400C5F19E07C9F21F09430500EAE50DFCF61400C5F19E07C90A1F091DF043
:20905C00C2F2010E500FC1F1010541EA9A0F0100E1E981F5FCF61400C5F19E07C90A1F09A9
:20907C0061071513200E1027630F01001C30053A2346000080FFDE0B0AB8E0B9E20501329B
:20909C00013ABEFF128701C218504206FFF18207E1F006D09A00FA0E18008407C916430029
:2090BC0001E0C2E18407091743001A08C30A01C8C2C9BCEF01009CDF0300200E1027630FDE
:2090DC0001001D301B380142234E000080FFC20B0AC0E0C1820D0132013ABEFFBA8601125B
:2090FC0080073601399F0500FDF61400C5F19E07C90A1F091BF0C4F2C1F1330F0500010D94
:20911C00FDF61400C5F19E07490B1F091BF0C5F2C1F1330F0D00030DFDF61400C5F19E0720
:20913C00490B1F091BF0C5F2C1F1330F0900010D000AD53D0110FC174002840749874300AA
:20915C0002F0D0F16510FA118A3506156312C20564129215952DFD1614007880C51182074D
:20917C00C9121F09C2820216C000D0110A8562870100B51D7810029082927810C28E03007F
:20919C00FD1614001180E0874C02C5118207C9121F0902160010D0111280C282D0110A8595
:2091BC0062870100A5050000410AC100840789164300E2170700E209E1BDFD161400C51100
:2091DC008207C9121F091B80C28202160012D0113C87090062870100FD161400C5118207C1
:2091FC00C9121F091B80C482D0113C870500628705003C171500C2BF00003C170D00C2BF0E
:20921C0000003C171100C2BF00003C171100E21701001F00001202504206FFF08207E1FFCC
:20923C0006B0960000D2F60E18008407C916430001C8C2C9B9EF010099DF0300200E10274E
:20925C00630F01001D301B380142234E000080FF400A0AB8E0B9820D0132013ABEFF388590
:20927C0001D280071801390F1500C13F0000390F0D00C13F0000390F1100C13F000039F724
:20929C00110070081F00FDF61400C5F19E07C90A1F091BF0C4F2C1F1050A030DFDF6140014
:2092BC00C5F19E07C90A1F091BF0C2F2010E0012C1F1010500E2E53D1C08FC0F40028407A4
:2092DC004917430001C0C2C1B80F0500F6098A35380F0D00630AC205640A8215852DFDF6CF
:2092FC001400C5F19E07C90A1F09F8F71100010EC000C2F2C1F10105B51DF80F110001A81A
:20931C0082AAF80F1100C1A60300FDF614001410E0174C02C5F19E07C90A1F0915F0C2F204
:20933C00010E0010C209C1F10105A505000041E2DC00840789F643007308E1E1E1BDFDF6AB
:20935C001400C5F19E07C90A1F091BF0C4F2C1F10105FDF61400C5F19E07490B1F091BF025
:20937C00C5F2C1F10305FDF61400C5F19E07490B1F091BF0C5F2C1F10105E0D1CA15200E4A
:20939C001027630F01001D301B380542234E000080FFFE080AB8E0B9E2050132013ABEFFBD
:2093BC00F68301D21A504206FFFF069893000780D00084070917430013F0C3F2C2F102951D
:2093DC0084070917430013F0C3F2C2F171881F12000AA50D01F0F4F74202D2F17078F079FE
:2093FC00AA050110410AF109B9057F12C2F502507F000608A407851001FF7F0080076100C0
:20941C0006E8A407850801FFE009820D1D402606F1FFFF00003A80FFAC0140067F00880760
:20943C00E1FF860043370300A3F703008407C9164300F8F74002C2F161D8A3F7030084079E
:20945C00C9164300F8F74002C2F162D0FBF61400C5F19E07490B1F091A10C312010E006C62
:20947C0002A8C1A9FBF61400C5F19E07C90A1F091AF0C2F2010E2012C1F1200E0B3F010D2A
:20949C0000E280071801FBF61400C5F19E07C90A1F091AF0C2F2010E2012C1F1200E073FAE
:2094BC00010D35A70100355F0500635F090083370900BEFFC482FBF61400C5F19E07C90A48
:2094DC001F091AF0C2F2010E4012C1F1200EFF00010D1408830AC1C67F00D45E0700635F92
:2094FC000D00235F0D00645AFA5500EA00B285551D08810A01B8C5BAFBF614001D10E01720
:20951C004C02C5F19E07C90A1F091AF0C2F2010E0010C209C1F1000DC10E001F01C888CA1B
:20953C00190E010061CAF90F265B635F05001D08810AE105235F0500D759F859AB151D08E9
:20955C00810AD925231705001808B709205E20008B11E209C11D1808B7090106E0FFF11578
:20957C00FBF614001D10E0174C02C5F19E07C90A1F091AF0C2F2010E0010C209010E20002B
:20959C00C1F1000D1B124209010D01B241EA64EAB905E0B1E2AD41E29C001C06E0FF81150A
:2095BC00FBF61400C5F19E07C90A1F091AF0C2F2010E2012C1F1000D810AF907CDFE4806D2
:2095DC00FFFF8007E1F106C007D008B800EA95451D08FC0F400284074917430001E0C2E1D3
:2095FC00BC0F05008407C9164300E10E180001D8C2D93C0F0100E009AA2DBB170300DA0E8E
:20961C000200C2160200E209CA05DBE70300D20DE0D1DA059C0F1900610AF20562D2FA15FB
:20963C009C0F1900E009BA15BBCF01003C0F0D00630ACA0D400E1000F90FC0005809D2050D
:20965C001C30193880FF1C00A505000041EADD00840789F643007308E1E9B1BD4006FFF1CE
:20967C00A607E1FF06E007D09A00FAF61400C5F19E07C90A1F09FCF71100010EE000C2F2E9
:20969C00C1F1210607FF0100010D3C0F1500880AC1DE07009B0061DA04EAD21D62DA08EA47
:2096BC00A21D63DACA0520EE1000D51564DACA0520EE2000851565DACA0520EE3000B50DD8
:2096DC0066DACA0520EE4000E50567DA200E8000E00F34EB00CA80074401FAF61400C5F1DA
:2096FC009E07C90A1F09FCF71100010EE000C2F2C1F1000D830A991DFAF61400C5F19E07A6
:20971C00C90A1F09FCF71100010EE000C2F2C1F121060BFF0100010D20365000003A204653
:20973C001300014ABEFFDE80FAF61400C5F19E07490B1F09FCF71100010E004CC7F2C1F1EF
:20975C0004A5FAF61400C5F19E07490B1F09FCF71100010E004CC7F2C1F1005D635F090077
:20977C00FAF61400C5F19E07490B1F09FCF71100010E004CC7F2C1F102C5FAF61400FC174A
:20979C001100C5F19E07490B1F09C712010E004CC20901AE0C0018F09CF2C5F1BE0785C4B1
:2097BC00FAFF3CF7150084F2DEF60700C5F1BE0705B4FAFFF8B1A30518B0160E0300820A02
:2097DC00630F050000BAB50D1708C20A23F60C00C1F1D509210F0100010D41BA235F050019
:2097FC00EBB9B1F5FAF61400C5F19E07C90A1F09FCF71100010E0001C2F2C1F1200EFF0002
:20981C00010D234F09001C301840233E0C0063A7010080FF300041CA9900FAF61400C5F17A
:20983C009E07C90A1F09FCF71100010EE000C2F2C1F1000D810AC105FDC9F107A1FE6606EC
:20985C00FFFF8A07E1F006E807D808D009E023C731001808830AE905400E0040630F0D003B
:20987C00B50563070D001C08C10AE90D2106FFFFFF1F5C09401600800111230F0D000209DC
:20989C00630F0D00A50D230F0D002206FFFFFF1F5C110209630F0D00FD3709001A408800E2
:2098BC001B48233F0D00BEFF820A0AC8E0C9B215FD0F0900630F1000BD0F0500430F120063
:2098DC0063DF010063D7080023360C00233E0000BEFFA07E4A06FFF08007610006E89D0094
:2098FC00FDF61400030AC4F19E078F0D2F00FDF61400C4F19E07CF052F001D30033ABEFF68
:20991C00847E40067F008007610006E89D00FDF61400020AC4F19E078F0D2F00FDF61400B2
:20993C00C4F19E07CF052F001D30023ABEFF567E40067F008207E1F006D89B0000EA200EE4
:20995C001027630F0100FBF61400C4F19E07C9E52F00FB0E18008407C916430001C0C2C1F3
:20997C00B8D7010098CF0300E0E1BA25FBF61400C4F1BE07050E2F00610ABA1DFAF614002A
:20999C00C5F19E07C90A1F0919F0C4F2C1F10705FBF61400C4F19E070D062F0002E21A3009
:2099BC0019380142234E000080FFE6020AE8851562E2EA0DFAF61400C5F19E07C90A1F09FE
:2099DC0019F0C4F2C1F1040D810AA10501EAE0E9BA15E0E1B20562E2FA0D1A301B3880FF56
:2099FC009C0003E21A3019380042234E000080FFA0020AE8B515E0E99A1563E2FA0DFAF6EB
:209A1C001400C5F19E07C90A1F0919F0C4F2C1F1040DC1060700A20501EAE0E9FA251A30AC
:209A3C001B3880FFDA00FAF61400C5F19E07C90A1F0919F0C2F2010E0012C1F1380F090024
:209A5C00810E0100010DFBF61400010AC4F19E078F0D2F00FBF61400C4F19E07CF052F00B5
:209A7C001B30013ABEFF1E7DF505FBF61400C4F19E07CFE52F004206FFF00610820007904A
:209A9C009200000AC5350198FC9F40028407498F430013F0D1F16598F299FA25009DE09976
:209ABC00CA25069D639A8A25E29E14007888C5999307C99A1F09C28A139EC000D1990A8D77
:209ADC00738F0100E29E14007888C5999307C99A1F09C28A139EC000D3890A9D939E01005E
:209AFC00719F0100A5050000410AC1008407899E4300F39F0700F309F1C57F0006889100A5
:209B1C0007809000000AB52D0110FC1740028407497F430002F0CFF16510F011EA1D0615E0
:209B3C006412BA1D78100298829A7810C2960300F11614001278E07F4C02C5118207C9120F
:209B5C001F0902160010CF111378C27AC2790A15821601006F170100410AC1008407891642
:209B7C004300E2170700E20981D57F008207E17006D89B0000EA200E1027630F0100FBF6C0
:209B9C001400C4F19E07C9E52F001BF0F8F740028407C9164300C2F161D01BF0F8F7400255
:209BBC008407C9164300C2F162C861E2BA0D04E21A3019380242234E000080FFD4000AE87A
:209BDC00851564E2EA0DFAF61400C5F19E07C90A1F0919F0C4F2C1F1040D820AA10501EA99
:209BFC00E0E9DA0D65E2B20D05E21A3019380142234E000080FF9A000AE88515E0E9EA0DF8
:209C1C00FAF61400C5F19E07C90A1F0919F0C4F2C1F1040D810AA10501EAE0E9BA15FBF6A7
:209C3C001400020AC4F19E078F0D2F00FBF61400C4F19E07CF052F001B30023ABEFF467B5C
:209C5C00F505FBF61400C4F19E07CFE52F004206FF708007E13006E89D0007E008D0FDF620
:209C7C001400C5F19E07C9F21F0945E5FDF61400C5F19E07C9321F091C401A48073A06368C
:209C9C008C0080FF74000AD81B504006FF308007E1F006E89D0008D809C007E09C00FDF665
:209CBC0014003306281E8400D3F1020DFDF614001C10C412C111D3F1020D1CF0C4F2C1F17C
:209CDC00020D189A53091B09620F0500FDF61400C5F19E07C90A1F091C10C412C20901CEB8
:209CFC00080019301B401848073A80FF0C000AD01A504006FFF08407E1F006D007C808C02E
:209D1C0009D800EA00E20032233E0000BEFFC67DA5250032233E0400BEFFBA7D230F05005B
:209D3C0023170100E111830D230F050023170100A209C1E9F505230F050023170100A2096C
:209D5C00C1E9230F0500630F01003B0F0100FD09AB0501E23A0F01005909F809B205E0E18A
:209D7C0092DD3B0F0100BD097B0F01001C504406FFF006F007800092F07F1100B00F0500C4
:209D9C008407C99E4300F80F4002D309A1170100300F0D00640AEA071D010F98829ACF8EAB
:209DBC000300E20E14001170E0774C02C5098107C90A1F09010E0010CE091370C272010E4D
:209DDC002000CE09210F0100820AB9050292A5751108610AD115D205630A810DC20D8515A2
:209DFC001370C6720E0E1F00E50D1370C6720E0E2000950D1370C6720E0E3F00C5051308CB
:209E1C00C60A0000E27614001168E06F4C02C5718E07C9721F090E760010CD711368C26A2D
:209E3C000E764000CD7109752076FF009473E2761400C5718E07C9721F090E76D007C171C3
:209E5C004E070000E2761400C5718E0749731F090168C76A806600ECCC71CD71487201755F
:209E7C00E2761400C5718E0749731F090168C76A806600ECCC71CD710375E2761400C571AA
:209E9C008E0749731F090168C76A806600ECCC71CD7144720575E2761400C5718E07497323
:209EBC001F090168C76A806600ECCC71CD714C72077512507F000690078008780958838F4C
:209EDC0001000F708272CF6E03000B6082620012000AF51D02F0D2F1604802560100D2515C
:209EFC008A57010002F60200D2F1EA4FB0F80950604802F60300D2F1D04A09516048D84AC9
:209F1C0009980A99441201F0C2F2D0F1019D410AEE0991E5616AD105D205626AE215D52D92
:209F3C00F54502F0D2F160481150C85209511148D04A09511148D84A09980A9901F0C2F268
:209F5C00D0F1019D410AC53502F0D2F1604802560100D2518A570100EA4FB0F809501148F3
:209F7C00D04A09511148D84A09980A9901F0C2F2D0F1019D410AC51D02F0D2F160480256AC
:209F9C000100D2518A57010002F60200D2F1EA4FB0F809506048D04A09511148D84A099870
:209FBC000A9901F0C2F2D0F1019D410A00001150C85211511148D04A09511148D84A0998CD
:209FDC000A99E50501F0C2F2D0F1019D410AEC09A1FD7F008007E11006E89D0000DA00E2B8
:209FFC009525FDF614003306281E8400D3F1020D1CF0C2F2010EC000C1F10015FDF6140051
:20A01C00D3F1020D1CF0C2F2010EE000C1F1000D8112C2160100830AC10E0100420901D9F5
:20A03C0041E268E2F1DDE0D9E20DFDF61400C5F19E0789F31F097008C10E8010C10001067C
:20A05C0000F0E2050232013ABEFF4C77F51D40361000FD37C000023A0042BFFF68F5FDF606
:20A07C0014003306281E8400D3F1020DFDF61400D3F102F5461561178D00FDF61400C5F1FB
:20A09C009E07C9F21F09460D1F004006FF10231EFCFF63FF0100E1476011E6476099231EB6
:20A0BC00FCFF63F70100E1374000E03F4000F1474000F04F4000E6574000E75F4000E64750
:20A0DC0060590032BFFF10FFE6676059EB3F2000EA372000E9872000E88F2000E0076001AC
:20A0FC00E7072000E60F200023F70100231E0400E6676099E167601123FF0100231E04005A
:20A11C00E00748018007E11006D89B00840789F643000CF5DBF160E0FC0E18008407C9161C
:20A13C00430001E8C2E9BDF70100FEF61400C5F19E07C90A1F099DF70300010E0013C1F1AE
:20A15C006008E009A20D3DF711007008C10E8010C100010600F0E2050232013ABEFF38764E
:20A17C0095251C30BFFFBAF2BDF701001E108200FEF614003306281E8400D3F1020D82008E
:20A19C00E2F61400D3F102F5461561178D00BDF70100FEF61400C5F19E07C9F21F09460D4E
:20A1BC001F004006FF10231EFCFF63FF0100E1476011E6476099231EFCFF63F70100E13702
:20A1DC004000E03F4000F1474000F04F4000E6574000E75F4000E64760590232BFFF28FFCB
:20A1FC00E6676059EB3F2000EA372000E9872000E88F2000E0076001E7072000E60F200020
:20A21C0023F70100231E0400E6676099E167601123FF0100231E0400E0074801231EFCFFEF
:20A23C0063FF0100E1476011E6476099231EFCFF63F70100E1374000E03F4000F14740001A
:20A25C00F04F4000E6574000E75F4000E64760590732BFFFB2FEE6676059EB3F2000EA3762
:20A27C002000E9872000E88F2000E0076001E7072000E60F200023F70100231E0400E66763
:20A29C006099E167601123FF0100231E0400E00748018007E1F006C09800840789F6430055
:20A2BC000CF5D8F160E8FD0E18008407C916430001D0C2D1BAE701009ADF0300FCF6140018
:20A2DC003306281E8400D3F1020D1BF0C4F2C1F1020DFCF61400D3F10215880A1BF0C4F2D6
:20A2FC00C2F10615810082004209A20D3AF715007008C10E8010C100010600F0E205023287
:20A31C00013ABEFF9274D55DFCF61400C5F19E07C90A1F091BF0C4F2C1F1060D840A9935B3
:20A33C00BEFFCE78FDF61400C4F19E07890D2F00610AFA1DFDF61400C4F19E07C90D2F00F0
:20A35C00E009FA15FDF61400010AC4F19E070D0E2F00FDF61400020AC4F19E078F0D2F00FB
:20A37C00FDF61400C4F19E07CF052F0001CAA50500CABEFF947861CACA051D30BEFF0074DD
:20A39C00FCF61400C5F19E07C90A1F091BF0C4F2C1F10705FCF614003306281E8400D3F1F9
:20A3BC00020DFCF61400D3F102F5461561178D00FCF61400C5F19E07C9F21F09460D1F009B
:20A3DC004006FFF0231EFCFF63FF0100E1476011E6476099231EFCFF63F70100E1374000DF
:20A3FC00E03F4000F1474000F04F4000E6574000E75F4000E64760590232BFFF98FEE6672D
:20A41C006059EB3F2000EA372000E9872000E88F2000E0076001E7072000E60F200023F730
:20A43C000100231E0400E6676099E167601123FF0100231E0400E0074801231EFCFF63FF85
:20A45C000100E1476011E6476099231EFCFF63F70100E1374000E03F4000F1474000F04F1B
:20A47C004000E6574000E75F4000E64760590732BFFF22FEE6676059EB3F2000EA372000EF
:20A49C00E9872000E88F2000E0076001E7072000E60F200023F70100231E0400E667609968
:20A4BC00E167601123FF0100231E0400E00748018007E11006E83D0F050084070F0B430090
:20A4DC003D0F090084074F0B43003D0F0D0084078F0B43003D0F11008407CF0B43003D0FD1
:20A4FC00210084074F0D43003D0F25008407CF0C43003D0F290084070F0D43003D0F2D0003
:20A51C0084078F0D43003D0F310084070F0E43009D0F3D008407DD082A00BD0F3D00840736
:20A53C00ED082A003D0F35008407CF0D4300BDDF3F0000E2950D8407C9F54300010ADCF1F2
:20A55C00800B41E29C00FBE1F1F53D0F190084074F0C43003D0F150084070F0C43003D0FAF
:20A57C001D0084078F0C43009D0F3F008407FD082A003D0F390084074F0E430080FFF40869
:20A59C004006FF108007210080FFB80940063F008007610006E89D001D3080FF4A05400609
:20A5BC007F008007610006E89D001D3080FF420B40067F008407E1FF06E09C00633F05001B
:20A5DC0000BA01C21CF0F4F74002840789154300C2F1040DE0098A151CF0F4F74002C2F105
:20A5FC006F08610A9A0D20367B00003A04420C4ABEFF127201BAE0B9DA5DFC0E2C00840782
:20A61C008913430001C8C2C9B9B71300FC0E140084078915430001D8C2D916F0F4F7400237
:20A63C00840749134300C2F1000D610ACA051C3080FFC6073B0F0900610AC23D9B5F11007A
:20A65C00635F01003BD70100BEFF1275B9AF1100390F1900610AFA059BEF13001D0EFFFFBA
:20A67C00C10AC1D100EA15A0FDA72202235F05001408C10ADA09E10F01001DF0C1F2CBF13C
:20A69C00800C41EA235F0100EBE9E1ED16F0F4F74002840749134300C2F1000DE009CA05ED
:20A6BC001C3080FFD405010A5B0F0F00BEFFD27400C218504406FFFF8007E10006E89D00EE
:20A6DC0000E21DF0F4F74002840789154300C2F16D08610AEA1D1D08EC0F440284078913AF
:20A6FC004300C209810F2500E009B20D1DF0F4F74002840789154300C2F1040D630A920D5D
:20A71C0020367B00003A05420B4ABEFFF87001E2E0E1CA051D3080FFA6044006FF0080079C
:20A73C00E10006E09C0000EA1CF0F4F74002840789154300C2F16D08E0099A0D20367B0082
:20A75C00003A06420C4ABEFFBC7001EAE0E9EA0D1CF0F4F74002840789154300C2F16D08A4
:20A77C00610ACA051C3080FFE8044006FF000608810001F0F4F740028407899D43000112D3
:20A79C00D3F18C137F000608810001F0F4F740028407899D4300D3F18C037F0006108200B0
:20A7BC0002F0F4F74002840789954300D2F1040D01507F0006F0200E3B00800C200E7B003A
:20A7DC00810C010A840B050A850B86037F008007E13006E89D0007D07A07010000E200DA57
:20A7FC001DF0F4F74002840789154300C2F1040DE0098A151DF0F4F74002C2F16F08610A7C
:20A81C009A0D20367B00003A0B420C4ABEFFF66F01DAE0D9AA351DF0F4F7400284078915CF
:20A83C004300C2F1040D610A822DBEFF30731D08F40F4002840789154300C20981E713005F
:20A85C001DF0F4F74002840789154300C2F100151C0EFFFFC10AC2097A0F01001D3080FF5A
:20A87C0018041DF0F4F74002840789154300010AC2F18F0BBEFF0A731C504006FF30800700
:20A89C00E13006D89B0007D001EA00E21BF0F4F74002840789154300C2F1040DE009920D7E
:20A8BC0020367B00003A0C420B4ABEFF586F01E2E0E1AA0D1BF0F4F740028407891543004B
:20A8DC00C2F101D500EA1D504006FF308007E11006E09C0007D89B0000EA1CF0F4F7400270
:20A8FC00840789154300C2F1040DE009A20D20367B00003A2046A0000B4ABEFF086F01EAEF
:20A91C00E0E9EA051C301B38004280FF54044006FF108007E11006E09C0007D89B0000EAF8
:20A93C001CF0F4F74002840789154300C2F1040DE009A20D20367B00003A2046A1000B4A93
:20A95C00BEFFC26E01EAE0E9EA051C301B38014280FF0E044006FF108007E11006E09C0089
:20A97C00FC0E180084070913430001E8C2E93DDF01007B0770063D0F1100E009C2051C30AD
:20A99C0080FFD2009D0F1700010601FFC2051C3080FF48004006FF108007E11006E09C0057
:20A9BC00FC0E180084070913430001E8C2E93DDF01007B0770063D0F1100E009C2051C306D
:20A9DC0080FFDC009D0F1700010601FFC2051C3080FF52004006FF1006909200F20E1800BD
:20A9FC0084070913430001F0C2F100159E0F17008407498E4300C40A0198D199000AF50D52
:20AA1C000188C28A02860007D0890180C182D381F087010071870000410A8100680A91F511
:20AA3C007F0006989300F30E180084070913430001F0C2F10015000AA50D0190C292028E5D
:20AA5C000007D19172070000410A8100680AE1F57F0006889100F10E180084070913430045
:20AA7C000198C29933971100E091821D930F1500B31715009515E18614008407497B43008E
:20AA9C0010F0CFF16480067DC282D281707F0100410A81005F12E011FBED7F000688910038
:20AABC00F10E180084070913430001F0C2F1089DE099821D9E0F1500BE1715009515E1865B
:20AADC0014008407497B43001090CF9192870500C282D38170070100410A81005F12E01158
:20AAFC00FBED7F008207E1FF06D89B00FB0E2C0084078913430001D0C2D1BABF13009A5F69
:20AB1C001300435F030017F0F4F74002840749134300C2F164B08407091643001708C10A65
:20AB3C0001C8C2C9FB0E140084078915430001E0C2E1BEFF287099A7010000EAFBA1FA0D75
:20AB5C003C0F0900E009B20D3C0F0900630ADA059A0F2500E009BA0501EAC525A3F7030055
:20AB7C00840709134300F8F74002C2F100C51608C60A1816400401A8C2A9950F2100E00904
:20AB9C008A15B90F0100E009CA0D010A590F01005C0712005C0711001B3080FF8406A50516
:20ABBC0001EABEFFDC6F61EA8A0D20367B00003A02420B4ABEFF4E6C4206FFFF8007E1F7E4
:20ABDC0006C8990000EAF90E2C0084078913430001E0C2E1BCD713009CB713001AF0F4F7E6
:20ABFC004002840749134300C2F164A88407091643001A08C10A01B8C2B916F0F8F74002C9
:20AC1C00840709134300C2F100DD1508C60A1B16400401C0C2C1BEFF446F980F2100E009D7
:20AC3C009A0DB70F0100E009DA05193080FFBE00A50501EABEFF4A6F61EA8A0D20367B007E
:20AC5C00003A05420B4ABEFFBC6B4006FFF78007E10006E09C00BEFF046F1C3080FF1608DF
:20AC7C000AE8BEFF1C6F61EADA050532013ABEFF266B4006FF008007E11006E89D00FD0E41
:20AC9C00140084078915430001E0C2E1FD0E2C0084078913430001D8C2D93C0F0900630ABE
:20ACBC00FA0D9B0F2500610AEA051D30003A80FF2400E50D1D30013A80FF1A00950D3C0F1E
:20ACDC000900620ADA051D30013A80FF08004006FF1006088100071001F0F4F74002840751
:20ACFC0089954300D2F105157F008007E1F006E89D00FD0E2C0084078913430001D8C2D983
:20AD1C00BBC713008407091643001808C10A01C8C2C9FD0E140084078915430001E0C2E147
:20AD3C009B0F1300840709134300E10E180001D0C2D13A0F1100E009CA051D3080FF980A65
:20AD5C00010A5C0F0D00010A590F01005C0712005C0711001D3080FFC8044006FFF08007A3
:20AD7C00E1F706B8970007A8950008C89900BEFFEC6DF70E140084078915430001E0C2E1BE
:20AD9C00F70E2C0084078913430001C0C2C1B8B7250098EF150016D0952D5FD284074915C6
:20ADBC0043001DF0C2F2C2F1000DC1DE3F009B00F5D9AA1D8407C9F54300DDF16008F909E1
:20ADDC00B2158407C9F54300DDF180CBE0C9FA059C0F0F00410A5C0F0E00E5059C0F0F0021
:20ADFC005F0A5C0F0E0041EA9D00E0D1FBD5BEFF906D4006FFF78007E1F106E89D00FD0E27
:20AE1C002C0084078913430001E0C2E19CDF13009C0F1700610AFA051B30BC3F130080FF6A
:20AE3C00C014D525FD0E140084078915430001C8C2C9BEFF286D99C711001D30183880FF6A
:20AE5C0090110AD061D2EA051D301B3880FFAE120AB8BEFF2C6D61D2AA0D1D3080FFF20694
:20AE7C0061BADA050532013ABEFF2C694006FFF18007E1FFA407F5082A00E009B20580FF6A
:20AE9C00900B80FF080800D200EAA53DFD0E180084070913430001B8C2B937C701003E064A
:20AEBC0030B6E0FDDDF18003010A580F400600A2940E1000580F7007020A580F4406200E8D
:20AEDC001000580F4806B7AF15001D30BFFF8CFA00DAA5158407091643001A08C10A01B066
:20AEFC00C2B156070100200EFF00560F000041D29A0041DA9B00F5D9E1ED41EA9D0063EABF
:20AF1C00E1C500E2F515FC0E140084078915430001C8C2C91C30003ABFFFBAFD59070C003E
:20AF3C0059070D00010A590F0F0059070E0041E29C00A407E5082A00E1E1E1E54006FFFF4B
:20AF5C008607E1FF00EA00E200AAFD0E180084070913430001B8C2B937DF0100B7D71500F7
:20AF7C00F52D5FD21CF0F4F74002840749134300C2F164A08407091643001C08C10AC209A1
:20AF9C00630F05001408C60A1B16400401C0C2C1980F2100C10E0200D80AFA05230F0500C8
:20AFBC00A10F0100E009A20D20367B00003A01420B4ABEFF506801AA00D241E29C00E0D127
:20AFDC009AD541EA9D0063EAB905E0A9F2BDE0A9EA071B0100E200EAD56DFD0E1800840789
:20AFFC000913430001B8C2B937DF0100010A5B0F40065B0770075B0744065B0748067B0719
:20B01C0025052106FFFF1F007B0F29057B0765052106FFFF1F007B0F69051D08F80F400258
:20B03C00840709134300C209A1D71500E5255FD2FC0E1400840749134300C209630F0100F1
:20B05C0023A7010094A705001408C60A1B16400401C0C2C1230F0100210F0100E009DA05F8
:20B07C001D301C3880FFE21158071000580718007807140041E29C00E0D1AADD1D30BFFF26
:20B09C001AF91D08F80F4002840709134300C209A15F1700635F090000B2E50516F0C2F226
:20B0BC00DBF1010541B2235F0900EBB181FD41EA9D0063EAB19500CAB50D19F0F4F74002ED
:20B0DC00840789154300C2F18C0341CA9900A407E5082A00E1C9A1F5A407F5082A00E00945
:20B0FC00B20580FFDE0980FF7E064606FFFF8407E1FF06E09C0000BA00EA00DA00C2FC0E93
:20B11C002C0084078913430001D0C2D19A5F1300435F0200BACF1300F90E140084074913CB
:20B13C00430001B0C2B18407091643001908C10A01A8C2A9835F0300210630B6E0FD0BA025
:20B15C00C1A1965F0500435F0300FC0E1400840789154300C209630F0500BEFF006A230FAD
:20B17C000500210F0900E009BA0501DAE505950F0100FC09AA0501C261C2BA359A0F17001A
:20B19C00610ADA051C3080FFBC0B0AB81C30013A80FF06040AE855070100A35F0300010A86
:20B1BC00EB0FC0002110940F010082004209540F0000E0E9FA15360F0100E009EA0D9A0F0D
:20B1DC001700E009AA0DBEFF386983370300193880FF7610BEFF4E6961BACA0501EAA50538
:20B1FC000000E0D99A0D1C30003ABFFFE8FA235F05004B070C00BEFF886961DA9A0D2036E2
:20B21C007B00003A03420C4ABEFFFA65F50561EADA050532013ABEFF7E654406FFFF880799
:20B23C00E1FF06B89700F70E2C0084078913430001E8C2E9BD5F1300435F02009DA7130064
:20B25C00F40E1800840709134300C209630F0900830F0300840749134300E10E1400C209FB
:20B27C00630F0500235F05008B5F0500435F0300835F0300840709164300C15AC259635F56
:20B29C000D00F70E140084078915430001C8C2C9BD0F250099170F0001C0A2C1980023AF6E
:20B2BC00090035AF010000E2E50D9D0F11001CD8C1D99B001BF0C2F215168002C2F1000D9E
:20B2DC0041E29C00F8E1A1F51F0059C710005907130059071200390F0100790F0500010A0F
:20B2FC00590F0F00A35F030015164004C65A0BD0C2D100B2A407D5082A00E1B9991D3D0FB9
:20B31C001900610ADA153D0F1D00E0099A15BD0F1500E009DA0D9D0F2700E0099A0DBD0FBD
:20B33C00110099171300A20901B6FFFF96005AB71800235F0D004BBF0000230F0500210FFE
:20B35C000100E009CA15BEFFB8679D0F1700610AFA051430833F030080FFEE0EE50514304D
:20B37C00833F030080FF2E0FBEFFBA679D0F1700610ACA05173080FF3E08390F0900E0090F
:20B39C00920D9D0F2500610A9A0D390F0900630ADA051730013ABFFF3CF99D17110002082E
:20B3BC00D8095F0AC80A02097A0F14009D171500BDC725009DDF110000E2A51D8407C9F5C1
:20B3DC004300C2F16008610AFA0D8407499D43000208C20AD309210F01001BF0C2F2D5F165
:20B3FC00010D41DA9B004112820041E29C00F8E1E1E5BD0F1500810E10009D9F2700619A5C
:20B41C00BA1D810E02003D9F0D007A9F25003D9F09007A9F2900A407D5982A00F3B9F9056E
:20B43C005A0F1000019A5A9F0800D515810E01005A0F10008515A407D5982A00F3B9F90562
:20B45C005A0F1000019A5A9F0000D505810E01005A0F1000A35F03003E0630B6E0FDD4F10F
:20B47C0060980192EB97C00092001299809B4806FFFF8007E1FF06E89D00FD0E14008407A3
:20B49C008915430001C0C2C1FD0E2C0084078913430001E0C2E19CD71300BCCF1300F90E1B
:20B4BC00140084074913430001B8C2B98407091643001908C10A01A8C2A9FA0E1800840766
:20B4DC000913430001B0C2B1360F1100E009CA051D3080FF660458070C001D30013A80FF17
:20B4FC00B8000AD80000370F0100E009DA0D9C0F1700E0099A0DBEFF08661A30193880FFE8
:20B51C00480DBEFF20669C0F1700610A8A0D1D3080FF32080AA061A2AA0501DA5507010019
:20B53C0097170500010A3E0630B6E0FDDAF1E20FC0002110600882004209800B1D30003A36
:20B55C00BFFF92F758070D001B504006FFFF8007610006E89D001DF0F4F740028407891597
:20B57C004300C2F16C08610ADA151DF0ECF74402840789134300C2F1000DE009B20D1DF0D6
:20B59C00ECF74402840789134300C2F1000DE1C760F940067F0006588B0007508A00EB0EB3
:20B5BC002C008407891343000198C299937F13000FF0F8F74002840709134300C2F100955E
:20B5DC00B3671300EC0E14008407491343000180C281908F05001108C60A1216400401F0BC
:20B5FC00C2F1210630B6E0FD0F68C1698D7701000012010AF10FC00081004E09D80AB2455E
:20B61C009E0F1100C10EEC00900B930F2700610ABA05010A8C0B6152D205B30F1500E0091B
:20B63C00A235010AF10FC000210881004E09D80AF225010A840B930F2700610AFA0D030A70
:20B65C00A5055F0A9E4F2100C94E0400D84AB205E0098BFDE009AA050112E011CA15300F8E
:20B67C000900A5055F0A9E4F2100C94E0200D84AB205E0098BFDE009EA050112C505010A61
:20B69C00520F4006000002507F0080072100BEFF56698407C90B4300E009B2658407C9F309
:20B6BC004300040DE009D25D8407C9F34300060DE009F2558407C9F34300080DE0099255C6
:20B6DC008407C9F34300047D8407C9F3430006758407C9F34300088DA407D5082A00C53D6B
:20B6FC00E15E2C008407895343000B98CA99B35F29000B0601FFE22DB35F1300840749536C
:20B71C004300EB5E14000B80CA8190970500B3F72900C3F2CEF166600012A51D015AE25FEE
:20B73C00C0004C59C21502F0C2F2CFF1006D12F0C2F2CDF180041258C35AD15902F0C1F290
:20B75C00CBF1800412F0C3F2D1F1860341126312E1E5410A8100A407E5582A00EB0991C5D5
:20B77C0040063F0080072100BEFF7C6840063F0006788F00EF0E2C008407899B4300011021
:20B79C00D311A20F13008407499B4300E10E14000190D391928F0500820F1300840709835A
:20B7BC004300E10E18000198D099A20F2700010601FF8215000AC50D01F0C2F2136E0800A1
:20B7DC00CDF1008511F0C2F2D0F10105410A610AC1F57F008007C10006E89D00FD0E2C0099
:20B7FC008407899B43000110D311A20F13008407499B4300E10E14000150D3518A9F05002A
:20B81C00820F1300840709934300E10E18000188D289820F2900010601FFE225314F0D00BE
:20B83C00820F29008407C9F34300E10E140002950178D2798F971100000AC5150182E18744
:20B85C00C0005281E20D01F0C2F2C9F100450180C282CF813087010013F0C2F2C8F10185E3
:20B87C00410A640AC1EDA2872900100601FF823D8407C9F34300043D8407C9F34300A287A0
:20B89C002900066DC3821070CD718407C9F343001380C38208651068CC698E970700000A3B
:20B8BC00D51D0162E167C0005261F21501F0C1F2CEF1708001F0C1F2CDF17060F061D20DA0
:20B8DC0001F0C2F2C7F1003513F0C2F2C6F1808401F0C1F2CDF18084410A630AB1E5A2678B
:20B8FC0027000C0601FFF2258407C9F34300A25F270000E5C35A0B60DC61000AA51D01585B
:20B91C00C25A11E60800DC592BF7010001E0C2E2CCE13CE701001358C25ADE596BE7010031
:20B93C007E58ECE705001C598E5C7E581F00410A610AE1E54006DF0006508A00EA0E2C0044
:20B95C008407899B43000110D311A20F13008407499B4300E10E14000180D381909705006A
:20B97C00820F13008407098B4300E10E18000198D199820F2900010601FF9225337F0D0064
:20B99C00820F29008407C9F34300E10E1400028D0168D1698D5F1100000AF50D018AE18F0E
:20B9BC00C0004B89920D01F0C2F2CFF1007512F0C2F2CEF10105410A640A91F5A28F27004C
:20B9DC00110601FFC2258407C9F34300A28F2700004DC38A1160C961000AF5150188C28A4D
:20B9FC00134E0800C98931F701001288C28ADE8971070100EC8F050031487E88C9004989E7
:20BA1C008E8C7E881F00410A610A91ED7F002106000409FF211701003306FEBFFEFF531155
:20BA3C006117010001F6040000151B9A5311011501F6400000151F9A5311011501F6440078
:20BA5C0000151F9A5311011501F6440000151F0000920012B535E27618008407096B4300D3
:20BA7C000E80CD81B07F1500009AC525F27614008407496B43000EF0CDF10075E071EA1587
:20BA9C0065700E0601FFA21565708407096C4300EE7614000E88CD8931770500CEBF000034
:20BABC00317705008E7701001F0041929200419A9300EF99C1DD411282006312D1CD7F0038
:20BADC002206000409FF0092000AD525E19E14008407098443001388D08931F70100209EB7
:20BAFC000E300F9D7A98D39E10008A9C010503050505089D40860F005099099D1105130538
:20BB1C00150517051F05210529052B052A9D1F00410A8100A407F5982A00F30981DD000AB3
:20BB3C00E535E16E18008407096343000D78CC79AF771500009AF525F26E140084074963CA
:20BB5C0043000D80CC81306F0100E0698A1DB06F05000D0601FFB215B06F05008407096402
:20BB7C004300ED6E14000D88CC89316F0500CD3F0000316F05008D6F01001F004192920036
:20BB9C00419A9300EE9991DD410A8100630AA1CD62070100620705002C0655555555626758
:20BBBC0041002C065555555562674500226F45001F007F0006408800E80E2C008407891309
:20BBDC0043000190C291B20F1300840749134300E10E14000170C271AE0F05008407091413
:20BBFC004300E10E14000180C281E80E14008407891543000178C27930F701007A08C10E7C
:20BC1C0010008A0C8F0F11000815409E0F00531182160010826E1000018EFFFF32171900AE
:20BC3C006112BA0D011601001E9A13084209011081120260D062B505206600208D6E0200E3
:20BC5C00818A0156FFFF096D30170D000C1121150A10D012409E0080131182160080111193
:20BC7C001F1504121115B2171100C112151507122B15F0171100829E020092172500E0110F
:20BC9C00BA05939E0100301709002E5F1100625F01002F5F0100625F0500325F1900615A2D
:20BCBC00EA3D1158C25A8059135DB25F1100EA5F2202024AC15A8959175DB25F11000B48B2
:20BCDC00814AB23F11000758A9598F3F1300EB39DA05133E1000293DA505299D0138C13ACB
:20BCFC00EB3F2202623F0900133E1000873E0300623F0D002E3F1100623F11002F370100C2
:20BD1C000B38C13AC639623F15000138C13AE93F2202623F1900629F1D00A50D13051705D6
:20BD3C00299D0158C15A625F0900629F0D00203E0E300F3D7A38873E05038A3C7A381F00D7
:20BD5C007F0006809000F00E2C008407891343000198C299B30F1300840749134300E10EBC
:20BD7C0014000190C291B20F0500840709144300E10E14000188C28931F70100010A0F0DD7
:20BD9C00200E4600B5051F005F0AE009C3050C158112A1FD02120F157A10C21610008A1486
:20BDBC007A101F00E009BA050112A505001202507F0006889100F10E2C008407899B43003A
:20BDDC000110D311A20F13008407499B4300E10E140001F0D3F165088407099C4300E10E55
:20BDFC0014000190D391329F0100330F1900C1060600B205010AA505000A01507F00069048
:20BE1C009200F2162C008407899B43000208D309A19F13008407498B4300F39E14001310AB
:20BE3C00D111A28F0500840709844300F18E14001198D09933F70100048A0F8D0C8D1F00C1
:20BE5C007F00231EFCFF63FF0100E1476011E6476099231EFCFF63F70100E1374000E03FDB
:20BE7C004000F1474000F04F4000E6574000E75F4000E64760598407C9F4430060308407E0
:20BE9C0009F54300603880FF0E02E6676059EB3F2000EA372000E9872000E88F2000E0077F
:20BEBC006001E7072000E60F200023F70100231E0400E6676099E167601123FF0100231E1F
:20BEDC000400E0074801231EFCFF63FF0100E1476011E6476099231EFCFF63F70100E13705
:20BEFC004000E03F4000F1474000F04F4000E6574000E75F4000E64760598407C9F443001C
:20BF1C006230840709F543006D3880FF8A01E6676059EB3F2000EA372000E9872000E88F60
:20BF3C002000E0076001E7072000E60F200023F70100231E0400E6676099E167601123FFD9
:20BF5C000100231E0400E0074801231EFCFF63FF0100E1476011E6476099231EFCFF63F75B
:20BF7C000100E1374000E03F4000F1474000F04F4000E6574000E75F4000E6476059840782
:20BF9C0049F443006230840789F44300623880FF5003E6676059EB3F2000EA372000E987BB
:20BFBC002000E88F2000E0076001E7072000E60F200023F70100231E0400E6676099E16755
:20BFDC00601123FF0100231E0400E007480106608C0007588B00EC0E2C00840789134300D0
:20BFFC000198C29993471300EC0E14008407891543000148C249E80E18008407091343007E
:20C01C000150C2512A87010000720B7EFFFF939711000F1082000208D209810001F0C2F20E
:20C03C0010968002D2F1008D11109A1299350172296F05000F10339719006192DA05B397A3
:20C05C001100F217220202F0C1F2CDF11190D2008094930F11000092951D1210333F1900F8
:20C07C00613ADA05B33F1100E717220201F0C2F210368002C6F1008D02F0C1F2CDF11138A8
:20C09C00C700803C410A81004192EF91F1E500000E507F008007E1F106C0980007B8970022
:20C0BC0084070916430017F0C1F2C2F160E8FD0E140084078915430001D8C2D9BEFF9E5A0E
:20C0DC009BD711001D301A38BFFF06FF0AE061E2EA051D30183880FF24000AC8BEFFA25A78
:20C0FC0061E2AA0D1D30BFFF68F461CADA050532013ABEFFA2564006FFF18007E1FF06D817
:20C11C009B0007C0980000CAFB0E2C0084078913430001E0C2E1FB0E140084078915430093
:20C13C0001E8C2E9BCD713008407091643001A08C10A01A0C2A1FA0E140084074913430085
:20C15C0001B0C2B196AF050018F0F8F74002840709134300C2F100BDBC0F11009D1713001F
:20C17C00E111BA055D0712009D0F1300410A5D0F12003C0F1900610A8A253D0F0500420AD9
:20C19C007D0F0500BC0F11009D171300E111EA0D3C0F1D00610ADA053D0F01007D0F0500D6
:20C1BC001B30033ABFFF2EEBD5051B30023ABFFF24EB5D070F00F5051B30033ABFFF16EB22
:20C1DC005D070F003D0F0900630ABA3D9C0F2500610A8A2D1B30003ABFFFBEF30AC8360F1A
:20C1FC000100E0099A0DBEFF185918301A3880FF5800BEFF3059A407D5082A00E1D9C1057B
:20C21C001B30BFFF6EF554070100010AF50FC00021103E0630B6E0FDD8F160084209800B2C
:20C23C0085159C0F2700610ACA0D3C0F2100E0098A0D15F0C6F217164004C2F1010A8C0BC5
:20C25C0019504006FFFF069092000788910011F0F4F740028407499B4300D3F1641012F0B3
:20C27C00F8F74002840709834300D0F1020D0298C19AC199D33F000002F0C1F2C1F1709887
:20C29C00D39EFFEF809C02F0C1F2C1F170981F007F00069092000788910011F0F4F7400294
:20C2BC008407499B4300D3F1641012F0F8F74002840709834300D0F1020D02F0C1F2C1F1C4
:20C2DC007098D39EFFEF809C0298C19AC199D3BF000002F0C1F2C1F160981F007F00840766
:20C2FC00E1FF86004337030007A8950001D200BA00B200C28407091643001508C10A01A084
:20C31C00C2A194EF0100FD0E140084078915430001D8C2D9FD0E2C0084078913430001E099
:20C33C00C2E115F0F4F74002840749134300C2F16458435F0200A3F7030084070913430048
:20C35C00F8F74002C2F1005D635F0500BEFF0E5815F0F4F74002840749134300C2F1000D7A
:20C37C00610ADA051D30BFFF4CFA0AD061D2EA751D30BFFF8CFA3C0F1900610AAA2DBC0F98
:20C39C001100410A01C881CA99009B0F1300F909C2055BCF1200D505BC0F11005B0F120084
:20C3BC00BC0F11009B171300E111BA0D1D30033ABFFF22E93C0F1D00E009FA0501C2D505C7
:20C3DC001D30023ABFFF0EE95B070F0001D2F50D010A5B0F12009C0F2500610AAA0501C289
:20C3FC001D30033ABFFFEEE85B070F0061C2CA251D30BFFF50F90AB81D30003ABFFF9AF19A
:20C41C000AB0A407D5082A00E1E9C1051D30BFFF62F354070100835F0300A3F70300010ABB
:20C43C00EB0FC0002110210630B6E0FDC1F160084209800BB5159C0F2700610AFA0D3C0FC2
:20C45C002100E009BA0D83F7030023170500010AC6F202164004C2F18C0BBEFF245761D25F
:20C47C00CA0D1D30BFFFEAF061BAB20561B2DA050532013ABEFF20534406FFFF8007E1309E
:20C49C0006D03A0F050084078F0B44003A0F0D0084070F0C44003A0F09008407CF0B4400B8
:20C4BC0000EA01DA1D3080FF6C050AD8FD0E1C0084070914440001E0C2E15C0718000A0A56
:20C4DC007C0F15005C0719005C070C00010A5C0F0D005C071A0041EA9D0062EAB905E0D92A
:20C4FC00A2E5E0D9CA05013280FF00064006FF308007E13006E09C0000EAA407B50801FF78
:20C51C00E009BA0501EAC50561E2A30501EAE0E99A45FC0E060084078913440001D8C2D935
:20C53C00FC0E1C0084070914440001D0C2D1BEFFEC589A0F1900010601FFAA2D5A0718004F
:20C55C00BEFFF4589B1701000132E237C000BEFF48539B1701000132E237C000BEFF72555C
:20C57C00BEFFF6581C30003A0A4280FFF80D0AE8E0E9FA051C30013A0A4280FFE80D0AE84B
:20C59C001C30003A80FF2A0FBEFFE858B505BEFFA6581D504006FF3006F0200E3B00800C02
:20C5BC00200E5200810C010A840B050A850B86037F008007E1F706C8990007D000EAA407DF
:20C5DC00B50801FFE009BA0501EA852D61CAB30501EAF51519F0FCF740028407091444003B
:20C5FC00C2F10AAD1908FC0F4002840709144400C20981B71B006AAAB20561B2AA0501EAC5
:20C61C00E0D1BA0501EAA50D3AE711003A0F0900E009CA05E0E1AA0501EAE0E9AA2DF90EB3
:20C63C001C0084070914440001B8C2B93AE711009ADF0D0017C60400BEFF1E581930003A53
:20C65C0080FF6E0EBEFF2C583A0F0900E009BA0D9C0F0100580F000041C241E25FDA9B0073
:20C67C00E0D9FAF519301A38044280FF2A020AE81D504006FFF78007E1F006C8990001D23D
:20C69C00F90E1C0084070914440001E0C2E19C0F1B00610ABA0500D2B52DBEFFBC5719302E
:20C6BC00003A80FF0C0EBEFFCA571CDE0400BEFF6C5708C25B07000001EA850D41DA200E3D
:20C6DC00FF005B0F000041EA9D00FDC18BFD010A5C0F1800010A5C0F1A00BEFF5A571930F2
:20C6FC002706148E7F00064280FFAC010AD01A504006FFF08007E13006D89B0001EAFB0EDE
:20C71C001C0084070914440001E0C2E13C0F15006A0AFA059C0F1B00E009BA0500EA952D84
:20C73C00BEFFFA560A0A7C0F15005C071A005C0718005C071900BEFFFE56FB0E06008407FD
:20C75C008913440001D0C2D1BA0F0300610A8A0D1B30003A094280FFFE0D0AE8A50DBEFFF0
:20C77C00F8561B30003A80FF480DBEFF065700EA1D504006FF308007E11006D89B0001EA34
:20C79C00BEFFD6561B30003A80FF260DBEFFE456BEFF8A56FB0E1C0084070914440001E0D7
:20C7BC00C2E15C071800010A5C0F1900BEFF88561B30013A074280FF9E0D0AE861EABA0520
:20C7DC005C0719001D504006FF108007E11006D89B0001EABEFF82561B30003A0B4280FF3D
:20C7FC00840B0AE8E0E9FA051B30013A0B4280FF740B0AE8BEFF7C56E0E9CA15BEFF1E56A9
:20C81C00FB0E1C0084070914440001E0C2E1090A7C0F15005C071800010A5C0F1900BEFFED
:20C83C0016561D504006FF108007E1F006D89B0007D00AEAA407B50801FFE009BA0500EA18
:20C85C00850D61DAA30500EA1AC0E0C1AA0500EAE0E9E21DFB0E1C0084070914440001E08F
:20C87C00C2E1BEFFB8553CEF15009CCF1B0061CAFA050A0A7C0F15005C071A000AEA65EACB
:20C89C00DA051C0E04007A0F0100BEFFAA551D504006FFF08007E1F706D09A0007C808B829
:20C8BC00970001DAFA0E1C0084070914440001E8C2E9990F01005D0F0C00390F05007D0F4C
:20C8DC001100990F0D005D0F0D00390F09007D0F0100FA0E060084078913440001B0C2B182
:20C8FC00960F03008407C9134400E10E140001A8C2A935E701003DC70100BD0F1900610A40
:20C91C00BA055D071900BEFF50551A301740003A80FF520A0AD8E0D9FA051A301740013A31
:20C93C0080FF420A0AD8BEFF4A55E0D9BA459D0F0D005C0F14005C0713003D0F1100610AA4
:20C95C00CA05DCAF1300B505DC2F1300BC0F130099170D0002095C0F1300E0C1FA051A3068
:20C97C0080FF5800DC271300B505DCA71300BEFFE8541A30013A80FF380BBEFFF6541808F7
:20C99C00610AD1058215620AA20D95159D0F1900610AC205020A7D0F1500A50D020A7D0FF0
:20C9BC001500E505060A7D0F1500A5050000DC070F001B504006FFF706889100F10E1C002E
:20C9DC008407091444000198C299B37F0D0013160400F10E060084078993440001F0D2F14B
:20C9FC0062088407C9934400E10E14000180D28130970100000AB50D826F0100127617008A
:20CA1C00C1714E6F00004112410A8100E179DBF57F008007E1F006C0980001DAF80E0600A6
:20CA3C0084078913440001C8C2C9990F03008407C9134400E10E140001D0C2D13AEF010034
:20CA5C001830003A004280FF1C090AD8BA0F050001E0C1E29C009A0F0700C40A810001E1A1
:20CA7C009C00E0D9BA3DBA0F0700E009EA05DC0EFE005D0F0000D5059C0E01005D0F000061
:20CA9C009A0F05005D0F01005D070200200E10005D0F0700BD0F0700B917010002095D0F2D
:20CABC000700990F05005D0F0800B90F05005D0F0900BD0F0700C10E3C005D0F0700070A8E
:20CADC005D0F0B000F0A5D0F0C00DDB713001830023A004280FF8E080AD81830003A80FFCD
:20CAFC00D0091B504006FFF0060881008407BD0801FF7F00231EFCFF63FF0100E14760110B
:20CB1C00E6476099231EFCFF63F70100E1374000E03F4000F1474000F04F4000E657400011
:20CB3C00E75F4000E6476059003280FF8E02E6676059EB3F2000EA372000E9872000E88F94
:20CB5C002000E0076001E7072000E60F200023F70100231E0400E6676099E167601123FFAD
:20CB7C000100231E0400E0074801231EFCFF63FF0100E1476011E6476099231EFCFF63F72F
:20CB9C000100E1374000E03F4000F1474000F04F4000E6574000E75F4000E64760590032AF
:20CBBC0080FF7002E6676059EB3F2000EA372000E9872000E88F2000E0076001E70720005A
:20CBDC00E60F200023F70100231E0400E6676099E167601123FF0100231E0400E00748012D
:20CBFC00231EFCFF63FF0100E1476011E6476099231EFCFF63F70100E1374000E03F40006D
:20CC1C00F1474000F04F4000E6574000E75F4000E6476059003280FF6602E6676059EB3FCF
:20CC3C002000EA372000E9872000E88F2000E0076001E7072000E60F200023F70100231E89
:20CC5C000400E6676099E167601123FF0100231E0400E0074801231EFCFF63FF0100E14756
:20CC7C006011E6476099231EFCFF63F70100E1374000E03F4000F1474000F04F4000E6577F
:20CC9C004000E75F4000E6476059013280FF2C01E6676059EB3F2000EA372000E9872000CC
:20CCBC00E88F2000E0076001E7072000E60F200023F70100231E0400E6676099E1676011F7
:20CCDC0023FF0100231E0400E0074801231EFCFF63FF0100E1476011E6476099231EFCFF06
:20CCFC0063F70100E1374000E03F4000F1474000F04F4000E6574000E75F4000E647605926
:20CD1C00013280FF0E01E6676059EB3F2000EA372000E9872000E88F2000E0076001E70748
:20CD3C002000E60F200023F70100231E0400E6676099E167601123FF0100231E0400E007F4
:20CD5C004801231EFCFF63FF0100E1476011E6476099231EFCFF63F70100E1374000E03F02
:20CD7C004000F1474000F04F4000E6574000E75F4000E6476059013280FF0401E6676059BA
:20CD9C00EB3F2000EA372000E9872000E88F2000E0076001E7072000E60F200023F701003F
:20CDBC00231E0400E6676099E167601123FF0100231E0400E00748018007610006E89D0008
:20CDDC001DF0F4F740028407C9134400C2F104F57008C10E8000C100010680FFEA05033274
:20CDFC00013ABEFFB249B5151D08FC0F4002840709144400C209A10F1900610ADA051D30D1
:20CE1C0080FFF004C5051D3080FF1C0140067F008007610006E89D001DF0F4F740028407D3
:20CE3C00C9134400C2F106F57008C10E8000C100010680FFEA050332013ABEFF5A49D51D49
:20CE5C001DF0FCF74002840709144400C2F10A0D6A0AC20D1D08FC0F40028407091444001D
:20CE7C00C209810F1B00610ADA051D3080FF4A00C5051D3080FFB00040067F0080076100CD
:20CE9C0006E89D001DF0F4F740028407C9134400C2F108F57008C10E8000C100010680FF48
:20CEBC00EA050332013ABEFFEE48C5051D3080FFD60140067F008007E17006D89B00FB0E78
:20CEDC00060084078913440001E8C2E9FB0E1C0084070914440001C8C2C9BD0F0300610A92
:20CEFC008A259D0F03008407C9134400E10E140001D0C2D13AE70100BC0F1100C10E0200D7
:20CF1C008100620AFA05200EFF00590F1800DC8F11009D1701000132E237C000BEFF7E499B
:20CF3C004006FF708007E1F706D09A00FA0E060084078913440001C0C2C1FA0E1C008407E5
:20CF5C000914440001E0C2E1980F03008407C9134400E10E140001A8C2A935EF0100BCB7CC
:20CF7C000D009C0F1900610AAA255C071800BD0F1100C10E0100D80AF205BD0F1100C10EDD
:20CF9C007E005D0F1100B80F0300610AFA051A30003A064280FFC005C575BEFFBC4E1A30EB
:20CFBC00003A80FF0C05BEFFCA4EB56D3CBF01001708610AE135C205620AB245955D3C0F91
:20CFDC001500660AEA0DBD0F1100C10E80008100010680FFEA05DDBF1100080A7C0F150038
:20CFFC003C0F1500680ACA1DBD0F1100C10E02008100620ADA15DD8F11001CCE040000DA8D
:20D01C00A50D1DF61700DBF16008590F000041CA41DA9B00FBB1EBF5050A7C0F1500952DBE
:20D03C00BD0F1100C10E0100D80AA20DBD0F1100C10E7E005D0F1100010A7C0F1500951D92
:20D05C00BD0F1100C10E80008100010680FFEA05DDBF1100010A7C0F1500BD0F1100C10E8E
:20D07C0002008100620ABA05DD8F1100A5050000BEFFE64D1A30003A80FF3604BEFFF44D94
:20D09C004006FFF78007E1F006D89B00FB0E060084078913440001D0C2D1FB0E1C008407D9
:20D0BC000914440001E0C2E19A0F03008407C9134400E10E140001C0C2C138EF01003CCF9E
:20D0DC000100BD0F1100C10E08008100680AEA071F029C0F1900610ADA2D3C0F15006A0A70
:20D0FC00E2059C0F1B00610AEA0705025C071800BD0F1100C10E80008100010680FFBA0597
:20D11C00DDBF11005D071200BA0F0300610A8A0D1B30003A064280FF3E048007D201BEFF5D
:20D13C00384D1B30003A80FF8803BEFF464D8007BE01BC0F1900610ACA255C0719009D0FC3
:20D15C001300C10E0100D80AE205030A7C0F1500DD8712009D0F1300C10E02008100620A67
:20D17C00EA05030A7C0F1500DD8F1200BEFFEA4C1B30003A80FF3A03BEFFF84C800770014C
:20D19C0062CADA3DBD0F1100C10E80008100010680FF9A0DDDBF1100010A7C0F15005D079A
:20D1BC001200C5259D0F1300C10E0100D80AE205030A7C0F1500DD8712009D0F1300C10E4E
:20D1DC0002008100620AEA05030A7C0F1500DD8F12009D0F1300C10E04008100640AEA05BA
:20D1FC00030A7C0F1500DD971200BEFF6C4C1B30003A80FFBC02BEFF7A4C957D9D0F130055
:20D21C00C10E200081000106E0FFEA05070A7C0F1500DDAF12009D0F1300C10E040081004B
:20D23C00640ACA25BD0F1100C10E80008100010680FFFA15E0C9DA05040A7C0F1500C51523
:20D25C00BD0F1100C10E400081000106C0FFDA05070A7C0F1500850D080A7C0F1500C505E1
:20D27C00030A7C0F1500DD9712009D0F1300C10E0100D80AA215BD0F1100C10E800081008A
:20D29C00010680FFDA05040A7C0F1500C505030A7C0F1500DD8712009D0F1300C10E0200E2
:20D2BC008100620AEA05030A7C0F1500DD8F12009D0F1300C10E08008100680AEA05070AC2
:20D2DC007C0F1500DD9F1200BD0F1100C10E80008100010680FFBA05DDBF1100BEFF7A4BE3
:20D2FC001B30003A80FFCA01BEFF884B4006FFF08007E17006E09C00FC0E060084078913ED
:20D31C00440001D0C2D1FC0E1C0084070914440001D8C2D99A0F03008407C9134400E10E7D
:20D33C00140001C8C2C939EF0100BD0F1100C10E0100D80AB20DBD0F1100C10E7E005D0F5C
:20D35C001100090A7B0F1500B5055B071900BEFF084B1C30003A80FF5801BEFF164B4006E7
:20D37C00FF708007E1F706C0980007B008A8950001D2F80E060084078913440001B8C2B9EB
:20D39C00970F03008407C9134400E10E140001D8C2D93BE7010020EE32003BF70900DEFF2B
:20D3BC000000B20500CAE5051830003A80FF020101CA1608610AD105B21D620AB235C54D84
:20D3DC005C070D00E0E99A0D9C0F1100C10E0100D80ADA0D01EAB50DA5055FEA9C0F1100A0
:20D3FC00C10E0100D80AB205E0E98BFDE535030A5C0F0D00E0E9AA0D9C0F1100C10E0300AA
:20D41C008100630AEA0D01EAC50DA5055FEA9C0F1100C10E03008100630AB205E0E9FBF56F
:20D43C00C51D010A5C0F0D00E0E9AA0D9C0F1100C10E03008100610AEA0D01EAC50DA50513
:20D45C005FEA9C0F1100C10E03008100610AB205E0E9FBF5A505000000D2DC9712003BF74A
:20D47C0009003B0F0900E10F0100C10EFFEF800C3BF70D003B0F0D00E10F0100C10EFFEFB6
:20D49C00800C3BF711003B0F1100E10F0100C10EFFEF800C3BF7110070081F0061CADA0528
:20D4BC001830013A80FF0A001A504006FFF7061082000798E29606008407898B44001208EC
:20D4DC00D109819703008407C98B4400F296140012F0D1F1619AB105F21DB53D0495048DDC
:20D4FC00918F0100918E8000528F00000695068D918F0100918E8000528F00000895088D6E
:20D51C00918F0100918E8000528F00000895929701001F00F51D0495048D918F0100D18EAC
:20D53C007F00528F00000695068D918F0100D18E7F00528F00000895088D918F0100D18EAF
:20D55C007F00528F00000895929701001F00A50500007F008007E1F106D89B0007B808D0D7
:20D57C009A0001EAFB0E060084078913440001C8C2C9990F03008407C9134400E10E1400E3
:20D59C0001C0C2C138E70100BEFFCE481B301A40003ABFFFD0FD0AE8E0E9EA15200E4000A6
:20D5BC005C0F0A0061BAB105D205F505DCA71300D505DC271300A50500001B301A40023A27
:20D5DC00BFFFA2FD0AE8BEFFAA48E0E9BA0DBEFF88481B30013ABFFFD8FEDC070F00BEFF4B
:20D5FC0092481D504006FFF18007E10006E000EA3C17010021062841D90EE1118A0D84077B
:20D61C004FE4440080FF7A0D0AE800004006FF008007E10006E09C0000EA1C3080FFB40DDA
:20D63C001D504006FF008007E10006E09C001C3080FF800E0AE861EAEA050132013ABEFF82
:20D65C005641D5050132003ABEFF4C411D504006FF008007E10000EA00E280FFA40E0AE085
:20D67C0061E2BA0501EAC50580FF720E0AE81D504006FF008007610000EA80FF840E0AE85F
:20D69C001D5040067F008007610020EE920080FFA00E0AE81D5040067F008007610000EA91
:20D6BC0080FF8C0F0AE81D5040067F008007210080FFEC0F40063F0006F0200E3B00800C7E
:20D6DC00200E6500810C010A840B050A850B860300007F0080076100BEFFC0478407C9E8E5
:20D6FC0001FF010A8407CF0801FFBEFFB4471D5040067F008007610006E89D001D3080FF78
:20D71C00D20F000040067F008007E10006E09C0080FFF4101C3080FF7E110AE81D504006DB
:20D73C00FF008007E10006E000EA1C3080FF16121D504006FF008007610000EA80FFC812C6
:20D75C001D5040067F008007E1F13C06040098FF00EA840789F4440060D0840789F4440093
:20D77C0002CD8036FC80DC31023A2046004080FF0E030AE8E0E9EA151A08810AB915803622
:20D79C000080DC31033A2046004080FFF2020AE861EA8A0DBEFF1C4780FFF0030AE8BEFF75
:20D7BC001847E0E9BA35E0C98A152606040098FF033A2046004080FFC6020AE861EAEA25B1
:20D7DC0080FF4C040AE8A5251CF6040100DDDBDE0100E0D9CA0580FF62010AE8E0E9CA0500
:20D7FC0080FF72040AE8E0E99A1580FF5E052606040098FF033A2046004080FF82020AC055
:20D81C00E0C1CA0580FFC2030AE8E0E9AA151A08810AF10D80360080DC31033A20460040ED
:20D83C0080FF5C020AB8E0B9CA0580FF18030AE81D504006FFF18007E1303D06000198FF23
:20D85C003A0600A5A5A500DA8407890C44001DF608000015210F0500E111C26DBEFF544662
:20D87C001DF600061A0E0100010D1DF62000020A010D1DF6000601D5BEFF3E4620E6004079
:20D89C00B5055FE21F001DF62800000D820AB105E0E18BFD1DF62800000D820AA10501DA2A
:20D8BC00E0D98A4DBEFF0C461DF600061A0E0100010D840789F44400020D7D0F01001DF662
:20D8DC00000601D5BEFFF24520E60040B5055FE21F00E0E1DBFD8407890C44001DF60800E4
:20D8FC000015210F0500E111B20501DAB525BEFFC2451DF600061A0E0100010D1DF620001D
:20D91C00010A010D1DF6000601D5BEFFAC4520E60040B5055FE21F001DF62800000D820A01
:20D93C00B105E0E18BFD1DF62800000D820AA10501DA1B504006FF308007E1F03D060001FB
:20D95C0098FF00DA840789F4440002C51DF6080000D5DAD601001DF6280000CDD9CE0100D6
:20D97C00BEFF50451DF60006210601A5A5A5010DE0D1BA2D61CA9A2D1DF62000020A010D24
:20D99C0020E60040B5055FE21F001DF62800000D820AB105E0E18BFD1DF62800000D820A64
:20D9BC00A10501DAE0D9AA157DC7010020E60040B5055FE21F00E0E1DBFD1DF60800000DEC
:20D9DC00F809C20501DAA50501DA1DF60006210600A5A5A5010DBEFFE0441B504006FFF045
:20D9FC008007E11006E800E23DF70D00000D610A822520DE0040C5055FDADB001F00E0D96F
:20DA1C00E3053DF70D00000D810AF9F53DF70D00000D810AB10501E2C50D3DF709000105B4
:20DA3C003D370D00013A2046004080FF52000AE0E0E1FA0D3DF701003D0F1100010D3D37D1
:20DA5C000500204600403D3F110080FF32000AE0E0E1AA153D0F1500E009E20D3DF70900E1
:20DA7C003D0F1500010D3D370D00033A2046004080FF0C000AE01C504006FF1006F00798EC
:20DA9C000890D20000121208C5055F0AC1001F00008DF389B205E0099BFD008DF389A205D0
:20DABC00011202507F002106200198FF009A01F6E005220601A5A5A5011502126117010056
:20DADC0020160040B5055F121F0001F6080000958292B105E0118BFD01F6080000958292EB
:20DAFC00A105019A01F6E005320600A5A5A5019513507F002106200198FF009A01F6E005F9
:20DB1C00220601A5A5A5011501126117010020160040B5055F121F0001F6080000958292C7
:20DB3C00B105E0118BFD01F6080000958292A105019A01F6E005320600A5A5A501951350B5
:20DB5C007F008007E1003D06000798FF00E2BEFF6243210601A5A5A57D0F01001DF600796D
:20DB7C00020A010D210600A5A5A57D0F0100BEFF48431D360479003A20460040BFFF00FF17
:20DB9C000AE01C504006FF008007E1003D06000798FF00E2210601A5A5A57D0F01001DF6EC
:20DBBC000079010A010D210600A5A5A57D0F01001D360479033A20460040BFFFC2FE0AE0F9
:20DBDC001C504006FF008007E10040EE98FF00E2BEFFE0421DF60007210601A5A5A5010D4B
:20DBFC00020A7D0F01001DF60007210600A5A5A5010DBEFFC4421D360400003A2046004038
:20DC1C00BFFF7CFE0AE01C504006FF008007E10040EE98FF00E2BEFF9A421DF6000721062C
:20DC3C0001A5A5A5010D010A7D0F01001DF60007210600A5A5A5010DBEFF7E421D36040020
:20DC5C00033A20460040BFFF36FE0AE01C504006FF008007E11000DA00EA840789F44400B0
:20DC7C000AE5BEFF4E42210601A5A5A52B06000798FF6B0F0100B5551D08FC0F4002DC098A
:20DC9C00C1D71800820DFD361C00DC31BFFF54FD0AD8B5451D08FC0F4002DC09C1CF1800E3
:20DCBC00A21D1D08FC0F40021CF0C1F104F5DC09210F1500010D1DF0FCF74002DCF10635DE
:20DCDC001DF0FCF7400220460040DCF10A3DBFFFAEFD0AD8E0D99A251D08FC0F4002DC0912
:20DCFC00C1C71800A21D1D08FC0F40021CF0C1F100F5DC09210F1100010D1DF0FCF740020E
:20DD1C00DCF102351DF0FCF7400220460040DCF1083DBFFF6AFD0AD841EA9D00E0D98A0DCA
:20DD3C008407890C4400810F1900E1E9E1A5210600A5A5A52B06000798FF6B0F0100BEFF4D
:20DD5C0078411B504006FF10800761003D060C0098FFBEFF5E411DF6F406210601A5A5A5E0
:20DD7C00010D840789F44400040D7D0F01008407890C4400210F0D0080F60080DDF1010D1C
:20DD9C008407890C4400210F110080F6F880DDF1010D1DF6F406210600A5A5A5010DBEFF0A
:20DDBC001841000040067F008607E1FF06C0980000CA840749F4440004E5E0C1DA053606E3
:20DDDC00288E7F00A50D61C2DA0536064C8E7F00C5053606708E7F00E0C1CA0580FF8C03A8
:20DDFC000AC8E0C9EA076102210601A5A5A580074F0B09A7E0C1EA059C0F010080070F08B6
:20DE1C0000A735060480D3FF00EAC50D1DF0C2F21C16CC00C2F1000D750F010044AA41EAD5
:20DE3C009D0069EAC1F56307010000DAE54561DAFA052B06043C9AFF635F0500F5052B067B
:20DE5C00043B9AFF635F0500000000A200EAF525FBF60B001D08C20AD609210F0100235FE2
:20DE7C0001001C161C00DDF1C2F2C2F10015210842090159635F0100FBF60B001C161C0012
:20DE9C001D08C20AD609210F0100DDF1C2F2C2F100152108420901A141EA9D0069EA91DD7C
:20DEBC00E0A1920D236705002C0F01001B1242096C0F010041DA9B0062DAA1BD235F010094
:20DEDC00E059E20D8007090F01F82016FFFC420980070F0F01F88007090F01F81F003A0655
:20DEFC004080D3FF00DAF50DFB0E0B001A3018381C461C00C20AC14180FF08041AD63C00E7
:20DF1C0041DA9B0062DA91F518381C46F80026062082D3FF80FFEC0318381C4624012606B2
:20DF3C005C82D3FF80FFDC033A069882D3FF00BAF50DF70E0B001A3018381C465001C20AA6
:20DF5C00C14180FFBE031AD63C0041BA970062BA91F5BC0F0100610ADA2DE0C19A258007DE
:20DF7C00C90F09A7990AF1053C0F05008007CF0F09A7A50501CA8007490F09A7C106110023
:20DF9C00EA05010A80074F0F09A7A50D8007490F09A7C10E11000106EFFFA20501CAE0C9A5
:20DFBC009A0D18381C46000226060085D3FF80FF5203E0C1AA45E0C99A1D200EFF00B505BC
:20DFDC005F0A81008007C9110EA79912B905E0098BFD8007C9110EA79912F1053C17090038
:20DFFC008007CF110EA7A50501CAE0C9EA253A062087D3FF00EAD51D200EFF00B5055F0AD7
:20E01C008100351701009912B905E0099BFD3A1701009912B10D1DF0C2F21C9E0C00D3F126
:20E03C0000157A17010044D2A50501CA41EA9D0062EAB90561CA9AE5220600A5A5A5800778
:20E05C004F1309A719504606FFFF840749F4440004750092208E920030064890D3FF2F0673
:20E07C007884D3FF0012957D02F0C2F20E56F800CAF1005D305701000B684A69E069926D82
:20E09C00E011DA052106948E7F0085356112DA052106948F7F00A52D6212DA052106949087
:20E0BC007F00C5256312DA05210694917F00E51D6412DA05210694927F00851D6512DA05A1
:20E0DC00210694937F00A5156612DA05210694947F00C50D6712DA05210694957F00E50595
:20E0FC006812CA05210694967F00009AF52D13F0C3F2C1F10055015AF35FC0004D59EA591A
:20E11C00BA2513F0C3F2C1F1025D0B066DFFC21D13F0C3F2C1F1028D8007496309A72B06D2
:20E13C0001A5A5A580074F5B09A7015AF35FC0006F5F01002B0600A5A5A50C5980074F5B00
:20E15C0009A741929200419A93001306E0FF89D54482447A411282006912F1856192B305D5
:20E17C00208E900011507F0040860001009A210601A5A5A580074F0B09A72016FF00B5056D
:20E19C005F1282008007C9090EA7990AB905E0118BFD8007C9090EA7990AD1058007CF01AA
:20E1BC000EA7A505019AE099DA1D3E062087D3FF000AC5152016FF00B5055F1282000095C1
:20E1DC009992B905E011ABFD00959992B1050105A505019A44F2410A8100620AB905E0993B
:20E1FC00A2EDE0998A1D039280070F940EA73E065C82D3FF000AD50DE009EA0532060008E8
:20E21C00F0FF0195B5051F92019544F2410A8100690AB1F5E099EA153E069882D3FF000A8F
:20E23C00F50D1E780092E5051F8A018D44F2419292006992A1FD0FF63C00410A8100620ACA
:20E25C0091F5E099CA5D3E064080D3FF000AB50D008D2E06FFFFEFFF4E89018D1EF63C0078
:20E27C00410A8100620AD1F58007098A04A72E06FFFFEFFF4E8980070F8A04A7018A8007EB
:20E29C004F8820A73E060C90D3FF000AE505018A018D48F2410A8100620AA1FD018A8007E3
:20E2BC004F8840A73E060CA0D3FF000AE505018A018D48F2410A8100620AA1FD310600A5C9
:20E2DC00A5A580074F8B09A7000A950D8007898C20A78007896C40A7410A8100650AF1F534
:20E2FC008007898C20A711708172C9050D708172A105019A007280070F740EA713507F0099
:20E31C00068007909200081010F0E091DA053306288E7F00A50D6192DA0533064C8E7F0046
:20E33C00C5053306708E7F00E091CA15000AF50D0188C28AD389318F0100227F0100318898
:20E35C004F89018D44F24412410A8100690A91F5D515000A95150188C28AD389318F01005A
:20E37C00227F010031885179008D0F89018D44F24412410A8100690AF1ED00007F008007FA
:20E39C00E1003C06000F98FF00EA210601A5A5A57C0F01001CF61475010A010D210600A58B
:20E3BC00A5A57C0F0100E0E99A1584071D012A0084072D012A000032BFFFF0F90AE861EA27
:20E3DC00DA050432013ABEFFCE331D504006FF008007E1F006D89B00840749F4440006E599
:20E3FC001BF0C4F2DCF16908E009DA0DA40715092A00E009BA15BEFFBA3A80FF4006BEFF54
:20E41C00B83AC50DA40725092A00E009FA05BEFFA23A80FF8806BEFFA03A1BF0C4F2DCF166
:20E43C0000D51BF0C4F2DCF102CD1BF0C4F2DCF168E81BF0C4F2DCF106C51D08C80A01E976
:20E45C001D08D00A01E9BEFF5E3AD5057AEF0100B8C9D8D1E0C9BAFDBEFF523A1BF0C4F28A
:20E47C00DCF16908E009AA15A40715092A00E009DA1DBEFF3E3A0132BFFF30F9BEFF3A3A47
:20E49C00010A84071D092A009515A40725092A00E009CA0DBEFF1C3A0232BFFF0EF9BEFF44
:20E4BC00183A010A84072D092A0000004006FFF08007E10006E09C0000EA840749F44400E3
:20E4DC00FC0E1C000215C20984078F0C4400BFFF78F20AE81D504006FF008007610000EA10
:20E4FC00BFFF56F30AE8E0E9CA05BFFF68F70AE8E0E9BA05BFFF54F81D5040067F0000128A
:20E51C00400E98FF210F0500810AF90D000AA50D409E98FF339F0500829AA1050112410A0C
:20E53C008100640AE1F5A505011202507F008007E1103B06000C98FF20EE9200BEFF5C391E
:20E55C00A407950901FFE009AA6DA407A50901FFE009DA051BF6007900E5C5058407C9E5C3
:20E57C002E00200EFF8F41E11C08810AB90500EAC545DC0E0400640ABA0501EAE53DDC0E00
:20E59C000800680ABA0502EA853D1C08010600FCE10D0106F0FFA21D0106C0FF921D010632
:20E5BC0080FFA21D010600FF921DC525010600FCF21501060080821D405E0100EB09E215A8
:20E5DC00405E0200EB09C215D51503EAE515BFFF7CFA0AE8A51505EA851506EAE50DBFFFDA
:20E5FC006CFA0AE8A50D08EA850D09EAE5050AEAC50520EE900000001BF60079000D840716
:20E61C00CF0D2E00800EDDE57B0F010084078FED2E00010A84079D0901FFC505840789EDBD
:20E63C002E00BEFF7C381D504006FF108007610000EABEFF6638A407A50901FFE009FA25CF
:20E65C00A407950901FFE009FA1540EE99FF3DEF018584074FED2E008407CFED2E00800EED
:20E67C00DDE52B06000C98FF6B0F0100010A8407AD0901FFF50D8407C9ED2E0084074FEDE9
:20E69C002E00010A8407AD0901FFC505840749ED2E00BEFF0C381D5040067F008007610010
:20E6BC003D06000F98FFBEFF0A38210601A5A5A57D0F01001DF60C75010A010D210600A539
:20E6DC00A5A57D0F0100BEFFF037000040067F008007E1FF06A094003D06080198FF3A06DA
:20E6FC0000A5A5A500B200DA3DCF0100D9CE01001DF6180000C5D8C60100840749F4440033
:20E71C00F40E2C00101501A8C2A935BF01001708610AD175E205630AF305650A8245F56DCD
:20E73C00E0072001D56D62BA8A0DE0C9EA0561C2CA05BFFF74F30AD8E0D9AA2D1DF6F8157F
:20E75C001A0E0100010D80F6FC8ADDF1010A010D1DF6F81501D580E6FFFFB5055FE21F000F
:20E77C0080F6FC8ADDF1000D610ABA05E0E1FBF5E0E1AB0501B2E0B1BA0D62BA8A0DE0C9F3
:20E79C00EA0561C2CA05BFFF6EF30AD8000061DADA050132013ABEFFFE2FA535E0C9EA0597
:20E7BC0061C2CA05BFFF02F30AD861DAEA050132013ABEFFE22FA5251DF6F8151A0E01003D
:20E7DC00010D1DF6F81501D51DF6F8151A0E0100010D80F6F88ADDF1020A010D1DF6F815C2
:20E7FC0001D580E6FFFF5FE21F0080F6F88ADDF1000D620ABA05E0E1FBF5A505000000000A
:20E81C004006FFFF94076100210608E098FF630F0100210618E098FF630F0500210628E027
:20E83C0098FF630F0900210628E198FF630F0D00210638E198FF630F1100210648E198FF23
:20E85C00630F1500210608E298FF630F1900210618E298FF630F1D00210628E398FF630F60
:20E87C002100210638E398FF630F2500BEFF443600EAB50D1DF0C2F223160000C2F100F566
:20E89C001F0A010D41EA9D006AEAD1F5BEFF2A3654067F009407E13006D09A00210604E026
:20E8BC0098FF630F0100210614E098FF630F0500210624E098FF630F0900210624E198FF09
:20E8DC00630F0D00210634E198FF630F1100210644E198FF630F1500210604E298FF630FC7
:20E8FC001900210614E298FF630F1D00210624E398FF630F2100210634E398FF630F2500DC
:20E91C0000DA840749F44400FA0E2C00101501E0C2E1BEFF9E3500EAE50D1D08C20A03F0C8
:20E93C00C1F100F51C160400C209210F0100010D41EA9D006AEAA1F5BEFF7E351B505406ED
:20E95C00FF30031ED8FF0610210600E098FF630F0100210610E098FF630F0500210620E001
:20E97C0098FF630F0900210620E198FF630F0D00210630E198FF630F1100210640E198FFFA
:20E99C00630F1500210600E298FF630F1900210610E298FF630F1D00210620E398FF630F37
:20E9BC002100210630E398FF630F2500400E99FF210FA1E1620F0100220F0100E009EA0D96
:20E9DC00000A950D01F0C2F202960400D2F10105410A81006A0AF1F5B515000AF50D01F078
:20E9FC00C2F2029E0400DE99238E0000D1F100F5009573970100410A81006A0A91F5031E3D
:20EA1C0028007F00800761003D06001798FFBEFFA234210601A5A5A57D0F01001DF600769A
:20EA3C0001051DF608760105210600A5A5A57D0F0100BEFF843440067F008007610000EA6E
:20EA5C00B50D1DF0C2F2C5F19E074936FDFF80FF8A0041EA9D0062EAD1F5210601A5A5A547
:20EA7C0080070F0850F6200EFF0080070F09108A010A80074F09108A030A80078F09108AE6
:20EA9C00200E830080070F08108A210600A5A5A580070F0850F640067F00210601A5A5A59B
:20EABC0080070F0850F6200EFF0080070D09408A010A80074D09408A030A80078F09408A1A
:20EADC00200E8B0080070F08408A210600A5A5A580070F0850F67F00060801F61000201635
:20EAFC00FF00011501F614000112011501F6180003120115220601A5A5A580070F1050F673
:16EB1C0001F020168B000115220600A5A5A580070F1050F67F0099
:20EB34008007E13006D800EAE0D9AA0501EAE0E99A0D3B17010021062801D70EE111A2057D
:20EB540001EA8407C90B01FF620AAA0501EAE0E98A6D84074FD8440080FF5C070AD0840754
:20EB74000FD73F00E0D1DA5D200E00018407CF0C2A0084079D0001FF84076D073F008407C4
:20EB9400AD002A0080FF04128407BD002A008407CD002A008407AD073F0000E2950DA40754
:20EBB4008DE73F00003280FF001C41E29C0062E2F1F584079D002A0084078F043F0084079E
:20EBD400CF043F0084070F053F0084074F053F0084078F053F008407CF053F0084070F0677
:20EBF4003F0084074F063F0084074D073F0084078F063F0084075D073F008407CF063F0059
:20EC140084078F0301FF840749F04400100D84070F0C01FF003280FF121A013280FF48170A
:20EC340000004006FF308007E1F106E007D820BEFF0F013280FF4E130AE8E0E9DA5500D272
:20EC54002106FFFF03001AC0C1C1FCD1EB05FCC1C105DC06FF0FB20501EA95455CE620FF0F
:20EC74001B08DC0901CEFFFFE0D9E20D2106FFFF1FFF990940160400E209EB051B08DC09E1
:20EC9400C106FF0FA20501EAE0E99A2D84078FE53F008407CFCD3F001C3080FF8E198407C8
:20ECB4006D073F008407BD002A008407CD002A0084075D073F00010A8407CF0E3F00020AAD
:20ECD40084078F0B01FF1C301B3880FF6C140AE861EADA050132013A80FF560E61EACA05D6
:20ECF400013280FF82161D504006FFF18007E1F306E007C008D803B2023280FF88120AE837
:20ED1400E0E99A5D00D22106FFFF03001AB8C1B9FCD1EB05FCB9C105DC060300B20501EA1A
:20ED3400D5455CE620FF1B08DC0901CEFFFFE0D9E20D1B08DC09C10603009A0D2106FFFF29
:20ED54001FFF990940160400E209A30501EAE0C1AA0501EAE0E9AA2D84078FE53F00840763
:20ED7400CFCD3F0084070FDE3F0084078FC43F001C3080FFB6188407BD002A008407CD006D
:20ED94002A0084075D073F00020A8407CF0E3F00020A84078F0B01FF80FF14140AE861EA3F
:20EDB400DA050132023A80FF880D61EACA05013280FFB4151D504006FFF380072100840770
:20EDD400C90B01FFE009D20D8407890B01FF620AE2058407090A4000E009B20580FF0A12F8
:20EDF400000040063F00000A00128407C99B01FFE099AA050112E011CA058407C90B01FF15
:20EE140001507F00010A00128407C99B01FFE099AA050112E011CA058407890B01FF015097
:20EE34007F00800721008407C90B01FFE009A2458407C90B01FF620ADA3D8407C90E3F00E5
:20EE5400640AF905610AD135A20D630AB115852D650A912DA21D660A922DB52D063280FF79
:20EE7400DE04A407950801FF610ABA0580FFAC109525063280FFA805A407950801FF610A1E
:20EE9400BA0580FF9610E515063280FF9C0BA407950801FF610ABA0580FF8010B50D80FF60
:20EEB4006206850D80FF8206D50580FF5408A5050000000040063F008007E1F106D807C05B
:20EED40008E8073280FFBE100AE000D2E0E18A6500CA2106FFFF030019B8C1B9FBC9BB057B
:20EEF400FBB9B90501E2F54D5BDE20FFE0E9920D400E20FF9B09DD0940160400E209A305C3
:20EF140001E2E0C1AA0501E2E0E1DA3D84074FDD3F0084074FEE3F00DB0E030084074D0F1F
:20EF34003F00A407450F3F00E009C20DA407450F3F009B0984074F0D3F00A407450F3F0042
:20EF5400C1E9DDD60300E0D1C205040ABA09C1E9210604B4E0FD8407CF0C3F0084078FC40B
:20EF74003F0084070FEE3F0084075D073F00030A8407CF0E3F00020A84078F0B01FF8407D9
:20EF94000F073F0061E2CA05013280FFDA131C504006FFF18007E1F106D807C008E808328D
:20EFB40080FFE20F0AE000D2E0E1DA5D00CA2106FFFF030019B8C1B9FBC9BB05FBB9B905E6
:20EFD40001E2C54D5BDE20FFE0E9920D400E20FF9B09DD0940160400E209A30501E2E0C100
:20EFF400AA0501E2E0E1AA3D84074FDD3F0084074FEE3F00DB0E030084074D0F3F00A40709
:20F01400450F3F00E009C20DA407450F3F009B0984074F0D3F00A407450F3F00C1E9DDD6EE
:20F034000300E0D1C205040ABA09C1E9210604B4E0FD8407CF0C3F0084078FC43F008407BD
:20F054000FEE3F00040A8407CF0E3F00020A84078F0B01FF84070F073F0061E2CA05013255
:20F0740080FF04131C504006FFF18007E10006E8093280FF100F0AE0E0E1EA0561EACF055C
:20F0940084070FEC01FF00004006FF0006F0E0F1C20D200E3B00800C200E5C00810C010AE4
:20F0B400840B050A850B860300007F008007E1F006E007D008D82036110080FFC80E0AE863
:20F0D400E0E9EA3D00CA2106FFFF030019C0C1C1FCC9BB05FCC1B90501EAD52D5CE620FF91
:20F0F400E0D9920D400E20FF9C09DB0940160400E209A30501EAE0D1AA0501EAE0E9BA1DEB
:20F1140084074FE53F001C301A381B4080FFDC060AD884078FD43F0084070FDE3F00060AAD
:20F134008407CF0E3F00020A84078F0B01FF84070F073F0061EACA05013280FF2A121D508E
:20F154004006FFF08007E1F106E007D803BA0A3280FF320E0AE8E0E99A5500D22106FFFFEF
:20F1740003001AC0C1C1FCD1EB05FCC1C105DC060300B20501EAD53D5CE620FF1B08DC09DA
:20F1940001CEFFFFE0D9E20D1B08DC09C10603009A0D2106FFFF1FFF990940160400E20943
:20F1B400A30501EAE0E9DA2584070FE53F008407CFCD3F0084074FDE3F001C3080FF6C147A
:20F1D40084076D073F008407BD002A008407CD002A00010A84075D0F3F00050A8407CF0E31
:20F1F4003F00020A84078F0B01FF80FF04100AE861EACA05013280FF6E111D504006FFF118
:20F21400000A8407C91301FFE011AA05010AE009AA258407C9163F006112B20D8407C916C1
:20F234003F006212E2058407C9163F006512AA158407C91301FF6212BA0DA407A5102A0015
:20F25400E011EA0501128407BD102A00C505010AA505010A01507F008007610000EABEFF3C
:20F274001A2AA407A5082A00610AEA0D8407C90B01FF610A9A0D023280FFEC10020A84079B
:20F294008F0B01FF01EABEFF262A61EABA0580FF220A000040067F008007610020361500FB
:20F2B40080FFE20C0AE8E0E9BA0580FF82001D5040067F008007E10080FF88130AE0003282
:20F2D40080FFC61680FF98130AE8E0E9DA05E0E1BA05000A8525E0E1920D20365C00003A7B
:20F2F4000042204E1300BEFF2425E0E9C2156EEAAA0D20365C00003A0042204E1400BEFF15
:20F314000C25950D20365C00003A0042204E1200BEFFFA24E0E9B2051D08E505E0E1B20576
:20F334001C08A505000A01504006FF0080072100003280FF7A16000040063F008007E13045
:20F3540006D89B00A407C5082A00E0098A0D80FF2E110AE884070FEF3F00F5058407CD0034
:20F374002A00840709EF3F0061EAE255A407B5082A00E009EA4DE0E9FA458407C90D3F00B1
:20F39400840789153F00E1118925A40787D73F00840789353F0080FF9212A407870F3F00DE
:20F3B400E1D1920DA407A50F3F00610ACA0584079D002A0080FF0A130AE061E2DA2D1B389B
:20F3D400013280FF6C07852D050A8407CF0E3F00010A84076D0F3F00840709353F0080FFB4
:20F3F4004A12A407A50F3F00610ACA0584079D002A0080FFCC130AE061E2EA0D1B3801326B
:20F4140080FF2E07950D1B38013280FF2407C5051B3080FFD40900004006FF308007E17094
:20F4340006E89D0001DAA407C5082A00E0098A0D80FF4C100AE084070FE73F00F505840726
:20F45400CD002A00840709E73F0061E2F255A407B5082A00E009FA4DA407A5082A00E00930
:20F47400E2058407090A4000620A824DE0E1EA3D8407C90D3F00840789153F00E1118925E8
:20F49400A40787CF3F00840789353F0080FF9C11A407870F3F00E1C9920DA407A50F3F00FD
:20F4B400610ACA0584079D002A0080FFA2160AD061D2CA251D38013280FF7606F51D80FF65
:20F4D400300E0AD8E0D9DA0D1D38013280FF62061D4020365C00003A084ABEFF3023E50D4C
:20F4F4001D38003280FF4A06950D1D38013280FF4006C5051D3080FFF00800004006FF7070
:20F514008007610080FF06150AE862EAA20D8407CF063F0084078FEB01FF013280FF480EBC
:20F53400000040067F008007610080FFF4000AE862EAA20D8407CF063F0084078FEB01FF06
:20F55400013280FF220E000040067F008007E17006D09A0000DA00E261D2921580FF000390
:20F574000AC8A407450F3F0019E8A1E98407C90C3F00BD098407CF0C3F00A515840709EE96
:20F594003F00A407450F3F008407C9143F00C209BD098407CF0C3F00840749EE3F00D51D0A
:20F5B400840789F43F008407C90C3F00810F01006010E111B2051DE001DA41E28407890C8C
:20F5D4003F00410A84078F0C3F008407C90C3F00410A8407CF0C3F00FDE1B1E5E0D9DA157D
:20F5F40061D29215A40745173F008407C90C3F00DD11A2098407CF0C3F0084074D073F00DC
:20F61400020AB50D000A950D20365C00003A0642044ABEFF4022040A01504006FF70800720
:20F63400E1F3840709EF3F0000C200B280FF30020AC88407090E3F00F909D31519E08407DA
:20F65400090E3F00B90984070F0E3F00A40745173F008407490E3F009911A20984074F0EF3
:20F674003F00D505840709E63F0001C2840749D53F00E51D1C06DFFFC90520DE2000A50561
:20F694001CD8BEFF10261A301B388407C9443F001D4880FFF6110AE8BEFF42268407C90C99
:20F6B4003F00DB098407CF0C3F00DBD1BBE1E0E1D305E0E982E568EAE2DD84074FD53F005E
:20F6D400E0E9B20568EA9A0D1830BFFF82FE0AB868EACA0D01B2A50D20365C00003A064293
:20F6F400204E1000BEFF6E2101BA1D30163880FF8E0184070FEF3F0017504006FFF38007DA
:20F71400610080FF22000AE862EAA20D8407CF063F0084078FEB01FF013280FF4A0C00003A
:20F7340040067F008007E1F1840709EF3F0000E200C200BA80FF28010AD08407090E3F0014
:20F75400FA09A31D1AD88407090E3F00BA0984070F0E3F008407890E3F00E009AA25A40791
:20F7740045173F008407490E3F009A11A20984074F0E3F00E5158407890E3F00E009D20D19
:20F794008407090E3F00C1E603009C008407090E3F0001D8BCD9C505840709DE3F0001C2A1
:20F7B4001B301C3880FF7C0A0AE8E0E9B20568EA9A0D183080FF46010AC868EACA0D01BA62
:20F7D400A50D20365C00003A0642204E1000BEFF842001CA1D30173880FFA40084070FEF3D
:20F7F4003F0019504006FFF1068807800808D11603008200D09E03009300009284078F06D0
:20F814003F00E011E20D84074F0E3F001178A27984074F7D3F00C20984074D173F00B50D99
:20F83400E099D20584074F0E3F00D505017A84078F7E3F008407897E3F00E079EA0D2F06BB
:20F8540004B4E0FD8407CF7C3F00C1960300E091C205047AB279CF0901507F008407090C67
:20F8740001FF610AEA05840749F044000C0DD505840749F044000A0D01507F008007E100C8
:20F8940006E807E09C0069EAAA1D8407090D3F00401620FFA20984070F0D3F00840749F01F
:20F8B4004400080DE009F225840749F04400840709353F00080DE1C760F9D51D68EABA1D9A
:20F8D40061E29A1D8407090D3F00401620FFA20984070F0D3F00840749F04400060DE00930
:20F8F400A20D840749F04400840709353F00060DE1C760F900004006FF008007E11006E07E
:20F914009C0000EABFFF58FF0AD88407890E3F00E009DA4D61E2F20DA40745173F001B083A
:20F93400A2098407C9143F00A1118407CF143F000212B5158407090E3F00A40745173F00FD
:20F954008407C99C3F00D311A1118407CF143F008407490E3F000012951D840789F43F00F5
:20F974008407C99C3F00939F0100809B41EA8407899C3F00419A84078F9C3F008407C99C1C
:20F994003F00419A8407CF9C3F00E1E9F1E5A40745973F008407C99C3F00C191B299840747
:20F9B400CF9C3F0084074D073F00E50561E2B2050212A505001202504006FF108007E100A8
:20F9D40000E2BEFFD022A407A50F3F00610A9A1DA407870F3F00610ACA1500EA950DA407C1
:20F9F4008DEF3F0080FF220A0AE041EA9D0062EAB905E0E1D2F5010AA4078D0F3F00C505EE
:20FA140080FF060A0AE0BEFFD422E0E1EA050B0A84070F0F3F00D5050A0A84070F0F3F0023
:20FA340000004006FF008007E13006E09C00A407C5082A00E009AA15A407550F3F00610A50
:20FA5400EA0500EA84070F073F00E50D80FF720A0AE884070FEF3F00F5058407CD002A00B6
:20FA7400840709EF3F0061EA8265A407B5082A00E0098A5DE0E99A358407C90D3F00840759
:20FA940009153F00E111C925A40787D73F00840709353F0080FF940BA407870F3F00E1D175
:20FAB400920DA407A50F3F00610ACA0584079D002A0080FF0C0D0AD861DAEA051C3801323E
:20FAD40080FF6E00A53584075D073F00E52D1C38003280FF5C00952D67EAFA15A407650F69
:20FAF4003F00610ADA0D1C38013280FF44001C4020365C00003A074ABEFF121DE5151C3844
:20FB1400043280FF2C0095151C4020365C00003A204E1100BEFFF61C1C38013280FF120098
:20FB3400C5051C3080FFC20200004006FF308007E17006C807D89B00A40787D73F0000E299
:20FB54008407090F3F006A0AAA0D1B4020365C00003A204E1200BEFFB41C952D8407090FCB
:20FB74003F00660AB20D8407090F3F00650AE2058407090F3F006D0AAA1D8407090F3F00C9
:20FB9400660A9A0D1B4020365C00003A014ABEFFC41CD50D8407090F3F00650A8A0D1B40E6
:20FBB40020365C00003A024ABEFFAA1CA407A50F3F00610AAA1561D28A1500EA950DA407A5
:20FBD4008DEF3F0080FF8C090AE041EA9D0062EAF905E0E1D2F5C50580FF78090AE0E0E149
:20FBF400920D1B4020365C00003A204E1200BEFF1C1CA407A50F3F00610ACA1561D2AA15BC
:20FC140000E200EAA50DA4078DEF3F00003280FF62070AE041EA9D0062EA890DE0E1C2F5C6
:20FC3400D505003280FF4C070AE0E0E1E20D010A84078F0B01FF1B4020365C00003A204E53
:20FC54001200BEFFC81BC50584078FCB01FFA40795082A00610ABA1DA407A50F3F00610A72
:20FC74008A1561D2EA0D00EA950DA4078DEF3F00003280FF340B41EA9D0062EAF1F5C50501
:20FC9400003280FF240B84079D002A0084079D0001FF84076D073F0084075D073F008407FF
:20FCB400CF063F00013280FFBE0600004006FF708007210080FF1800010A8407CD082A001D
:20FCD4008407AD002A00000040063F00800721008407C90F3F0084078F0C3F00840749089E
:20FCF400400084070F0D3F0084078908400084074F0D3F008407C908400084078F0D3F0046
:20FD14008407090940008407CF0D3F0084074909400084070F0E3F00840789094000840760
:20FD34004F0E3F00A407850A400084074D0F3F008407C909400084078F0E3F008407090AD1
:20FD540040008407CF0E3F008407490A400084070F0F3F00A407950A400084075D0F3F00E2
:20FD7400A407A50A400084076D0F3F008407C9353F0080FFB608A407E50A40008407AD0F69
:20FD94003F00000040063F008407CF073F0084074F00400084078F0040008407CF004000DD
:20FDB40084070F01400084074F01400084078F01400084078D0240008407CF01400084075E
:20FDD4000F02400084074F02400084079D0240008407AD024000A407CD0240008407ED028A
:20FDF400400000007F008007E10006E09C00003280FF80050AE8A40795082A00610AFA0542
:20FE1400003280FFA40984079D002A0080FF54008407CF063F0084079D0001FF010A8407EE
:20FE3400AD082A008407BD002A00E0E98A0D84078F0301FF013280FF2E0585151C402036AF
:20FE54005C00003A204E1200BEFFC219010A84078F0B01FF013280FF0E0500004006FF00A6
:20FE74008407890C3F008407CF0F3F008407090D3F0084074F0840008407490D3F008407BA
:20FE94008F0840008407890D3F008407CF0840008407C90D3F0084070F0940008407090E50
:20FEB4003F0084074F0940008407490E3F0084078F094000A407450F3F0084078D0A4000A8
:20FED4008407890E3F008407CF0940008407C90E3F0084070F0A40008407090F3F00840718
:20FEF4004F0A4000A407550F3F0084079D0A4000A407650F3F008407AD0A4000A407870F74
:20FF14003F00A407CD0A4000A407A50F3F008407ED0A400000007F00800721008407C90CE5
:20FF34002A00E009DA25BFFF96FA8407CF063F0084079D0001FF8407090F3F006A0A9A0D89
:20FF540020365C00003A0642204E1200BEFFBE1820365C00003A0642094ABEFFB018010A2F
:20FF740084078F0B01FF013280FFFC03850D8407C90C2A005F0A8407CF0C2A00000040063C
:20FF94003F008007E10006E09C0000EA8407C90B01FFE009AA0501EA8407C90B01FF620A8D
:20FFB400AA0501EAE0E9DA1D1C086A0A890D5F0A610AE30D5A0A610AB30DA5156A0A820D95
:20FFD4000106EFFFD2050106EBFFE205950D023280FF9403E505003280FF8C03A5050000A9
:20FFF4001D504006FF008007E1108407090A4000E009D205840709E24000C5058407C9E66B
:02000004008278
:200014003F001C0EFFFF610AF305640A810DC205650AD205950DBFFFA6F9F5050B0A840760
:200034000F0F3F00A5050000BEFF501C013280FF36038407090F3F006B0AEA05030A8407B3
:200054008F0B01FFD505010A84078F0B01FF8407CF063F00840789DB01FF200E00018407A0
:20007400CF0C2A0084079D0001FF84076D073F008407BD002A008407CD002A008407AD00D5
:200094002A00BFFF06FD84078F043F008407CF043F0084070F053F0084074F053F008407E0
:2000B4008F053F008407CF053F0084070F063F0084074F063F0084074D073F0084078F067F
:2000D4003F0084075D073F00A40795082A00610AEA1DA407A50F3F00610ABA15A407870FA2
:2000F4003F00610AEA0D00EA950DA4078DEF3F00003280FFB40641EA9D0062EAF1F5C5052A
:20011400003280FFA40684079D002A00A4078D073F008407AD073F00BEFF941B63DA920DDA
:2001340020365C00003A0342204E1200BEFFDE161B504006FF108007E11006D807E800E262
:20015400DD06FF0FD20D1D0EFF0F201600F001E842E91D08DB095F0A8407CF0D3F008407A5
:200174004FEE3F008407890D3F0084070F0D3F00840789153F00400E22FFE111D90D84076F
:20019400C9153F00400E22FFE111E305010A8407AD0F3F00C5058407AD073F00013280FF5A
:2001B4009E060AE000001C504006FF108007610000EA840789153F00400E22FFE111D90D5B
:2001D4008407C9153F00400E22FFE111E305010A8407AD0F3F00C5058407AD073F0002320D
:2001F40080FF5C060AE800001D5040067F00000A8407099D3F00401622FFE299D90D840709
:20021400C99D3F00401622FFE299E30501128407AD173F00C5058407AD073F0001507F0092
:200234008007E17006D007C89900840709EF3F00840749E53F00E5351A06DFFFC90520DEF6
:200254002000A5051AD8BEFF4C1A8407890E3F00E009CA151C301B388407C9443F001D48A7
:2002740080FF28060AE8DBE18407C90C3F00DB098407CF0C3F00BBD1B5151C301B38840767
:2002940089443F001D4880FF02060AE8DBE18407890C3F00DB0984078F0C3F00BBD1BEFFB3
:2002B4003C1AE0D1D305E0E982CD68EAE2C58407890E3F00E009E215E0E9B20568EAAA1568
:2002D4001C308407893C3F0019401D4880FF20060AE88407890C3F00D90984078F0C3F0034
:2002F400D9E184074FE53F001D504006FF70000A00F201128407899D3F00840709963F00A8
:20031400B29984078F9D3F00840789F53F008407899C3F00840709963F00B29984078F9CE7
:200334003F00F5158407899C3F006090939F0100F299E2058407090E3F000012A50D8407AC
:20035400899C3F00419A84078F9C3F0041F2410A8407099E3F00F309E1E584078FF53F0056
:2003740002507F0006088407CF0B01FF00007F008007E13006D80AE2A40787373F001B3849
:2003940080FFDC0B0AE8E0E9B23DA40787373F0080FF880C0AE861EACA351B0680FF9A0DFB
:2003B400A40787373F001B3880FFB4090AE8F505A40787373F0080FF28090AE884070FDB47
:2003D400400003D262EA8A1D5FD2A40787373F001B3880FF8A0B0AE862EABA05E0D1DBF543
:2003F400E0E9BA0500E2D50D0AE2A40787373F0080FFEE08E505E0E9CA0500E2A50500E2A4
:200414001C504006FF308007E11020368000BFFF62FF0AE8E0E9FA0DA40787373F0080FF91
:20043400880B0AD8E0D9F205A40787373F0080FFB6090AEA0032BFFF3AFF0AE0E0E1A2052E
:200454001CE81D504006FF108007610080FF80010AE8E0E9B20506EAA50500EA1D50400631
:200474007F008007610080FF66010AE8E0E9B20505EAA50500EA1D5040067F008007E1008C
:2004940001EAA40787373F0080FF900B0AE061E2CA15A40787373F0080FFC40B0AE0DC06CD
:2004B4000011BA0500EA950D8407C90E3F00610ABA0506EAA50505EA1D504006FF0082073D
:2004D400E10001EAA40787373F0080FF4E0B0AE061E2DA1DA40787373F0080FF820B0AE0FA
:2004F400DC060011BA15A40787373F00233E000080FFE0100AE0E0E1BA0500EA850D63E283
:20051400BA0507EAC5050DEAA5050DEA1D504206FF008007610080FFB6000AE8E0E9B20572
:200534000DEAA50500EA1D5040067F008007E11006E007D820368000BFFF38FE0AE8E0E928
:20055400DA051C301B3880FF20101D504006FF108007E1100AEAA40787373F0080FFBC0A3F
:200574000AE061E2AA2DA40787373F0080FFF00A0AE01C0600F0921DBEFF1A1720368000D3
:20059400BFFFF0FD0AE8E0E9EA05A40787373F0080FF5408BEFF46170032BFFFD6FD0AD8B0
:2005B400E0D9A2151BE88515BEFFEA16BFFF5AFE0AE8BEFF2817850DBEFFDA16BFFF4AFE14
:2005D4000AE8BEFF18171D504006FF108007E1000AE2A40787373F0080FF400A0AE861EA65
:2005F400BA0DA40787373F0080FF740A0AE8DD060011AA0500E21C504006FF00069007981E
:200614005296E000539EE0001208910AD10A2206FFFF0100C209E199BB051310A505011093
:20063400421620FF02507F008007610006E81D3080FF1410A4078D573F00000040067F0005
:20065400840749F044000EF50A0A7010E011DA057E10E011AA05000A01507F008007E13077
:200674008036FFFF80FFE8050AD8E0D98A2584070F034000A40787D73F0000EA00E2950D69
:20069400A4078DE73F00BFFF80FD0AE841E29C0062E2B905E0E9D2F5A4078DD73F00E0E953
:2006B400CA0D013280FF08030AE8F5051B06FEFEBA0503EAA5050AEA1D504006FF308007D6
:2006D400E1F000CA01DABEFFCC15A40795082A00E0098A0D013280FFD000010A84079D0843
:2006F4002A00BFFF66FD0AE8E0E9EA2D840789D53F008407C9C53F001A301838BFFF00FFF2
:200714000AE01C08BA09410A01C88CCA21066CA40300F90F22028407CF0C2A00010A8407FE
:200734009D0801FF20368000BFFF48FC0AE8E0E9BA0D1A301C3880FF3E0D1C0E0100840788
:200754008F0D3F0000DABEFF941584070FEF3F001B504006FFF08007E1F006C807C000EA2B
:20077400840749F044000EE5BEFF2A15010A5C0F08009C0F09001C0039D7010078D70100BF
:200794003CDF0500E0D9B20DDB0E0200620ABA0509EAA50508EA010A5C0F0800BEFF3E157A
:2007B4001D504006FFF08007610006E8A40787373F001D3880FF6C06000040067F00800773
:2007D400E13001DABEFFCE14A40795082A00E0098A0D0132BFFFD2FF010A84079D082A0061
:2007F400BFFF32FD0AE0E0E1AA25840709D53F008407C9ED3F001A301D38BFFF02FE0AE807
:20081400200EC0448407CF0C2A00010A84079D0801FF1A301D38BFFF16FD0AE0E0E1FA05AD
:200834001D0E010084070F0D3F0000DABEFFAE1484070FE73F001B504006FF300610000A79
:200854000000A407A5982A00619AFA156112DA0D8407099A4000619AE2058407099A400050
:20087400629ABA05010A950D6212FA058407099A4000629AAA05010A610ADA05049A8407F2
:200894000F9F3F0001507F000610077808900970840749F044000EF5010A880B68081C00AC
:2008B400009A0E08C51D2287010072870100028DE089A215D16E0200626AEA05090A8407A5
:2008D4000F153F00F505E009DA05080A84070F153F00016A886B44124492449AEF99D90511
:2008F400E009A2E5680A82E501507F008007E1F706E007C008B8970009A815E8840749F0F6
:2009140044000EDD61BAD20562BAB20563BA9A3DBEFF8213010A5B0F08009B0F09001C003D
:2009340061BAC20562BAF205B50D9CD7010058D70000F50DFCCF010078CF0000A50DFCCFB7
:20095400010078CF00009CD7030058D7020000003BB70500E0B1B215D60E0200620AEA0504
:2009740009EA84070FE53F00F505E0E9DA0508EA84070FE53F00010A5B0F0800BEFF5E13B5
:200994001D504006FFF706088100840749F044000EF5220601A5A5A51115940B220600A556
:2009B400A5A5111510151F0000007F009007E17006C8990000DA00E200EAA50D1DF0C2F288
:2009D40023160000C2F11F0A010D41EA9D0068EAE1F53A06900030FF1A08810A911561CA73
:2009F400AA0D8407493044000636240080FF1C0A0AE0E5052336000080FF100A0AE0E0E16E
:200A1400A2050EDA1B505006FF708007E1F100C200CA00DABFFF48EE0AD08407090E3F0095
:200A3400FA09E3151AE082E28407090E3F00BA0984070F0E3F00A40745173F008407490E96
:200A54003F009A11A20984074F0E3F00F5058407090E3F0001E082E201C2840749BD3F0013
:200A7400173080FFD2000AE8E0E9FA058407C9F43F001F0A010D952D840749353F008407BD
:200A9400C93C3F00BFFFD2FC0AE8E0E9E21D69EACA0D090A84070F0F3F008407490D3F0073
:200AB40084070F0D3F0095158407090F3F00E009CA0D080A84070F0F3F008407490D3F00D6
:200AD40084070F0D3F0001CA8407C90C3F00440A8407CF0C3F005FE28407490D3F00440A10
:200AF40084074F0D3F00E0E1D305E0E9F2B568EAD2B5E0E9B20568EA9A0D84078F063F0002
:200B14001830BFFFF8ED0AD8C50D69EAAA0D20365C00003A0642204E1000BEFF380D01DA89
:200B34001D301938BFFF58ED84070FEF3F001B504006FFF1069853F620000015A2067F80D4
:200B5400BA05000AA505070A01507F00BE07E1FF5C1A01BA00E200EABEFF3A11A40795083B
:200B74002A00E0098A0D0132BFFF3EFC010A84079D082A00BFFFEEF80AD8E0D9FA5D200E63
:200B940004068407CF0C2A00010A84079D0801FF20368000BFFFDCF70AD8840789D53F00FB
:200BB4008407C9AD3F001A301538BFFF52FA0AA01408BA0901B6010020E68000C50DF6E1D0
:200BD400EB051C0EFFFF5A09AA05F5051C08A10A01E09C0064E2CBF5E0D98A3500EA850D97
:200BF4001DF0C2F223160000C2F1010541EA1D06E0FFF9F5840789C43F0023CE000000EA21
:200C1400850D980F0100590F000041CA41C241EAFCE981FD1A301C382346000080FFA40850
:200C34001C08DA0984078F0D3F008407890C3F00DC0984078F0C3F0000BABEFFA0108407D8
:200C54000FDF3F001750441A7E06FFFF8407E17006C8D90000E200DA00D200EA00EAB50D65
:200C74001DF0C1F223160200C2F1200EFF00800C41EADD0063EAD1F500001BF0C1F22316E7
:200C94000200C2F1800441DA00001BF0C1F223160200C2F1010A800C41DA000062DAC2058B
:200CB40020E6020101D2E0D1DA1500EA95151DF0C1F223160200C2F1703080FFDC010AE07C
:200CD4001C06FBEFBA0501D2D50541EADD0062EAF1EDE0D1AA0500E21C504406FF70800768
:200CF400E1F006C0D800390650C1E0FD00EA00D200DA00E2183080FF5E050AE81D06FFFE90
:200D1400AA0501E2E0E1BA15183080FF780539D701009AD711001A08850A990D183080FFA8
:200D3400D4010AE81D06FBEFAA0501E2E0E1CA1539F70100800E00AAC20C39DF0100FBDF6F
:200D5400850039DF0100FBDF8500E0D9BA0500EAB50520EE05101D504006FFF08007E1F049
:200D740006C0D80007C83A0650C1E0FD00EA00E200DA183080FFE0040AE81D06FFFEAA05B2
:200D940001DAE0D9EA05183080FFFA0400000000E0D9EA253AE70100FCE785001908C100C3
:200DB400E1E1BA0500EAC51D3AF70100200E002DC60C3AF701001908C100810E00AAC20C58
:200DD4003AE70100FCE785003AE70100FCE785001908C100E1E1BA0500EAA50502EA1D509B
:200DF4004006FFF08007E11006D8DB0000EA00E21B3080FF62040AE81D06FFFEAA0501E2D9
:200E1400E0E1CA0D1B3080FF7C043E0654C1E0FD00F5200E5000800B00EA1D504006FF10FC
:200E34008007E1F006C8D90007D83D06004898FF00E200D200C2193080FF1C040AD01A0646
:200E5400FFFEAA0501C2E0C1BA25E0C9AA0D7DDF01001DF6040001DD1DF6040000E5851D3F
:200E740061CABA0D1DF6100001DD1DF6140001DD1DF6140000E5C50D62CAAA0D1F5A6BDFE2
:200E940001001F5A6BDF01001FE23CE701001F001A504006FFF08007E13006D0DA0000E26C
:200EB40000EA00DA1A30003A80FFB4000AE862EAEA151A3080FFF2000AE81D06FBEFDA05CD
:200ED40020E6051001DAB50D1A30BFFF14FE0AE81D06FBEFCA0520E6051001DAE0D9FA05B0
:200EF4003E0650C1E0FD00F5940300001C504006FF308007E13006E0DC0000EA00DA00D24F
:200F14001C3080FF52030AE81D06FFFEAA0501D2E0D1DA151C3080FF6C033E0650C1E0FDFD
:200F340000F540DD1B08870AE9051C3080FF7A000AE8D5051C30BFFFAEFE0AE81D5040067D
:200F5400FF3006F007080810F505819F0100809B41F2410A5F12E0119BFD7F008007E1702C
:200F740006D0DA0007C800EA00E200DA1A3080FFE6020AE81D06FFFEAA0501DAE0D99A1583
:200F94001A3080FF00033E0650C1E0FD00E5FCE785001908C100E1E1BA0500EAA50502EA0F
:200FB4001D504006FF708007E1F106B8D700380654C1E0FD00EA20E6B80100D200CA00DABE
:200FD400173080FF92020AE81D06FFFEAA0501CAE0C98A25173080FFAC0238F7010060D8E3
:200FF40038F70100200EB300800B20EE05103E0650C1E0FD00F540D51A08900AB90500EA7E
:20101400C5055FE2E0E1CBF5E0E1CA0538F7010060D81D504006FFF18007E13006D0DA004D
:2010340000EA00E200DA1A3080FF2C020AE81D06FFFEAA0501DAE0D9FA0D1A3080FF460292
:201054003E0650C1E0FD00F540E51C08900AB90501EAA50502EA1D504006FF308007E1F0F9
:2010740006D8DB00380650C1E0FD00EA00E200D200CA1B3080FFE0010AE81D06FFFEAA05A3
:2010940001CAE0C9EA0719011B3080FFF80138D701009AD7110038F7010040E51A08850A62
:2010B400A94D1C08870AC90520EE0010857D1C08840AC90520EE0210A5751C089A0AC90533
:2010D40020EE0810C56D1C08920AE90DE0D9CA0520EE0910C56561DACA0520EE0A10F55D91
:2010F40020EE0510C55D1C08860AC90520EE0B10E5551C089C0AC90520EE071085551C08F7
:201114009E0AC90520EE0610A54D1C088F0AC90520EE0110C5451C088E0AC90520EE0310D0
:20113400E53D1C088D0AC90520EE0410853D20EE0510D5351C089B0AB90504EA85351C088C
:20115400990AB90505EAB52D1C08910AC90DE0D9BA0506EAC52561DABA0507EA852520EEBF
:201174000510D51D1C08850AB90508EA851D1C089D0AB90509EAB5151C08830AB9050AEAA6
:20119400E50D1C088A0AC90520EE1000850D1C08890AC90520EE1100A50500EA1D50400628
:2011B400FFF08007E13006D0DA0000EA00E200DA1A3080FFA2000AE81D06FFFEAA0501DA37
:2011D400E0D9CA1D1A3080FFBC003E0650C1E0FD00F540E51C08900AB90500EAF50D1C08FE
:2011F4008C0AA90D3E0654C1E0FD00F5200EB000800B02EAB50520EE00011D504006FF3064
:201214008007E13006D8DB003A0650C1E0FD00EA00E21B3080FF40000AE81D06FFFEAA05A4
:2012340001E2E0E1DA151B3080FF5A003A0F0100801630A6611704013AF7010094033E06A3
:2012540054C1E0FD00F5200ED000800B00EA1D504006FF300610C200000AE011CA0500009C
:20127400000AE50D6112CA050000000A950D6212DA050000200E0101B505200E01010150B2
:201294007F000610C200400EA1FF3E0654C1E0FD330650C1E0FDE011FA05730F010041964E
:2012B40001000195A51561129A0D0196004073970100419602000195850D6212EA051F92B8
:2012D400739701001F92019500007F0006900788D10008983E0654C1E0FD1110A212820006
:2012F400000A300650C1E0FD30870100709731000085207EE800507F0000008550170000F6
:20131400000A850D0085337F0100707F0100449A410AE20981FD0085207ED000507F0000A1
:2013340000007F0006900788D10008983E0654C1E0FD1110A2128200000A300650C1E0FDC9
:2013540030870100709731000085207EED00507F0000008550170000000A850D0085337FEB
:201374000100707F0100449A410AE20981FD0085207ED000507F000000007F0006083E0643
:2013940054C1E0FD220650C1E0FD22170100620F31000015209E2000429F00000015209EAE
:2013B400D000429F000000007F0006980790210654C1E0FD220650C1E0FD22F70100199DB5
:2013D40022F701001B9521F70100208E2300808B21F70100208ED000808B00007F00800792
:2013F400E10006E0DC0000EA0032BFFF98FE3E0650C1E0FD00ED9DEFA9001C30BFFF86FEE4
:061414001D504006FF0020
:20141C009007E1F106C039062080A0FF00E23B062080A0FF00EA00D200BAD8060300BA058B
:20143C001808A50D23360000183820462000BFFF0CFB230E000000EA850D211701007B1752
:20145C00010044DA440A41EA68EA81FD19F61C0000BD19F6DC0100D51A108212B10500E209
:20147C00B50520E603011C505006FFF18007E13006D807D03C0650C1E0FD00EA1B3080FFA9
:20149C00BE010AE81D0601FFD2151D30BFFFEEFD3C0F0100801630A6611704013CF7010016
:2014BC00940300003CF70100F0041B301A38BFFFF4FE00004006FF308007E17006E007E8E2
:2014DC00DD0008D8390650C1E0FD00D21C3080FF6E010AD01A0601FF82451A30BFFF9EFD96
:2014FC00390F0100801630A66117040139F70100940364EAFA051C301D381B40BFFFC8FD0A
:20151C00C52D68EAFA051C301D381B40BFFF10FEC5251D06F0FFFA051C301D381B40BFFFEF
:20153C00FEFDB51D1D06E0FFFA051C301D381B40BFFFECFDA5151D06C0FFFA051C301D38E2
:20155C001B40BFFFDAFD950D1D0680FFEA051C301D381B40BFFFC8FD00004006FF70800791
:20157C00E17006D807C83C0650C1E0FD3A0654C1E0FD00EA1B3080FFC6000AE81D0601FF60
:20159C0092251D30BFFFF6FC3C0F0100801630A6611704013CF7010094033C0F01004107E7
:2015BC00D0003CF7010019DD3CF701001BCD3AF70100200E7100800B3AF70100200ED0006D
:2015DC00800B00004006FF708007E1F306B8D70007B0380650C1E0FD00EA00E200DA00D264
:2015FC0000CA1730BFFF68FC0AE81D06FFFEAA0501CAE0C99A251730BFFF82FC38E7010005
:20161C00FCE7A100BC0671D0C20520EE0401C51538DF01009BDFD500E0D9DA0576070100F6
:20163C0000EAA50D38F701006CD5400E20FF1A09760F010003EA1D504006FFF38007E10071
:20165C0006E020EEFF000000000000001C3080FF3C000AE81D504006FF008007E10006E082
:20167C0020EEFF001C3080FF90000AE8E0E9B20D1C3080FFAC000AE861EAD2051C3080FF16
:20169C00C8000AE81D504006FF008007E10006E020EEFF001C3080FF60000AE8E0E9D205AA
:2016BC001C3080FF7C000AE81D504006FF008007E10006E020EEFF001C3080FF3C000AE8CF
:2016DC00E0E9D2051C3080FF80000AE81D504006FF008007E10006E020EEFF001C3080FF39
:2016FC0040000AE861EAD2051C3080FF5C000AE81D504006FF000610200EFF00000000006C
:20171C000000409E20FFF311F105409E22FFF311B905000AB505200EFF0001507F0006101E
:20173C00200EFF0000000000409E22FFF311810D3306FFFF23FFF311BB05010AB505200EBF
:16175C00FF0001507F000610200EFF000000200EFF0001507F0068
:20177400524644323846434D4E524858563130303032000052464432384644465248585652
:2017940031303030320000008007E11006D800E23B0F050084078F0F4300840789F7430001
:2017B400040D8407CF0F430000EAD56D8407899F43008407899743001DF0C4F2D3F1601051
:2017D4001DF0C4F2D2F161981DF0C4F2840789974300D812D09A1311D2F162981D08E1008A
:2017F4008407899743001DF0C4F2E10E7403C89A1311D2F16398C409131181078F12380028
:201814008407899F43001D08E1008407899743001DF0C4F2E10E7403D3F164101DF0C4F2A6
:20183400D2F16598C409E29FB0F813108107CF12380000001DF0FE00FEF67403C4F19E074A
:201854000F0338001D3080FF68061D3080FFB82F1D3080FF64250AE0E0E1BA0D1DF0C1F2B6
:20187400C4F1BE07C73101FF023A80FFBC05A50D1DF0C1F2C4F1BE07C73101FF033A80FFC6
:20189400A80541EA61EAB905E0E19295E0E1CA05013280FFB0054006FF108007E11006E8B9
:2018B4009D0007D800E2FDF67403C4F19E07090B3800FB09E2071F0161DACA1D1D3080FFAB
:2018D400F0270AE0E0E1CA0D1D3080FF3A30FDF67403010AC4F19E070F0B3800C5251DF00D
:2018F400C1F2C4F1BE07C73101FF033A80FF3A05A51DFDF67403C4F19E070FDB38001D30BF
:2019140080FF18270AE0E0E1DA051D3080FFF82EA50D1DF0C1F2C4F1BE07C73101FF033A58
:2019340080FF0605E0E1EA551D301B38BEFFCA001DF0C1F2C4F1BE07C73101FF023A80FFF5
:20195400E8041DF0C1F2C4F1BE07E73101FF023A80FFD6041DF0C1F2C4F1BE07073201FF2D
:20197400023A80FFC4041DF0C1F2C4F1BE07273201FF023A80FFB2041DF0C1F2C4F1BE0792
:20199400473201FF023A80FFA0041DF0C1F2C4F1BE07673201FF023A80FF8E041DF0C1F27B
:2019B400C4F1BE07873201FF023A80FF7C041DF0C1F2C4F1BE07A73201FF023A80FF6A0469
:2019D4001DF0C1F2C4F1BE07C73201FF023A80FF58041C504006FF100610820007F0E20E69
:2019F4007403C4098107090B3800010D000A01507F000608810007F0E1167403C411820781
:201A14008912380098128013E1167403C41182078912380090128113E1167403C411820701
:201A34008912380088128213E1167403C4118207891238008313E1167403C4118207C912B4
:201A5400380088128413E1167403C4118207C9123800851300007F000608810007F0E11696
:201A74007403C4118207091338006112D21D60986190D89AD09212996290E1167403C892A5
:201A940012996390C411129982078F9A380065906498E1167403F397B0F81298C411820791
:201AB400CF9A380000007F008407E17006E89D0007E008C89C0F0100BC170100D80AD01290
:201AD40002099C170300C8120209BC1703000209630F01009C0F0500BC170500E117B0F8D0
:201AF4000208630F05000000FDF67403C4F19E07090B3800610AFA1D231701008507C90926
:201B1400FDFF239F0500220985070912FDFF33110209F20D231701008507490AFDFF239FFA
:201B34000500220985078912FDFF33110209BA0501DAA54500DA231701008507C909FDFFFC
:201B5400239F0500220985070912FDFF331102099A0DFDF67403010AC4F19E074D0B380087
:201B7400B52D231701008507490AFDFF239F0500220985078912FDFF33110209BA0DFDF63B
:201B94007403C4F19E074D0338001D3080FF2203B515E0C9FA051D30233E000080FF5A03EB
:201BB400B50D1D30233E000080FFA4020AD01D301A3880FF20031B504406FF708007E1F1E4
:201BD40006E09C0007D09A0008C8990009B8D70020EE2000E5051C30013A80FF3C285FEA32
:201BF400E0E9ABFD1A08C50A810E001419C001C10EEAC50D1D0EFFFFE1C78208C1DE01006C
:201C14001C301B3880FF12285FEAE0E9CBF51C30013A80FF04281C30003A80FFFC2720EE1E
:201C34001000C50D1D0EFFFFE1BF8208C1DE01001C301B3880FFE2275FEAE0E9CBF51C3076
:201C540080FF7E271C301A381940BDFF7EFE000A01504006FFF18007E1F306D89B0007D0E1
:201C74009A0009C008C8990020EE2000E5051B30013A80FFA4275FEAE0E9ABFD1A08C50AF1
:201C9400810E001819B801B90EEAC50D1D0EFFFFE1BF8208C1B601001B30163880FF7A27B0
:201CB4005FEAE0E9CBF51B3080FF16271B3080FF102700E220EE1000F505C1E21B3080FFCF
:201CD40000270AE15FEAE0E99BFD78E700001B301A381940F84F0100BDFFDEFD000A0150A5
:201CF4004006FFF38007E10006E89D0007E01D301C3880FF8A27000A01504006FF008007C6
:201D1400E10006E89D0007E01D301C3880FF0428000A01504006FF008007E10006E89D007D
:201D340007E01D301C3880FF1229000A01504006FF008007E10006E89D0007E01D301C3832
:201D540080FF3429000A01504006FF008207E1F006E09C0008D009C823C7210007D89B00E9
:201D7400FCF67403C4F19E07090B3800610AB20501EAA50D1C301B381A40194863C70100FC
:201D940080FF882B0AE81D504206FFF08207E1F0230F210006E09C0007D808D0DA0023C7BD
:201DB400250009C89900630F2000FCF67403C4F19E07090B3800610AB20501EAA51D1C30C4
:201DD4001B3880FFDA2D0AE8E0E9BA151C301B381A401848230E2000630F010080FFEA2CDA
:201DF4001C301B38E3472100194880FFA4230AE81D504206FFF006F0200E3B00800C200E8F
:201E14005800810C010A840B060A850B86037F0080076100840749EB01FF61EABA0580FF57
:201E3400762840067F008007E10006E8DD0007E09C00E0E9D2051D301C38BDFF62F94006D7
:201E5400FF00060884074F0B01FF7F00069807F01F12000AE5251390F200F2967403C4913A
:201E7400920789933800018AE18FC0005191821D008D1390C592C191C392C4919207099070
:201E94003000028531911388C58AC189C38AC48991074988300030891191AA050110410AE8
:201EB4007F12CA050106E0FFF9D502507F00060801F0FE00FEF67403C4F19E078F0338009D
:201ED40001F0FE00FEF67403C4F19E074D0338007F000610079802F0FE00FEF67403010A18
:201EF400F30FC00021903106DCBAE0FDD1F1080D5209090D7F00069807880012000A952DDF
:201F140013F0FE00FEF67403C4F19E07898338000192E197C0005091BA1DB10709700000EF
:201F34001390C592C191C392C491B2070F70300013F0FE00FEF674032F06DCBAE0FDCFF15B
:201F540008950182E187C000109109950112410AE011CA050106E0FFC9D57F0006F0E0F1FE
:201F7400C2050105030505057F0006F0079012080112E0F1D21DE009B21D009D7F9A821D68
:201F9400009DE0998A0D61070900050D61070500030DA50D029D730F050061070500029D9C
:201FB400619F0900030D009D419A019D001202507F000690078812F01108019AE0F1921DA0
:201FD400E009F215610705000015E011DA0561070900010DD50D0015B50522170500228794
:201FF4000500E081BAFD61170900620F0500009A13507F0006F0079012080112E0F1D21DC3
:20201400E009B21D009D7F9A821D009DE0998A0D61070900050D61070500030DA50D049D9F
:20203400730F090061070900049D619F0500050D009D419A019D001202507F0006980790AA
:2020540013F012080112E0F1E215E009C215008DE089FA056107090061070500010DA50D21
:2020740061070900008D710F0900008D618F0500010D001202507F0006100780087809909C
:20209400D20010F00F08019AE011C235E0F1A235E0098235228F01007F8AC22DD2060300F3
:2020B400922D1288828A991561F70900028D618F0500028DE089CA05620F0500C505028D7E
:2020D400710F0900030D8515048D618F090061F70500048DE089CA05620F0900C505048D34
:2020F400710F0500050D228F0100418A628F0100009A13507F00069007880898D30012F0B0
:2021140011080112E0F1B225E0099225D3060300E21D13808282E90D61F7090002856187FF
:2021340005000285E081C2050285700F0900030DD50D04856187090061F705000485E08115
:20215400C2050485700F0500050D001202507F0006F00710C200000AE0F1D21DC206300011
:20217400A21D009DE099F215040D0298869AB115219F0500059D049DE099C205049D73077B
:202194000900009D5F9A019D009DE099AA0503056107050001507F0006980710C20013F06A
:2021B400000AE0F1D2150095E091A215C2063000F20D000D210F050002908692910DE00922
:2021D400B20561070900009572070500010D01507F00060807881110019AE009C22DE011B0
:2021F400A22D22970100E091E22521970100E091A22522F701000495E091DA050295619747
:202214000900D50504950285728705000295E091DA05049561970500D50502950485728739
:202234000900219701005F9261970100029562970100009A13507F00069813F00112E0F14C
:20225400B215000DE0098215000D210F0500009572070500E009E205009572070900610772
:202274000900010D001202507F008007E11006E001EAE0E1A20D1C30203E1000BFFFD4FE4D
:202294000AD8E0D99AFD00EA1D504006FF108007E11006E001EAE0E1A20D1C30203E1000D9
:2022B400BFFFF8FE0AD8E0D99AFD00EA1D504006FF1006F0000AE0F1A205000D01507F0023
:2022D4000610000AE011F20502F0B505410A02F5E0F1DAFD01507F000608071001F0E0F195
:2022F400D20501F503F505158C031E507F00068007881098110E13001C92011052110092CC
:20231400E099F22D33F701006C08E009DA25040DE209A125040DA2090106EFFF891D020867
:20233400DE09047DA279617F090041070C00007D6F0F0500007D617F0100010D61F7050000
:202354000515017A8C7B730F0100B505010A8C0B1E961000E50500F5330F0100E1F1DAD587
:2023740012507F00069007101208E009E245E011C24502F6F0FF0035869F0D00E099CA1DEB
:20239400E6F1A21D009DF3F1F915219F0100008DF389BA0561F70100008D049D318F09002B
:2023B400D199059D009D339F010073F70500009D339F0100019D0235869F0D00E099CA1D47
:2023D400E6F1A21D029DF3F1F315219F0100F3F1CA05029D619F0100028D0485319F0900C3
:2023F400D099719F0900009D028D738F0500029D008D738F01008C037F00060801F0E0F107
:20241400B20501F503F57F0006980708089013F0FE00FEF67403C4F19E0709893A00618AC2
:20243400AA3D12F06310D8129C1267129A1D02156117010002154C12611709007010C21686
:20245400FF0F61170500BE07897000000815A107CF7000006117150061071900D5056107CB
:202474000100610705001EF61400A50502F56310D8129C126912B2FD6310D8129C12681257
:20249400E2F51310E200E2167403C41182078FF43900853512F06310D8129C1267129A15D4
:2024B40002156117010002154C12611709007010C216FF0F61170500011261171900D50521
:2024D400610701006107050048F2A50502F56310D8129C126912B2FD6310D8129C1268127D
:2024F400E2F51310E200E2167403C41182078FF439007F0006980708089012F06310D81240
:202514009C1267129A1D02156117010002154C12611709007010C216FF0F61170500BE079B
:20253400897000000815A107CF7000006117150061071900D50561070100610705001EF6B8
:202554001400A50502F56310D8129C126912B2FD6310D8129C126812E2F51310E200E21624
:202574007403C4118207CFF439007F00069807080890098813F0FE00FEF67403C4F19E075B
:2025940049813A0061829A4511F06310D8129C1267129A1D02156117010002154C126117A8
:2025B40009007010C216FF0F61170500BE07896000000815A107CF60000061171500610784
:2025D4001900D50561070100610705001EF61400A50502F56310D8129C126912B2FD6310AD
:2025F400D8129C126812E2F51310E200E21674032F06DCBAE0FDCF111278C27A0216A00064
:20261400CF1162F70100F53511F06310D8129C1267129A1502156117010002154C12611791
:2026340009007010C216FF0F61170500011261171900D505610701006107050048F2A50562
:2026540002F56310D8129C126912B2FD6310D8129C126812E2F51310E200E21674032F0635
:20267400DCBAE0FDCF111278C27A0216A000CF1162F701007F00060884078997430001F0CF
:20269400C4F2D2F1069D01F0FE00FEF62C0033170D00C4F19E07CF113F0001F0FE00FEF648
:2026B4002C0033171100C4F19E070F123F0001F0FE00FEF62C0033171500C4F19E074F129C
:2026D4003F0001F0FE00FEF62C0033171900C4F19E078F123F0001F0FE00FEF62C002016B6
:2026F4000018C4F19E07CF123F0001F0FE00FEF62C00C4F19E070F033F0001F0FE00FEF697
:202714002C00C4F19E074F033F0001F0FE00FEF62C00C4F19E078F033F0001F0FE00FEF671
:202734002C00C4F19E07CF033F0001F0FE00FEF62C0033172500C4F19E070F143F0001F0C3
:20275400FE00FEF62C0033172100C4F19E074F143F000012C54D3387050002F0C2F2D0F196
:20277400629012F0C4F2C4F19E074D93320012F0C4F2C4F1BE07458B3200E0898A0D12F0F9
:20279400C4F2C4F19E070F033200851D12F0C4F2C4F1BE07458B3200618A9A0D12F0C4F2B1
:2027B400C4F1018A9E070F8B3200850D12F0C4F2C4F1028A9E070F8B320002F0FE00FEF674
:2027D4000C00C4F19E070F05340002F0FE00FEF60C00C4F19E074F05340002F0FE00FEF681
:2027F4000C00C4F19E078F0534004112B38F0900F111A1B57F008007E1F106D007E001CA41
:2028140000C21A10E200E21674032106DCBAE0FDC1113CF71D0002169000C2F2C2F100EDAF
:202834003D0F0500E009C20D3D0F0100C80A940AC1BEFF031A30173880FF64230AC8BD0F00
:202854000300D80A9C0A6C0A8A7D61CAEA7500DA9C0F2100610ABA059BDE00043C170D0025
:202874001B08E20FD09001D83C171D00BD0F03004112E20FD0305D0F03003D0F0100FB0FAE
:20289400B8787D0F01003C171500FD0F0100E20FD0B07D0F00003C0F11007D0F0500BD0F3C
:2028B40003000712E20FD8705D0F030048EAB5053DEF0500BD0F030001108200D80A9C0A39
:2028D400690AF2F58200D8129C126812A2F51A10E200E21674033CF71D002106DCBAE0FDFA
:2028F400C11102169000C2F2C2F101EDBDFF80F31A10E200E21674033CF71D002106DCBA3E
:20291400E0FDC11102167000C2F2C2F1000D410A010DBDFF60F33C171D001AF0C2F2019AC7
:20293400C5F1E29FC0009E07C912FDFF220F05031309620F0503A50501C218504006FFF137
:202954008007E1F006E807C0980001DA1808C40A2206E4B7E0FD01D0C2D11D08E100E10EFC
:2029740074039AF705002206DCBAE0FDC209010EA000C2F2C1F100CD9A0F0500E009AA1D90
:202994001D38E700E73E1C001D302106E4B3E0FD1940C139BFFF74FA1D38E700E73E1C00C2
:2029B4001D302106E4B3E0FDC13980FF94120AD8C52D9A0F0500610AEA0D1D38E700E73EB7
:2029D4001C001D302106E4B3E0FD1940C139BFFF26FBB51D1D38E700E73E1C001D302106EA
:2029F400E4B3E0FD19489A470500C139BFFF80FB1D38E700E73E1C001D302106E4B3E0FD70
:202A1400C13980FF3C120AD81DF0C2F2C5F19E07C90AFDFF18F082F2C2F2010EE000C1F13D
:202A3400D80E0300C30A0112E117C208010D61DAEA0705011DF0FE00FEF674032206DCBA83
:202A5400E0FDC2F1100D410A110D1DF0FE00FEF61C00C4F19E0749E32A0044E21DF0FE0050
:202A7400FEF674032206DCBAE0FDC2F1120DDC09130D1C06BFFFD10D1DF0FE00FEF6740331
:202A94002206DCBAE0FDC2F11A0D410A1B0D854D1C0680FFD10D1DF0FE00FEF6740322064B
:202AB400DCBAE0FDC2F11C0D410A1D0D953D1C0600FFD10D1DF0FE00FEF674032206DCBA39
:202AD400E0FDC2F11E0D410A1F0DA52D1C0600FED10D1DF0FE00FEF674032206DCBAE0FDCF
:202AF400C2F1200D410A210DB51D1C0600FCD10D1DF0FE00FEF674032206DCBAE0FDC2F1D7
:202B1400220D410A230DC50D1DF0FE00FEF674032206DCBAE0FDC2F1240D410A250D1D385E
:202B3400E700E73E1C001D302106E4B3E0FDC13980FF14001D3019381A4080FFB20A1B5046
:202B54004006FFF08807E1F006C807C038E701009C0F0100BC170100D80AD01202099C1715
:202B74000300C8120209BC1703000209630F09009C0F0500BC170500E117B0F80208630F59
:202B94000D000000231709008507C909FDFF239F0D00220985070912FDFF33110209EA0D94
:202BB40001D219F0FE00FEF674032206DCBAE0FDC2F10E0D410A0F0D951500D2230F090035
:202BD400990AC10D19F0FE00FEF674032206DCBAE0FDC2F1260D410A270D38DF09009B0F34
:202BF400010001E8C8EADD00BB0F010001E9DD00193086001D381A401C4E06001B0E02009D
:202C1400630F0100380F0500520AC100630F0500BDFFFEEC4806FFF08007E1F306D800C26F
:202C340006BA8407891743001BF0C4F2C2F106CD00EAA56D391705001DF0C2F2C2F162B034
:202C540000E21B30203EF40580FFD61F0AD0E0D1DA0501C2B9EF0900D5551BF0C2F2C4F1EC
:202C74009E07C90A2A007A0F01001BF0C2F22206E0B3E0FDC2F1000D410A010D61B2B105DB
:202C9400B215B5251B08E100E10E74032206DCBAE0FD1CF0C2F2C209010EF000C1F117081F
:202CB400DA09010DD5251B08E100E10E74032206DCBAE0FD1CF0C2F2C209010E1001C1F1B3
:202CD4001708DA09010DC5151B08E100E10E740316F0C3F22206DCBAE0FDDCF1C2F2C209EA
:202CF400010E3001C1F11708DA09010D000041E2DC00391705001DF0C2F2C2F17008E1E1BC
:202D140091A541EA9D00B90F0900E1E9C19518504006FFF38007E1F006C084078917430084
:202D340018F0C4F2C2F106DD18F0FE00FEF67403C4F19E0749D1390000EAD51D3B170100DE
:202D54001DF0C2F2C2F16208C30A01E0DAE13C0F0500E009E20D3B1701001DF0C2F2C2F129
:202D740062C818303C3F05001940004A80FF5C0041EA9D009B0F0900E1E991E51AD6200004
:202D940000EAD51D3B1705001DF0C2F2C2F16208C30A01E0DAE13C0F0500E009E20D3B172B
:202DB40005001DF0C2F2C2F162C818303C3F05001940014A80FF140041EA9D00BB0F0900C2
:202DD400E1E991E54006FFF08207E1F706B807C808C0980009A884078917430017F0C4F240
:202DF400C2F106D500EAE0A9AA1500E2B50D3A1701001CF0C2F2C2F16208E1C1AA05F515D1
:202E140041E29A0F0900E1E1B1F5951500E2B50D3A1705001CF0C2F2C2F16208E1C1AA058F
:202E3400E50541E2BA0F0900E1E1B1F5E0C9E207D701E0A9CA2519D83A1701001CF0C2F252
:202E5400C2F170085F0AFD09A10D17301B38184063EF0100004A80FFB201D5051B301938DF
:202E740080FF340348DA41EA3A1701001CF0C2F2C2F17008E1E993E580078C01E0C19A5518
:202E940061AAFA4D17F0FE00FEF67403C4F19E0709B13A00E0B1BA2519D83A1705001CF04B
:202EB400C2F2C2F17008FD09A30D17301B38184063EF0100014A80FF5201D5051B30193891
:202ED40080FFD40248DA41EA3A1705001CF0C2F2C2F17008E1E9A3E580072C0119D83A17B3
:202EF40005001CF0C2F2C2F17008FD09A30D17301B38184063EF0100014A80FFE601D50548
:202F14001B30193880FF900241EA1BDE14003A1705001CF0C2F2C2F17008E1E993E5B5750B
:202F340061C2DA2561AABA2519D83A1705001CF0C2F2C2F17008FD09A30D17301B38184097
:202F540063EF0100014A80FF9A01D5051B30193880FF440241EA1BDE14003A1705001CF0D0
:202F7400C2F2C2F17008E1E993E5D54D17F0FE00FEF67403C4F19E0749B13A00E0B1AA259C
:202F940019D83A1705001CF0C2F2C2F17008FD09A30D17301B38184063EF0100014A80FF26
:202FB4006A00D5051B30193880FFEC0148DA41EA3A1705001CF0C2F2C2F17008E1E9A3E5D1
:202FD400A52519D83A1705001CF0C2F2C2F17008FD09A30D17301B38184063EF0100014A9B
:202FF40080FF0001D5051B30193880FFAA0141EA1BDE14003A1705001CF0C2F2C2F1700824
:20301400E1E993E54206FFF7061007F0080881000988239F0100E0F1B265E089CA15639007
:20303400D296F00083930095E097B87801957090D29600F08094030563900C82F097D87078
:203054008393E54DE009DA256390D296F00083930095E097B878019570902086EE05F097D9
:20307400D0B080940290F200F29674033006DCBAE0FDD0911380C2821296F000D091329782
:203094000100039563900C82F097D8708393852D610AE2256390D296F00083930095E0978C
:2030B400B878019570902086EE05F097D0B080940290F200F29674033006DCBAE0FDD091F5
:2030D4000180C382D381C28212963001D09132970100039563900C82F097D87083937F00FD
:2030F400060807F0081082000988239F0100E0F19255E089F24D6390D296F0008393009573
:20311400E097B878019570902086EE05F097D0B08094050507058804E011AA150190F200D5
:20313400F29674033006DCBAE0FDD0911380C2821296F000D091329701000395E5256112C3
:20315400AA150190F200F29674033006DCBAE0FDD0911380C28212961001D0913297010055
:203174000395B5150190F200F29674033006DCBAE0FDD0910280C382D381C2821296300115
:20319400D09132970100039563900C82F097D87083937F000610079802F06308C10EF000A2
:2031B400830B000DE00FB070010D039D63080992F20FD870830B7F00061002F06308C10E05
:2031D400F000830B000DE00FB878010D7008209EEE05F30FD0B0800C63080C9AF30FD87091
:2031F400830B1E507F00061002F06308C10EF000830B000DE00FB878010D7008209EEE051D
:20321400F30FD0B0800C05050705880463080C9AF30FD870830B1E507F008007610006E83E
:203234001DF0F8F742028407C9174300C2F1040D610ACA0D1DF0C2F2C5F19E07C9F2FDFFB3
:20325400000D401600010209010D1DF0C2F2C5F19E07C90AFDFF0412611759031D40E800C3
:20327400E8462C001D30210650BEE0FDC141083E140080FFF2031D3080FF8C041DF0C2F294
:20329400C5F19E07C90AFDFF6107AD031D3080FFBC001DF0C2F2C5F19E07C9F2FDFF59051F
:2032B40040067F008207E13006E007D8630701001C08E100E10E7403C409810789093F00DA
:2032D400FB0982451CF0C2F2C5F19E07C9F2FDFF00ED1C0A41E91CF0C2F2C5F19E07C9F22A
:2032F400FDFF1B081D09010D0032233E0000BDFFECE72337010080FF10090AD01CF0C2F2B8
:20331400C5F19E07C9F2FDFF06EDDDEE0F00010AFB0FC000E1E9D205800EB6F6E1D1A3EDC8
:20333400010AFB0FC000FD09BA0D1C08E100E10E7403C40981078FD93F00000AC505010A91
:20335400A505000A01504206FF30069084078917430012F0C4F2C2F1069D000A8545337F45
:20337400050001F0C2F2CFF1621001F0FE00FEF60C00C28603002E0604B9E0FDCEF1047D15
:2033940001F0FE00FEF60C00C382F07FC000C2860300CEF1027501F0FE00FEF60C00C38201
:2033B4004482F077C2801079C4F19E0709753400C2860300C3824682F077C28010880F89C4
:2033D40012F0C2F2C5F19E07C982FDFF02F082F2C2F210869400D0F1018D410AB387090060
:2033F400F009E1BD7F000690070812F0C2F2C5F19E07C99AFDFF01F082F2C2F2139EC40000
:20341400D3F10015C18E0300C38AF1178288D19E3F0013507F008007E13006E007D81CF015
:20343400FE00FEF67403C4F19E0749D139009B0F0500440AC30AC1D11C08E100E10E74039B
:203454009BF705002206DCBAE0FDC209010EA000C2F2C1F13A0F0500010D9B0F0500E00952
:20347400FA451CF0FE00FEF67403C4F19E0709093A00E009FA1D1C08E100E10E740322064B
:20349400DCBAE0FDC2099BF70500010EA000C2F2C1F100ED1C301D381B4080FF52010AE881
:2034B40048EABD0F0300D80A9C0A690ACAF580070C011C08E100E10E74032206DCBAE0FDA3
:2034D400C2099BF70500010EA000C2F2C1F100ED1C301D381B4080FF16010AE81DEE1400D1
:2034F400BD0F0300D80A9C0A690ABAF5F5659B0F0500610AFA1D1C08E100E10E7403220621
:20351400DCBAE0FDC2099BF70500010EA000C2F2C1F100ED1C301D381B4080FFD2000AE881
:203534001DEE1400BD0F0300D80A9C0A690ABAF5D5451CF0FE00FEF67403C4F19E074909A4
:203554003A00E009EA1D1C08E100E10E74032206DCBAE0FDC2099BF70500010EA000C2F262
:20357400C1F100ED1C301D381B4080FF82000AE848EABD0F0300D80A9C0A690ACAF5E51DEC
:203594001C08E100E10E74032206DCBAE0FDC2099BF70500010EA000C2F2C1F100ED1C3061
:2035B4001D381B4080FF48000AE81DEE1400BD0F0300D80A9C0A690ABAF51C08E100E10E02
:2035D4007403C409810789093F00620AEA0D9B0F05001CF0C2F2C5F19E07C9F2FDFF011243
:2035F400440AE117C208050D4006FF308007E13006D807E008D03A0F0100E009C205620A85
:20361400E215952D1BF0FE00FEF67403C4F19E0709093A00E009EA051C30BFFF9EFB0AE856
:20363400D5051C30BFFFC2FB0AE8A51D1BF0FE00FEF67403C4F19E0749093A00E009EA05EF
:203654001C30BFFF76FB0AE8D5051C30BFFF9AFB0AE8E5051C30BFFF90FB0AE800001D50A0
:203674004006FF300698070808F00095C192028DC28A1191048DC48A1191068DC58A1191B2
:20369400088DD08A111012111390C292C5919207C992FDFF721791001390F200F2967403F8
:2036B400048DC49192070F893A001390F200F2967403068DC49192074F893A0021970500C1
:2036D400218F0100C1921191218F0900C28A1191218F0D00C38A1191218F1100C48A11912C
:2036F400218F1500C58A1191310600222200121011111390C292C5919207C992FDFF72177B
:2037140001037F0006108407899F43000208C40AD30921F70D000208F80F42028407C99FE5
:203734004300D309210F1500610ACA1D000AF51502950198C29AD299938F03000298C29A99
:20375400C5999307C992FDFF329F61030182F187C0001099729F6103410A81006998F3092F
:2037740081ED0298F89F42028407C9974300D299339F1100619AEA1D000A951D0085019002
:20379400C292D091929F030013960100017AF27FC0000290C292C5919207C982FDFF3097F3
:2037B40051030F9170975103410A81006890F209E1E57F008007E1F306C000D21830203E09
:2037D400B00080FF5C140AD8E0D9E22D00EA852D64EAC90500CA1DE0D50501CA1DE6FCFF6A
:2037F4009C0018301C38194080FFC2010AB061B28A1518301C38194080FF36000AB8E0B971
:20381400E2051B30173880FF7E01F50501D2D50D1B30003A80FF700148DA41EA9D001D06E4
:20383400EAFFF9D5A50501D21A504006FFF38007E1F006D007C8990008C0840789174300D2
:203854001AF0C4F2C2F106DDE0C1AA3D00EAB50D3B1701001DF0C2F2C2F16208E1C9AA0540
:20387400E50541EA9B0F0900E1E9B1F51A303B1701001DF0C2F2C2F17038413AC33A80FF4C
:20389400A0130AE01A08E100E10E74032206DCBAE0FD19F0C2F2C209010E9000C1F101E5B4
:2038B4001A08E100E10E74032206DCBAE0FD19F0C2F2C209010E8000C1F101E5956500EA5D
:2038D400B50D3B1705001DF0C2F2C2F16208E1C9AA05E50541EABB0F0900E1E9B1F561CA01
:2038F400B1059225E52D3B0F1500610AFA0D1A303B1705001DF0C2F2C2F17038413AF43FF9
:20391400420280FF1C130AE0D50D1A303B1705001DF0C2F2C2F17038413AC33A80FF02130C
:203934000AE0E52D1A303B1705001DF0C2F2C2F17038413AF43F420280FFE6120AE08525BD
:203954003B0F1900610AFA0D1A303B1705001DF0C2F2C2F17038413AF43F420280FFC2127C
:203974000AE0D50D1A303B1705001DF0C2F2C2F17038413AC33A80FFA8120AE000001C50A3
:203994004006FFF006F00710E0F1F20D6308C10EF000830B000DE00FB070010D031563089C
:2039B400099AF30FD870830B7F0006900798930008888407891743001208C40AC20921F768
:2039D4000D00000A0012E089BA15007D0180C282CF8190870300F099BA050112B505410A66
:2039F4008100E011EA156880F00981F5A515027D0180C282CF8190870300F099BA05011228
:203A1400B505410A8100E011CA056980F00981F502507F008207E13006E01C08E100E10EAF
:203A34007403C409810789093F00620ACA6D1CF0C2F2C5F19E07C912FDFF220F0105209E4B
:203A54009FFF5309620F0105630701000032233E0000BDFF88E02337010080FFAC010AD856
:203A74001CF0C2F2C5F19E07C9EAFDFF3DEF0503DDEE0F00E0E9D205800EB6F6E1D9C3ED16
:203A9400630701000032233E0000BDFF50E02337010080FF74010AD81CF0C2F2C5F19E07DC
:203AB400C9F2FDFF06ED400E1F0041E9E0E9D205800EB6F6E1D9C3ED1CF0C2F2C5F19E0752
:203AD400C9F2FDFF000D810E0001010D630701000032233E0000BDFF04E02337010080FFF8
:203AF40028010AD81CF0C2F2C5F19E07C9F2FDFF06EDDDEE00011D0600FFD205800EB6F6E3
:203B1400E1D9C3ED1C30013ABFFF9CF70AD01C08E100E10E7403C409810789093F00610A79
:203B3400D2651CF0C2F2C5F19E07C9F2FDFF00ED1C0A41E91CF0C2F2C5F19E07C9F2FDFF59
:203B54009D0E0200010D1CF0C2F2C5F19E07C9F2FDFF000D2016FFFE4209010D63070100C0
:203B74000032233E0000BDFF74DF2337010080FF98000AD81CF0C2F2C5F19E07C9F2FDFF69
:203B940006ED400E100041E9E0E9D205800EB6F6E1D9C3ED1CF0C2F2C5F19E07C9F2FDFF80
:203BB400000D810E0001010D630701000032233E0000BDFF28DF2337010080FF4C000AD87D
:203BD4001CF0C2F2C5F19E07C9F2FDFF06EDDDEE00011D0600FFD205800EB6F6E1D9C3EDA3
:203BF4001C30013ABFFFC0F60AD01CF0C2F2C5F19E07C9F2FDFF000D2016FFFE4209010D71
:203C14001A504206FF308207610006E8630701000032233E0000BDFFC4DE230F0100FD0942
:203C3400E305231701000208BD09F505230F01002016E803BD11C209015042067F00581A0C
:203C540006100798009233F7010060086188D80AD08A11096288C88A110963881109630F6A
:203C7400010033F7010064086588E18FB0F81108630F0500000002F0FE00FEF67403C4F1F3
:203C9400BE07450B3800610AE225238F01008507C909FDFF2387050031098507098AFDFF40
:203CB40030891109821D02F0FE00FEF674033006DCBAE0FDD0F1000D02F0FE00FEF6740351
:203CD400238F0100D0F1238705003109028D30891109BA050192953502F0FE00FEF674039A
:203CF400C4F19E07898B3800000AD5250182E187C0005181A21D02F0C5F2237F0100C1F1CC
:203D1400C3F22E06B4B6E0FDCEF1008502F0C5F2C1F1C3F2CEF1237705002F81027D2E79D7
:203D34000F81BA050192950D0182E187C00030805089410AE089BADD1250481A7F008007A2
:203D5400E1F106D08407891743001AF0C4F2C2F106C500E21AF0C2F2C5F19E07C9EAFDFF51
:203D74003DEF65032106FFFF030041E99525381705001CF0C2F2C2F162C8F9EF8208810AA1
:203D9400F90D1A301938BFFF60F60AB800DAE5051A301938BFFFACEB41DAF7D9A1FDB80F94
:203DB40009005F0AE1E1B90541E2A50500EAE0E9FADD4006FFF18207E13006E81D08E100E2
:203DD400E10E74030412C40981078F113F001DF0C2F2C5F19E07C9F2FDFF00E5DCE60300A2
:203DF40062E2FA251DF0C2F2C5F19E07C9F2FDFF000D810E0001010D630701000032233ED0
:203E14000000BDFFD8DC23370100BFFFFCFD0AD01DF0C2F2C5F19E07C9F2FDFF06E5DCE6B2
:203E340000011C0600FFD205800EB6F6E1D1C3ED1D30BFFF44E81DF0FE00FEF67403C4F177
:203E54009E074F0438001DF0FE00FEF67403C4F19E078F0438001DF0FE00FEF67403C4F158
:203E74009E07CF0438001DF0FE00FEF67403C4F19E07CF0538001DF0FE00FEF67403C4F177
:203E94009E070F0638001DF0FE00FEF67403C4F19E074F0638001DF0FE00FEF67403C4F194
:203EB4009E078F0638001DF0FE00FEF67403C4F19E07CF0638001DF0FE00FEF67403C4F174
:203ED4009E070F0738001DF0FE00FEF67403C4F19E074F0738001DF0FE00FEF67403C4F152
:203EF4009E078F0738001DF0FE00FEF67403C4F19E07CF0738001DF0FE00FEF67403C4F132
:203F14009E070F0039001D30003ABFFF9AF31D30013ABFFF92F30AD8E0D9CA7D1DF0C2F260
:203F3400C5F19E07C90AFDFF1DF0FE00FEF67403C4F19E07C91238006117C9051DF0C2F259
:203F5400C5F19E07C90AFDFF1DF0FE00FEF67403C4F19E07891238006117C1051DF0C2F281
:203F7400C5F19E07C90AFDFF2016F205611709051DF0C2F2C5F19E07C90AFDFF61071905DF
:203F94001DF0F8F742028407C9174300C2F1060D610A9A151D08F80F42028407C917430021
:203FB4001DF0C2F2C5F19E07C9F2FDFFC209210F0100470D1D30BFFF64F21DF0F8F7420229
:203FD4008407C9174300C2F1080D610AB20D1DF0F8F742028407C9174300C2F10A0D610A0A
:203FF4009A0D1DF0C2F2C5F19E07090BFDFFC1BF00001DF0C2F2C5F19E07090BFDFFC1BFAE
:2040140002001DF0C2F2C5F19E0709F3FDFF71081F001B504206FF308007E13006E01C3032
:20403400BFFFF4F90AD8E0D9FA3500EAE50D1C301D3880FF6C0D0AD0E0D1D2051C301D387F
:2040540080FF0E0A41EADD001D06E0FF99F500EA95151C08E100E10E74032206DCBAE0FD83
:204074001DF0C2F2C209010E7000C1F1010541EADD0064EAF1ED1CF0FE00FEF67403C4F10B
:204094009E07090B3800E00982151C30033ABFFF16F20AD8A50D1CF0FE00FEF67403010A38
:2040B400C4F19E070F0B38001B504006FF308007E1F006E88407891743001DF0C4F2C2F136
:2040D40006CD1D30013ABFFFDEF10AE0E0E1DA051D3080FF92060AE0E0E1FA551D30BFFFF1
:2040F40036EC00D2391705001AF0C2F2C2F162C01D301838C43A2106E4B7E0FDC139BFFFDE
:2041140018F341D2B90F0900E1D1D1ED20DE62001DF0C2F2C5F19E07C90AFDFF1DF0FE00D6
:20413400FEF67403C4F19E07C91238006117C9051DF0C2F2C5F19E07C90AFDFF1DF0FE0057
:20415400FEF67403C4F19E07891238006117C1051DF0FE00FEF67403C4F1BE07450B3800FD
:20417400610ACA059BDE0100B5051E0A41D91DF0C2F2C5F19E07C90AFDFF61DF01051D30FD
:20419400023ABFFF22F10AE01C504006FFF08007E1F006E007C808D809C09800BDFFD0DABF
:2041B4001C30193880FFFA0B0AE8BDFFC8DA1B0E0E007D0F15005DC721001C301D38BFFFFE
:2041D40038E60AD01A504006FFF08407E1F106E01CF0C2F233062C8D7F00D3F1000D1CF0E3
:2041F400C2F2D3F100152217550322106117550300D28007C2011C08E100E10E74032206DC
:20421400DCBAE0FD1AF0C2F2C209010E7000C1F100C51C08E100E10E74032206DCBAE0FD92
:204234001AF0C2F2C209010E8000C1F100ED00CA80077C01BD0F0300D80A9C0A6C0AB20561
:20425400800772013D0F0100C80A940AC1BEFF031CF0C5F2D7F1C3F2C4F19E0789DA3600DF
:204274001CF0FE00FEF674032206DCBAE0FDC2F1280D3B171500C209290D3BF7110060081F
:204294006110D80AD01202096210C812020963100209630F01003BF7110064086510E11766
:2042B400B0F80208630F05000000231701008507C909FDFF239F0500220985070912FDFF97
:2042D40033110209D205230F0100990AD90D1CF0FE00FEF674032206DCBAE0FDC2F12A0DEE
:2042F400410A2B0DC50D1CF0FE00FEF674032206DCBAE0FDC2F12C0D410A2D0DBB0F2100E9
:20431400610A8A0D1C3086003B3F0D000042BDFFAED6BDFF5AD91C303B3F0D0080FF320732
:20433400BD0F0300C10EF0005D0F03003D0F0100E00FB8787D0F0100FD0F0100C10E00F0A7
:204354007D0F00007D0705001C08E100E10E74032206DCBAE0FD1AF0C2F2C209010E700026
:20437400C1F1000D5F0A010DBDFF0AD948EAB5053DEF0500BD0F030001108200D80A9C0A4D
:20439400690AF2F58200D8129C126812A2F51C08E100E10E74032206DCBAE0FD1AF0C2F2C0
:2043B400C209010E8000C1F101ED41CAF8C9F10787FE41D264D2F10741FE4406FFF1800765
:2043D400E10006E81DF0C2F2C5F19E07C90AFDFF210F2105830AC1E601001DF0C2F2C5F10D
:2043F4009E07C90AFDFF0112611721051F002036640080FFEE031DF0C2F2C5F19E07C90A4C
:20441400FDFF610721051F002036640080FFD4031C504006FF008007E11006E007D81B08BE
:20443400C20A81EE02001CF0C2F2C5F19E07C90AFDFF61EF21051F002036640080FFA403CC
:204454001CF0C2F2C5F19E07C90AFDFF9D160100611721051F002036640080FF86031CF01F
:20447400C2F2C5F19E07C90AFDFF61EF21051F0020365A0080FF6C034006FF10060807F0BD
:204494000110C212C5118207C912FDFF2217490701150110C212C5118207C912FDFF2217FA
:2044B400410703150110C212C5118207C912FDFF2217510705150110C212C5118207C912A3
:2044D400FDFF2217590707150110C212C5118207C912FDFF2217610709151F120B151F12BB
:2044F4000D151F120F151F1211151F1213151F1215151F1217151F1219151F121B151F12D8
:204514001D151F121F151F1221151F1223157F00060807F01F1201151F1211151F121315A5
:204534001F1215150110E200E2167403C4118207C914380003150110E200E2167403C411E8
:2045540082078914380005150110E200E2167403C41182074914380007150110E200E21673
:204574007403C4118207C915380017150110E200E2167403C41182070916380019150110BA
:20459400E200E2167403C4118207491638001B150110E200E2167403C411820789163800FA
:2045B4001D150110E200E2167403C4118207C91638001F150110E200E2167403C4118207EA
:2045D4000917380021150110E200E2167403C41182074917380023150110C212C511820765
:2045F400C912FDFF2217790709150110C212C5118207C912FDFF221741070B150110C21258
:20461400C5118207C99AFDFF0A15339F6107D3110B150110C212C5118207C912FDFF221717
:2046340051070D150110C212C5118207C912FDFF221759070F157F00060807F00110E2009D
:20465400E2167403C41182078917380001150110E200E2167403C4118207C917380003159B
:204674000110E200E2167403C41182070910390005157F00060807F000001F1201151F12FE
:2046940003151F1205151F1207151F120B151F120D157F008007610000EA95651DF0C2F2A6
:2046B400C5F19E07C90AFDFF210F4907E009A30D1DF0C1F2C4F1BE07E73101FF033ABFFF56
:2046D40068D71DF0C2F2C5F19E07C90AFDFF210F4107E009A30D1DF0C1F2C4F1BE07073218
:2046F40001FF033ABFFF42D71DF0C2F2C5F19E07C90AFDFF210F5107E009A30D1DF0C1F2C6
:20471400C4F1BE07273201FF033ABFFF1CD71DF0C2F2C5F19E07C90AFDFF210F5907E00960
:20473400A30D1DF0C1F2C4F1BE07473201FF033ABFFFF6D61DF0C2F2C5F19E07C90AFDFF50
:20475400210F6107E009A30D1DF0C1F2C4F1BE07673201FF033ABFFFD0D641EA61EAF19D9C
:2047740040067F008007E10006E81D301D08C20A3E068020E0FDC1F1003D3E06042584002B
:20479400C1F1004580FF3A041DE0FC00FCE674031D30C4E180FFC2059C074F5139001D30FE
:2047B400BFFF14F00AE0E0E1DA051D30BFFF6CE40AE0E0E1BA151D3080FFB2051D08E1003B
:2047D400E10E74031DF0C2F2C5F19E07C9F2FDFFC409810749093900030D1C504006FF00EB
:2047F40006981308F00F72023006D34D6210E187228A868A11160100000AA505410AE2097B
:20481400E1FD7F008007E11006E01CF0C2F2C4F19E07CF022A001CF0FE00FEF61C00C4F1E5
:204834009E070F032A001CF0FE00FEF61C00C4F19E074F032A001CF0FE00FEF61C00C4F1C4
:204854009E078F032A001CF0FE00FEF61C00C4F19E07CF032A001CF0FE00FEF61C00C4F1A4
:204874009E070F042A001CF0FE00FEF61C00C4F1BE074D042A001CF0FE00FEF61C00010A0E
:20489400C4F19E078F0C2A001CF0FE00FEF67403C4F19E070F04380000EA85151C08C50A54
:2048B400DD09C30A2206DCB9E0FD02D8C1D97B0701005B07040041EADD001D06E0FFF9ED4A
:2048D40000EAD51D1C08E100E10E74032206DCBAE0FD1DF0C2F2C209010E7000C1F101051F
:2048F4001C30C232DD31E600E6360C002106B4B7E0FDC131BFFF68D641EADD0064EAB1E5FF
:204914004006FF1006087F008207E1FF06D88700433F030008A809A023C73100F80F0100D2
:20493400610AC905010A780F0000F8CF010019061FFAC90DF80F01002016E0059909820972
:20495400780F000003D28007020100BABDFF20D31B30C232D731E600E6360C002106B4B70D
:20497400E0FDC131BFFF4ED90AB01606E0FFA16D1B30193E320080FFA8020AE8E0E982650D
:204994001BF0FE00FEF67403C4F19E0709E43800D5051C0E0100C1E61F001BF0C5F2DCF1B6
:2049B400C3F2C4F1BE07C50A3600E009BAF51BF0FE00FEF674031C0E0100C10E1F00C4F1D5
:2049D4009E070F0C38007DE70D001BF0C5F2DCF1C3F2C4F19E078FEA36001BF0C5F2DCF17E
:2049F400C3F2C4F1010A9E07CD0A36001D0E24007D0F11003D0F11004C0A7D0F19007D07B4
:204A140015007DBF1D005D0720005D0721003D0F0D00750F01003D0F11004E0A740F0100F4
:204A340000D21B30C232D731E600E6360C002106B4B7E0FD1D38C131BFFF32D5C50502D222
:204A5400A50502D2BDFF2ED21A504206FFFF8207E10006E807E01DF0C5F2DCF1C3F2C4F11E
:204A74009E07890A3600630F010023F701000E351D10C212C231E600E6360C002106B4B74F
:204A9400E0FD233E0000C131BFFF4AD71D301DF0C5F2DCF1C3F2C4F19E07893A360080FF8E
:204AB40008021DF0C5F2DCF1C3F2C4F19E078F0236001DF0C5F2DCF1C3F2C4F19E07CD0202
:204AD40036004206FF008007E1F006E807C808D009E023C71D00BDFF96D11D30193880FF28
:204AF400C0020AD8BDFF8ED13BF711009C0F0100800BBC0F0100810B9C0F0300820BBC0F0B
:204B14000300830B9C0F0500840BBC0F0500850B000046F21D08E100E10E7403C409810758
:204B3400890A3800980A800B1D08E100E10E7403C4098107890A3800900A810B1D08E100B1
:204B5400E10E7403C4098107890A3800880A820B1D08E100E10E7403C4098107890A380010
:204B7400830B1D08E100E10E7403C4098107C90A3800880A840B1D08E100E10E7403C4096D
:204B94008107C90A3800850B00003BF719001A08880A800B41F280D34006FFF006100798E4
:204BB40002F0C5F2D3F1C3F2C4F1BE07C50A3600610ABA05000AA505010A01507F00060879
:204BD4000710089801F0C2F2C4F19E070F1044000190C2923E06B4C0E0FDD2F100F5C49121
:204BF40092070990440001950190C2923E06B4C0E0FDD2F100F5C491920709904400039500
:204C140001F0C2F2C4F19E0709F04400059D01F0C2F2C4F19E0709F044008C037F000690C2
:204C34000788110E13001C9A01105311009A1208C20AC409810709F044006C08E0099A2D3E
:204C5400040DE209E125040DA2090106EFFFC91D0208DE090485A2816187090041070C00C5
:204C74000085700F0500008561870100010D61F70500051501828C831280C282C4819007E0
:204C94000F084400B505010A8C0B1E9E1000A50D00F51208C20AC409810709084400E1F174
:204CB400DACD13507F0006080710E011C25502F6F0FF0035869F0D00E099CA25E6F1A225D6
:204CD400009DF3F1F91D0198C29A0095C499930709984400F391FA050198C29AC499930754
:204CF4000FF044000095049D32970900D299059D009D339F010073F70500009D339F0100F9
:204D1400019D0235869F0D00E099CA25E6F1A225029DF3F1F31D0198C29AC4999307099852
:204D34004400F3F18A0D02950198C29AC49993070F9044000295048D329F0900D199729FBD
:204D54000900009D029573970500029D0095739701008C037F00060801F0C2F2C4F19E0799
:204D740009104400025610007F0006080110C2123E06B4C0E0FDC2F100F5C4118207091034
:204D9400440001150110C2123E06B4C0E0FDC2F100F5C41182070910440003157F00060823
:204DB400071001F0C5F2C2F1C3F2C4F19E07895236007F00231EFCFF63FF0100E147601196
:204DD400E6476099231EFCFF63F70100E1374000E03F4000F1474000F04F4000E6574000D7
:204DF400E75F4000E6476059850709F3FDFF7008C10E8010010600F0CA1D8507C90AFDFF9F
:204E1400210F6503840AF2058407C9F743000A0D610AF20D8507C90AFDFF210F5503C106A8
:204E3400E1FFE20D8407C9F74300080D610A8A0DA407E73201FF013ABFFFEECFB51584071B
:204E5400C9F74300080D610ACA050032BFFF7EF38407C9F743000A0D610ACA050032BFFFBC
:204E7400E0EEE6676059EB3F2000EA372000E9872000E88F2000E0076001E7072000E60F4D
:204E9400200023F70100231E0400E6676099E167601123FF0100231E0400E0074801231EA6
:204EB400FCFF63FF0100E1476011E6476099FD4760F1E1374000E03F4000F1474000F04FBE
:204ED4004000E6574000E75F4000E6476059850709F3FDFF7108C10E8010010600F08A0DAB
:204EF4008507C90AFDFF210F5D03830A810DA407E73201FF013ABFFF30CFB5258507C9F2BB
:204F1400FDFF44EDDDEE000F1D0600FDFA05A407073301FF013ABFFF10CF8507C9EAFDFF5F
:204F34003DEF5D038507C90AFDFFDD9E04003398619F5D038507C90AFDFF210F5D031F00C2
:204F5400E6676059EB3F2000EA372000E9872000E88F2000E0076001E7072000E60F20001A
:204F7400FD6760F1E6676099E167601123FF0100231E0400E0074801231EFCFF63FF010032
:204F9400E1476011E6476099231EFCFF63F70100E1374000E03F4000F1474000F04F4000F9
:204FB400E6574000E75F4000E6476059850709F3FDFF7208C10E8010010600F08A0D85077D
:204FD400C90AFDFF210F7D03890AF105A407E73201FF013ABFFF52CEE6676059EB3F200088
:204FF400EA372000E9872000E88F2000E0076001E7072000E60F200023F70100231E04006A
:20501400E6676099E167601123FF0100231E0400E00748018820E0FD00000000C09200000E
:2050340048B3E0FD000000000000000048B3E0FD000000000000000048B3E0FD00000000D4
:20505400440000000000E0FD80558200B11E0000B11EE0FD3174820000000000B41EE0FD73
:205074003474820000000000B41EE0FD347482008800000080C1E0FDBC74820000000000C1
:20509400B41EE0FDBC748200000000003C1FE0FDBC748200110000004D1FE0FDCD74820094
:2050B40002000000501FE0FDD074820016000000681FE0FDE874820000000000681FE0FD0C
:2050D400E8748200180100008420E0FD00768200000000008420E0FD0076820000000000D3
:2050F4008420E0FD00768200000000008420E0FD00768200000000008420E0FD0076820031
:20511400000000008420E0FD00768200000000008420E0FD00768200000000008420E0FD08
:2051340000768200000000008420E0FD00768200000000008420E0FD007682000000000071
:205154008420E0FD00768200000000008420E0FD00768200000000008420E0FD00768200D0
:20517400000000008420E0FD00768200000000008420E0FD00768200000000008420E0FDA8
:2051940000768200000000008420E0FD00768200000000008420E0FD007682000000000011
:2051B4008420E0FD00768200000000008420E0FD00768200000000008420E0FD0076820070
:2051D400000000008420E0FD00768200000000008420E0FD00768200000000008420E0FD48
:2051F40000768200000000008420E0FD00768200000000008420E0FD0076820000000000B1
:205214008420E0FD00768200000000008420E0FD00768200000000008420E0FD007682000F
:20523400000000008420E0FD00768200000000008420E0FD00768200000000008420E0FDE7
:2052540000768200000000008420E0FD00768200000000008420E0FD007682000000000050
:205274008420E0FD00768200000000008420E0FD00768200000000008420E0FD00768200AF
:20529400000000008420E0FD00768200000000008420E0FD00768200000000008420E0FD87
:2052B40000768200000000008020E0FD00768200040000008420E0FD0476820000000000EC
:2052D4008420E0FD04768200000000008420E0FD04768200000000008420E0FD0476820043
:2052F400000000008420E0FD04768200000000008420E0FD04768200000000008420E0FD1F
:2053140004768200000000008420E0FD04768200000000008420E0FD047682000000000083
:205334008420E0FD04768200000000008420E0FD04768200000000008420E0FD04768200E2
:20535400000000008420E0FD04768200000000008420E0FD04768200000000008420E0FDBE
:2053740004768200000000008420E0FD04768200000000008420E0FD047682000000000023
:205394008420E0FD04768200000000008420E0FD04768200000000008420E0FD0476820082
:2053B400000000008420E0FD04768200000000008420E0FD04768200000000008420E0FD5E
:2053D40004768200000000008420E0FD04768200000000008420E0FD0476820000000000C3
:2053F4008420E0FD04768200000000008420E0FD04768200000000008420E0FD0476820022
:20541400000000008420E0FD04768200000000008420E0FD04768200000000008420E0FDFD
:2054340004768200000000008420E0FD04768200000000008420E0FD047682000000000062
:205454008420E0FD04768200000000008420E0FD04768200000000008420E0FD04768200C1
:20547400000000008420E0FD04768200000000008420E0FD04768200000000008420E0FD9D
:2054940004768200000000008420E0FD04768200000000008420E0FD047682000000000002
:2054B4008420E0FD04768200000000008420E0FD04768200000000008420E0FD0476820061
:2054D400000000008420E0FD047682000000000058C1E0FD047682000000000058C1E0FD53
:2054F400047682000000000058C1E0FD047682000000000058C1E0FD0476820000000000B8
:2055140058C1E0FD047682000000000058C1E0FD047682000000000058C1E0FD04768200A1
:205534000000000058C1E0FD047682000000000058C1E0FD0476820000000000002882FECB
:20555400207682000090010000B883FE200684000000000038F0E0FD782584005C00000029
:06557400000000007F00B2
:2055800000000000000000000000000000000000000000000000000000000000000000000B
:2055A0000000000000000000000000000000000000000000000000000000000000000000EB
:2055C0000000000000000000000080FE0100020103000000000000000000000000AA550047
:2055E0000000000000000000000000000000000000010203B3107F00BC107F00E50F7F00A5
:20560000C5107F00010203040506070800020103000000000000000000000000FFFF00010D
:20562000020304FFFFFF05FFFFFFFFFFFF06FFFF070809FF0A00000000000000DB207F00C6
:205640000000000001000000EC207F000000000002000000FD207F0001000000030000001C
:205660000E217F0000000000040000001F217F00000000000500000030217F0001000000E3
:205680000600000041217F00010000000700000052217F00000000000800000063217F001E
:2056A000010000000900000074217F00010000000A00000085217F00010000000B00000090
:2056C00096217F00000000000C000000A7217F00000000000D000000B8217F0000000000DC
:2056E0000E000000C9217F00000000000F000000DA217F000100000010000000EB217F000E
:205700000100000011000000FC217F0001000000120000000D227F00010000001300000006
:205720001E227F0001000000140000002F227F0000000000200684007D1F7F002406840052
:20574000871F7F0028068400911F7F002C0684009B1F7F0030068400A51F7F003406840099
:20576000AF1F7F0038068400B91F7F003C068400C31F7F0040068400CD1F7F004406840099
:20578000D71F7F0048068400E11F7F00112233445566749050000000749050000001BBBBBF
:2057A000BBBBBBBBBBBBBBBBBBBBBBBBBBBBBBBBBBBBBBBBBBBBBBBBBBBBBBBBBBBBBBBB89
:2057C000BBBBBBBBBBBBBBBBBBBBBBBBBBBBBBBBBBBBBBBBBBBBBBBBBBBBBBBBCCCCCCCC25
:2057E000CCCCCCCCCCCCCCCCCCCCCCCCCCCCCCCCCCCCCCCCCCCCCCCCCCCCCCCCCCCCCCCC29
:20580000CCCCCCCCCCCCCCCCCCCCCCCCCCCCCCCCCCCCCCCCCCCCCCCCCCCC7E0000341122EB
:20582000334455FF0000DDDDDDDDDDDDDDDDDDDDDDDDDDDDDDDDDDDDDDDDDDDDDDDDDDDD2B
:20584000DDDDDDDDDDDDDDDDDDDDDDDDDDDDDDDDDDDDDDDDDDDDDDDD7E0000341122334434
:2058600055000000EEEEEEEEEEEEEEEEEEEEEEEEEEEEEEEEEEEEEEEEEEEEEEEEEEEEEEEECB
:20588000EEEEEEEEEEEEEEEEEEEEEEEEEEEEEEEEEEEEEEEEEEEEFFFFFFFFFFFFFFFFFFFF9E
:2058A000FFFFFFFFFFFFFFFFFFFFFFFFFFFFFFFFFFFFFFFFFFFFFFFFFFFFFFFFFFFFFFFF08
:2058C000FFFFFFFFFFFFFFFFFFFFFFFFFFFFFFFFFFFFFFFF7E0000341122334455AA000081
:2058E0000000000000000000000000000000000000000000000000000000000000000000A8
:20590000000000000000000000000000000000000000000003000000030000000000000081
:205920000000000000000000C6437F0001000000D5437F0003000000E4437F00020000009C
:20594000F3437F00494D7F00544D7F0000000000DD4C7F0041497F00144D7F00354B7F00CD
:205960006B4B7F0079497F000102030405060708FFFFFFFFFFFFFFFF85707F009A707F0098
:205980003C687F004B687F005C687F0075687F0070577F0080597F0088687F0095687F008A
:2059A00080577F00BC5F7F00A4687F0090577F00B3687F008C597F00A0597F00B4597F0004
:2059C000C4687F00D9687F00EC687F00FF687F0012697F0025697F0038697F004B697F0049
:2059E0005E697F0077697F008C697F009B697F00AA697F00BB697F00D0597F00EC597F006A
:205A0000085A7F00245A7F00405A7F005C5A7F00785A7F00945A7F00B05A7F00CC5A7F006E
:205A2000E85A7F00045B7F00205B7F003C5B7F00585B7F00745B7F00CC697F00E9697F00B2
:205A4000066A7F00A0577F00905B7F00236A7F00CE5F7F00B8577F00426A7F00536A7F00CA
:205A6000666A7F00D0577F00E85F7F00FE5F7F0014607F007F6A7F002A607F0040607F000C
:205A80005E607F0078607F0096607F00AC607F00BE607F00D0607F00E2607F00F4607F0092
:205AA000E8577F0000587F0006617F001C617F0032617F00946A7F0048617F005E617F007A
:205AC000AF6A7F00C86A7F0074617F00DF6A7F00F86A7F00116B7F002C6B7F00456B7F0040
:205AE0005E6B7F00796B7F00926B7F00AB6B7F00C66B7F00E36B7F00FC6B7F00176C7F0085
:205B0000326C7F004D6C7F006A6C7F00896C7F00A86C7F00C76C7F0092617F00AC617F0024
:205B2000E66C7F00016D7F00A45B7F00C05B7F001C6D7F00376D7F00C6617F00E0617F00FE
:205B4000FA617F0014627F00DC5B7F00F85B7F002E627F0048627F00526D7F006F6D7F001D
:205B600062627F008C6D7F00145C7F00305C7F00A76D7F00BE6D7F00D56D7F00EC6D7F009A
:205B800080627F004C5C7F00036E7F00166E7F00296E7F003C6E7F004F6E7F00626E7F00C0
:205BA000756E7F00886E7F00A2627F00B4627F00C6627F00D8627F00EA627F00FC627F00EE
:205BC00018587F009B6E7F00B46E7F000E637F0030637F00D36E7F0052637F0030587F00B0
:205BE000F26E7F0074637F000D6F7F008E637F00AC637F0048587F0068587F00226F7F0009
:205C00003B6F7F00CA637F00685C7F007C5C7F00E0637F00FA637F00905C7F00B45C7F007D
:205C2000566F7F006B6F7F0014647F002E647F004C647F0088587F006E647F00C85C7F003D
:205C40008C647F00A6647F00E45C7F00005D7F00245D7F008C6F7F00A16F7F00C0647F0005
:205C6000DA647F00F8647F00A0587F001A657F00385D7F0038657F0052657F00545D7F0081
:205C8000705D7F00945D7F00C26F7F00D76F7F006C657F0086657F00A4657F00B8587F0002
:205CA000C6657F00A85D7F00E4657F00FE657F00C45D7F00E05D7F00045E7F00F86F7F00E9
:205CC0000D707F0018667F0032667F0050667F00D0587F0072667F00185E7F0090667F0017
:205CE000AA667F00345E7F00505E7F00745E7F002E707F0043707F00C4667F00DE667F00CB
:205D0000FC667F00E8587F001E677F00885E7F00A45E7F00C05E7F00E45E7F0064707F0048
:205D20003C677F0056677F0074677F0000597F0096677F00F85E7F00B4677F00145F7F00F6
:205D4000285F7F0018597F00FFFF10003400000000000000FFFF100033000000C807E0FD1E
:205D6000FFFF100032000000D407E0FDFFFF100031000000E007E0FDFFFF100030000000EA
:205D8000EC07E0FDFFFF10002F000000F807E0FDFFFF10002E0000000408E0FDFFFF1000E7
:205DA0002D0000001008E0FDFFFF10002C0000001C08E0FDFFFF10002B0000002808E0FD40
:205DC000FFFF1000290000003408E0FDFFFF10002A0000004008E0FDFFFF100028000000E0
:205DE0004C08E0FDFFFF1000260000005808E0FDFFFF1000250000006408E0FD1F00050061
:205E0000220000007008E0FDFF010900210000007C08E0FD7F000700200000008808E0FD6D
:205E2000010001001B0000009408E0FD7C00050019000000A008E0FDFF000800170000008F
:205E4000AC08E0FDFF3F0E0016000000B808E0FD3C00040015000000C408E0FDFF000800AD
:205E600014000000D008E0FD3F0006000E000000DC08E0FD0F0004000D000000E808E0FD58
:205E8000FF030A000C000000F408E0FDFF070B000B0000000009E0FDFF0109000A000000FC
:205EA0000C09E0FDFF070B00020000001809E0FDFF000800000000002409E0FD00000000CE
:205EC0000000030001000700130011001700230021002700330031003700430041004700AB
:205EE000530051005700630061006700730071007700830081008700930091009700A30038
:205F0000A100A700B300B100B700C300C100C700D300D100D700E300E100E700F300F100C9
:205F2000F70000009C7A7F0044797F0058797F006C797F00D97A7F00EC7A7F00BD827F0070
:205F4000397F7F00C8827F00D7827F00E6827F00497F7F00F1827F0000837F00A0827F00A6
:205F6000AB827F00B4827F000000000000000000EA7E7F00CC7E7F00D27E7F00D87E7F006C
:205F8000DE7E7F0091827F000101000101000100ED7E7F00F07E7F00F57E7F00FA7E7F00CF
:205FA000FF7E7F0041817F000202000202000200ED7E7F00047F7F000B7F7F00127F7F0095
:205FC000E47E7F0041817F000000000000000000000000000000000000000000000000009F
:205FE0000000000000000000000000000000000000000000000000000000000000000000A1
:20600000000000000000000000000000000000000000000000000000000000000000000080
:20602000000000000000000000000000000000000000000000000000000000000000000060
:20604000000000000000000000000000000000000000000000000000000000000000000040
:20606000000000000000000000000000000000000000000000000000000000000000000020
:20608000000000000000000000000000000000000000000000000000000000000000000000
:2060A0000000000000000000000000000000000000000000000000000000000000000000E0
:2060C0000000000000000000000000000000000000000000000000000000000000000000C0
:2060E0000000000000000000000000000000000000000000000000000000000000000000A0
:2061000000000000000000000000000000000000000000000000000000000000000000007F
:2061200000000000000000000000000000000000000000000000000000000000000000005F
:2061400000000000000000000000000000000000000000000000000000000000000000003F
:206160000000000000000000FF000000C008BFFFC009BFFF0000BFFF0001BFFF0002BFFFD6
:206180000003BFFF0004BFFF0005BFFF0006BFFF0007BFFF0008BFFF0009BFFF00000000A3
:2061A0000080D2FF00C0C7FF0082D2FF80C0C7FF0084D2FF00C1C7FF0000000000000000D3
:2061C0000000000000000000000000000000000000000000000000000000000000000000BF
:2061E00000000000000000000000000000000000000000000000000000000000000000009F
:2062000000000000000000000000000000000000781FE0FD00000000B41FE0FD000000005A
:2062200028318000C23C800032328000CC3D8000000000000000000000000000000000009A
:2062400000000000000000000000000000000000000000000000000000000000000000003E
:2062600000000000000000000000000000000000000000000000000000000100000000001D
:20628000000000000000F03F000000000000000000000000010000000808000000000000BE
:2062A000D898E0FD1008000000000000F098E0FD18080000000000001099E0FD2008000046
:2062C000000000003099E0FD28080000000000005099E0FD30080000000000007099E0FD04
:2062E00038080000000000009099E0FD4008000000000000B099E0FD48080000000000009A
:20630000D099E0FD5008000000000000F099E0FD5808000000000000109AE0FD600800002A
:2063200000000000309AE0FD68080000000000009099E0FD7008000000000000709AE0FDE1
:206340007808000000000000909AE0FD8008000000000000B09AE0FD880800000000000077
:20636000D09AE0FD9008000000000000F09AE0FD9808000000000000109BE0FD001000009F
:2063800000000000309BE0FD1810000000000000389BE0FD0810000000000000589BE0FD95
:2063A0001010000000000000889BE0FDA008000000000000A09BE0FDA8080000000000004D
:2063C000C09BE0FDB008000000000000D89BE0FDB808000000000000F89BE0FDC008000085
:2063E00000000000109CE0FDC808000000000000309CE0FDD008000000000000A09BE0FDAB
:20640000D808000000000000689CE0FD06000800140EE0FD9018E0FD01000800FC0DE0FD3A
:20642000F80CE0FD04000800080EE0FD1018E0FD0000030000000000000000000000F03F45
:20644000000000000000000000000000010000000400130000000000000000000000F03FF5
:20646000000000000000000000000000010000001400180000000000000000000000F03FC0
:206480000000000000000000000000000100000000000F00000000002D431CEBE2361A3F04
:2064A000000080BF000080BF0000A0400100000010001F00000000002D431CEBE2361A3F66
:2064C000000080BF000080BF0000A0400100000020002F00000000002D431CEBE2361A3F26
:2064E000000080BF000080BF0000A0400100000030003F00000000002D431CEBE2361A3FE6
:20650000000080BF000080BF0000A0400100000000000F00000000002D431CEBE2361A3F25
:20652000000080BF000080BF0000A0400100000010001F00000000002D431CEBE2361A3FE5
:20654000000080BF000080BF0000A0400100000020002F00000000002D431CEBE2361A3FA5
:20656000000080BF000080BF0000A0400100000030003F00000000002D431CEBE2361A3F65
:20658000000080BF000080BF0000A0400100000000000F00000000002D431CEBE2361A3FA5
:2065A000000080BF000080BF0000A0400100000010001F00000000002D431CEBE2361A3F65
:2065C000000080BF000080BF0000A0400100000020002F00000000002D431CEBE2361A3F25
:2065E000000080BF000080BF0000A0400100000030003F00000000002D431CEBE2361A3FE5
:20660000000080BF000080BF0000A0400100000000000F00000000002D431CEBE2361A3F24
:20662000000080BF000080BF0000A0400100000010001F00000000002D431CEBE2361A3FE4
:20664000000080BF000080BF0000A0400100000020002F00000000002D431CEBE2361A3FA4
:20666000000080BF000080BF0000A0400100000030003F00000000002D431CEBE2361A3F64
:20668000000080BF000080BF0000A0400100000000000F00000000002D431CEBE2361A3FA4
:2066A000000080BF000080BF0000A0400100000010001F00000000002D431CEBE2361A3F64
:2066C000000080BF000080BF0000A0400100000020002F00000000002D431CEBE2361A3F24
:2066E000000080BF000080BF0000A0400100000030003F00000000002D431CEBE2361A3FE4
:20670000000080BF000080BF0000A0400100000000000F00000000002D431CEBE2361A3F23
:20672000000080BF000080BF0000A0400100000010001F00000000002D431CEBE2361A3FE3
:20674000000080BF000080BF0000A0400100000020002F00000000002D431CEBE2361A3FA3
:20676000000080BF000080BF0000A0400100000030003F00000000002D431CEBE2361A3F63
:20678000000080BF000080BF0000A0400100000000000F00000000002D431CEBE2361A3FA3
:2067A000000080BF000080BF0000A0400100000010001F00000000002D431CEBE2361A3F63
:2067C000000080BF000080BF0000A0400100000020002F00000000002D431CEBE2361A3F23
:2067E000000080BF000080BF0000A0400100000030003F00000000002D431CEBE2361A3FE3
:20680000000080BF000080BF0000A0400100000000000F00000000002D431CEBE2361A3F22
:20682000000080BF000080BF0000A0400100000010001F00000000002D431CEBE2361A3FE2
:20684000000080BF000080BF0000A0400100000020002F00000000002D431CEBE2361A3FA2
:20686000000080BF000080BF0000A0400100000030003F00000000002D431CEBE2361A3F62
:20688000000080BF000080BF0000A0400100000000000F00000000002D431CEBE2361A3FA2
:2068A000000080BF000080BF0000A0400100000010001F00000000002D431CEBE2361A3F62
:2068C000000080BF000080BF0000A0400100000020002F00000000002D431CEBE2361A3F22
:2068E000000080BF000080BF0000A0400100000030003F00000000002D431CEBE2361A3FE2
:20690000000080BF000080BF0000A0400100000000000F00000000002D431CEBE2361A3F21
:20692000000080BF000080BF0000A0400100000010001F00000000002D431CEBE2361A3FE1
:20694000000080BF000080BF0000A0400100000020002F00000000002D431CEBE2361A3FA1
:20696000000080BF000080BF0000A0400100000030003F00000000002D431CEBE2361A3F61
:20698000000080BF000080BF0000A0400100000000000F00000000002D431CEBE2361A3FA1
:2069A000000080BF000080BF0000A0400100000010001F00000000002D431CEBE2361A3F61
:2069C000000080BF000080BF0000A0400100000020002F00000000002D431CEBE2361A3F21
:2069E000000080BF000080BF0000A0400100000030003F00000000002D431CEBE2361A3FE1
:206A0000000080BF000080BF0000A0400100000000000F00000000002D431CEBE2361A3F20
:206A2000000080BF000080BF0000A0400100000010001F00000000002D431CEBE2361A3FE0
:206A4000000080BF000080BF0000A0400100000020002F00000000002D431CEBE2361A3FA0
:206A6000000080BF000080BF0000A0400100000030003F00000000002D431CEBE2361A3F60
:206A8000000080BF000080BF0000A0400100000000000F00000000002D431CEBE2361A3FA0
:206AA000000080BF000080BF0000A0400100000010001F00000000002D431CEBE2361A3F60
:206AC000000080BF000080BF0000A0400100000020002F00000000002D431CEBE2361A3F20
:206AE000000080BF000080BF0000A0400100000030003F00000000002D431CEBE2361A3FE0
:206B0000000080BF000080BF0000A0400100000000000F00000000002D431CEBE2361A3F1F
:206B2000000080BF000080BF0000A0400100000010001F00000000002D431CEBE2361A3FDF
:206B4000000080BF000080BF0000A0400100000020002F00000000002D431CEBE2361A3F9F
:206B6000000080BF000080BF0000A0400100000030003F00000000002D431CEBE2361A3F5F
:206B8000000080BF000080BF0000A0400100000000000F00000000002D431CEBE2361A3F9F
:206BA000000080BF000080BF0000A0400100000010001F00000000002D431CEBE2361A3F5F
:206BC000000080BF000080BF0000A0400100000020002F00000000002D431CEBE2361A3F1F
:206BE000000080BF000080BF0000A0400100000030003F00000000002D431CEBE2361A3FDF
:206C0000000080BF000080BF0000A0400100000000000F00000000002D431CEBE2361A3F1E
:206C2000000080BF000080BF0000A0400100000010001F00000000002D431CEBE2361A3FDE
:206C4000000080BF000080BF0000A0400100000020002F00000000002D431CEBE2361A3F9E
:206C6000000080BF000080BF0000A0400100000030003F00000000002D431CEBE2361A3F5E
:206C8000000080BF000080BF0000A0400100000000000F0000000000000000000000F03F57
:206CA0000000000000000000000000000100000010001F0000000000000000000000F03F75
:206CC0000000000000000000000000000100000020002F0000000000000000000000F03F35
:206CE0000000000000000000000000000100000030003F0000000000000000000000F03FF5
:206D00000000000000000000000000000100000000000E00000000007B14AE47E17A843FC2
:206D20000000B4C20000000000000000010000000F001D00000000007B14AE47E17A843F0E
:206D40000000B4C20000000000000000010000001E002C00000000007B14AE47E17A843FD0
:206D60000000B4C20000000000000000010000002D003B00000000007B14AE47E17A843F92
:206D80000000B4C200000000000000000100000000000F0000000000000000000000F03F3E
:206DA0000000000000000000000000000100000010001F0000000000000000000000F03F74
:206DC0000000000000000000000000000100000020002F0000000000000000000000F03F34
:206DE0000000000000000000000000000100000030003F0000000000000000000000F03FF4
:206E0000000000000000000000000000010000000000030000000000000000000000F03F3F
:206E2000000000000000000000000000010000000400050000000000000000000000F03F19
:206E40000000000000000000000000000100000006000A0000000000000000000000F03FF2
:206E6000000000000000000000000000010000000B00120000000000000000000000F03FC5
:206E80000000000000000000000000000100000013001A0000000000000000000000F03F95
:206EA000000000000000000000000000010000001B002A0000000000000000000000F03F5D
:206EC000000000000000000000000000010000000000040000000000000000000000F03F7E
:206EE0000000000000000000000000000100000005000C0000000000000000000000F03F51
:206F0000000000000000000000000000010000000D001C0000000000000000000000F03F18
:206F20000000000000000000000000000100000000000F0000000000000000000000F03F12
:206F40000000000000000000000000000100000010001F0000000000000000000000F03FD2
:206F60000000000000000000000000000100000020002F0000000000000000000000F03F92
:206F80000000000000000000000000000100000030003F0000000000000000000000F03F52
:206FA0000000000000000000000000000100000000000F0000000000000000000000F03F92
:206FC0000000000000000000000000000100000010001F0000000000000000000000F03F52
:206FE0000000000000000000000000000100000020002F0000000000000000000000F03F12
:207000000000000000000000000000000100000000000F0000000000000000000000F03F31
:207020000000000000000000000000000100000010001F0000000000000000000000F03FF1
:207040000000000000000000000000000100000020002F0000000000000000000000F03FB1
:207060000000000000000000000000000100000030003F0000000000000000000000F03F71
:207080000000000000000000000000000100000000000F0000000000000000000000F03FB1
:2070A0000000000000000000000000000100000010001F0000000000000000000000F03F71
:2070C0000000000000000000000000000100000020002F0000000000000000000000F03F31
:2070E0000000000000000000000000000100000000000F0000000000000000000000F03F51
:207100000000000000000000000000000100000010001F0000000000000000000000F03F10
:207120000000000000000000000000000100000020002F0000000000000000000000F03FD0
:207140000000000000000000000000000100000030003F0000000000000000000000F03F90
:207160000000000000000000000000000100000000000F0000000000000000000000F03FD0
:207180000000000000000000000000000100000010001F0000000000000000000000F03F90
:2071A0000000000000000000000000000100000020002F0000000000000000000000F03F50
:2071C0000000000000000000000000000100000000000F0000000000000000000000F03F70
:2071E0000000000000000000000000000100000010001F0000000000000000000000F03F30
:207200000000000000000000000000000100000020002F0000000000000000000000F03FEF
:207220000000000000000000000000000100000030003F0000000000000000000000F03FAF
:207240000000000000000000000000000100000000000F0000000000000000000000F03FEF
:207260000000000000000000000000000100000010001F0000000000000000000000F03FAF
:207280000000000000000000000000000100000020002F0000000000000000000000F03F6F
:2072A0000000000000000000000000000100000003000800180DE0FDB00EE0FD0400080019
:2072C000240DE0FD100FE0FD04000800300DE0FD900FE0FD040008003C0DE0FD1010E0FDD3
:2072E00004000800480DE0FD9010E0FD04000800540DE0FD1011E0FD04000800600DE0FD35
:207300009011E0FD040008006C0DE0FD1012E0FD04000800780DE0FD9012E0FD0400080095
:20732000840DE0FD1013E0FD04000800900DE0FD9013E0FD040008009C0DE0FD1014E0FD46
:2073400004000800A80DE0FD9014E0FD04000800B40DE0FD1015E0FD04000800C00DE0FDAC
:207360009015E0FD04000800CC0DE0FD1016E0FD04000800D80DE0FD9016E0FD0400080069
:20738000E40DE0FD1017E0FD04000800F00DE0FD9017E0FD03000800200EE0FD5019E0FD55
:2073A000040008002C0EE0FDB019E0FD03000800380EE0FD301AE0FD04000800440EE0FD74
:2073C000901AE0FD03000800500EE0FD101BE0FD040008005C0EE0FD701BE0FD0300080012
:2073E000680EE0FDF01BE0FD04000800740EE0FD501CE0FD03000800800EE0FDD01CE0FD5F
:2074000000000000000000000000000000000000000000000000000000000000000000006C
:11742000E8030000010000002E000000000F00000131
:20743400000000007E03810000000000E60381000000000000000000C804810044048100B6
:207454000000000000000000000000003403810056058100D40581008E078100F607810096
:20747400B6088100EA088100020C81006A0D8100DC0C8100B4098100100A8100A40A81004E
:20749400560C8100340381002E0B8100B20B8100B41EE0FD00000000EC1EE0FD00000000AF
:1B74B400000000000000000000000000010000000000000000000000000000BC
:1674D000010000000300000000000200000000000000040000009C
:2074E800000000000000000000000000000000000AEC80003EEC800000000000ACEC80004C
:2075080016ED8000A4ED800028EE8000D4EE800030EF800078EF8000000000000000000071
:20752800000000000000000000000000C0EF80003EF08000B0F08000E8F0800054F1800029
:20754800DEF180007CF280002AF3800086F38000CEF3800012F58000C8F4800016F48000C2
:207568004AF4800064F480000A3181005A32810044338100C8338100883A810070398100C3
:2075880072388100563B8100303C810030348100C8358100F0368100223D8100D23D81003F
:2075A800643E810076318100CC408100D6418100C04281004643810056498100824881005B
:2075C80062478100244A8100FE4A8100AE4381003045810058468100F04B8100A04C810011
:1C75E800344D81003241810000000000F01FE0FD3020E0FD00000000002882FED0
:02000004008476
:20062000FFFF0000FC010201F0FF04021C000203FCFF0204FF7F00057F000006FF07000790
:20064000FF0000081F000009F03F040A8400D9FF020000000000FFFF02000000C400D9FF34
:200660000200000003FEFFFF030000000401D9FF020000000C00FFFF040000004401D9FF6C
:2006800002000000A3FFFFFF050000008401D9FF020000000200FFFF060000008402D9FFF0
:2006A000020000000080FFFF0A0000004404D9FF0200000080FFFFFF110000000405D9FF1F
:2006C000020000000088FFFF140000004405D9FF0200000000FFFFFF150000008405D9FFE8
:2006E00002000000E0FFFFFF160000000406D9FF020000000FC0FFFF18000000010000003B
:20070000040000000080000040000100010002002000020000040200002002000040020085
:20072000008002001000030040000300400004000008040000100400010005000200050070
:20074000010006000200060020000600000107000000000000000000080000000000000054
:200760000000000000000000800000000000000000000000000000000000000000000000F9
:20078000000000000000000000000000000000000000000000000000000000000000000059
:2007A000000000000000000000000000000000000000000000000000000000000000000039
:2007C000000000000000000000000000000000002801D90E4808840040C1E0FD3C0884008F
:2007E000E8078400F80784000000BFFF0001BFFF5010E8FF000200005072BFFF9072BFFFFD
:2008000002000100000000015010E8FF9010E8FF020002000050F9010072BFFF8072BFFFD8
:20082000010000000410E8FF8410E8FF020000000010E8FF8010E8FF010000C0030200000B
:20084000F007840030088400000000018E01F8FFAAA37F0000FF000000000000010000000E
:200860009001F8FFA8A37F0000FF00000000000000020201D802F8FFE0A37F0001FF00004F
:200880001808840001020201EA02F8FFE2A37F0001010000240884002881DE0E5C09840097
:2008A000E408840068B3E0FD48B3E0FDECBEE0FDFCBEE0FD3C09840000020000000000000F
:2008C0008C50BFFF000000009050BFFF00000000A060BFFF00000000B060BFFF0000000054
:2008E000B460BFFF0001000014098400000000001C0984000008000024098400010600001B
:200900002C098400010500003409840000000000BA0884000C52BFFF4C0203001052BFFF84
:20092000061001002062BFFF56C101013062BFFF440101013462BFFF4C0203014050BFFFBC
:200940004052BFFF20840200180014014060BFFF4062BFFF208402000031140100000000CA
:200960000C50BFFF0C01D9FF0603F8FF060008000008000101020101BC088400E4A37F000E
:200980001050BFFF0C01D9FF0803F8FF060010000010000301020101C4088400E6A37F00CC
:2009A0002060BFFF8C02D9FF3003F8FFFF0000010001000201020001CC088400000000000A
:2009C0003060BFFF8C02D9FF3803F8FF060000300020000101020101D40884000000000075
:2009E0003460BFFF8C02D9FF3A03F8FFFF0000300040000101020101DC088400E8A37F0024
:200A0000044AEDFF8C01D9FF7204F8FF060002000008000000000101000000002801DF0EA2
:200A2000A5000000380A84003E138400E2168400E0138400281784000000010000000100BE
:200A4000FF000F00FF000000010000000200FF005F00B3000000010000000400FF004F0022
:200A6000FF000000010000000800FF005F00EF000000010000001000FF005F00FF000000B3
:200A8000010000002000FF005B00FF000000010000004000FF00DF00E700000001000000D5
:200AA0008000F7001300E7000000010000000001BF001F00A7000000010000000002EF004C
:200AC0004F00AF000000010000000004FD004500BD000000010000000008EF004F00AB0022
:200AE0000000010000000010FF004F00BF000000010000000020FF005700AF0000000100B1
:200B000000000040FF004B00BF000000010000000080AB000B00A3000000010001000400AC
:200B2000FF007F00AF000000010001000800FF007F00B7000000010001001000FF007F00B9
:200B40009F000000010001002000FF007F009F000000010001004000BF0039009F000000DE
:200B6000010001008000FF007F009F000000010001000001DB004B009B000000010002000F
:200B80000100FF007F00BD000000010002000200FF007F00BF000000010002001000FF00C5
:200BA000FF00BF000000010002002000FF00FB00FF000000010002004000FF00FB00FF001F
:200BC0000000010002008000FF00FF00FD000000010002000001DF00D100DF000000010003
:200BE00002000002FF00F300CD000000010002000004FF00FD00C300000001000200000861
:200C0000FB00F900D3000000010002000010FF00FB00FF000000010002000020F7001700D0
:200C2000F7000000010002000040FF007900FF000000010002000080FF00DF00B9000000E9
:200C4000010003000400FF00FF00E7000000010003000800FF006B00FD0000000100030030
:200C60001000FF00FB00E7000000010003004000FF006F00B7000000010004000100EF0025
:200C8000CF00E1000000010004000400FF00DD00E7000000010004000800FF008500FF0048
:200CA0000000010004001000FF00DD00BF000000010004002000BF009300AF00000001005D
:200CC00004004000BF008900BF000000010004008000FF00DF00B9000000010004000001A7
:200CE000BF00AF009F000000010004000002FF007F008700000001000400000400000000D2
:200D000000000000010004000008AD000D00AD000000010004000010AF002E00AB000000C2
:200D2000010004000020FF007F00ED000000010004000040FF007D00DF000000010004007E
:200D40000080FF006C00D3000000010005000100FF006B00FF000000010005000200FF005E
:200D60006F00D5000000010005000400FF006700DD000000010005000800BF0027009D0051
:200D80000000010005001000FF006700FB000000010005002000FF00EF00B900000001000E
:200DA00005004000FF006300FF000000010005008000FF006F00FD00000001000500000195
:200DC000FF007D00AB000000010005000002FF007500EF000000010005000004FF00770001
:200DE0008D000000010005000008BF0035008F000000010005000010BF003F008900000038
:200E0000010005000020FF007D00EF000000010005000040BF002500BF0000000100060051
:200E200001007F0065005B0000000100060002007F0065005B0000000100060004007F00A0
:200E40006B005F0000000100060008007F0069005F000000010006001000FF00B5004F0058
:200E600000000100060020007E0024005A000000010006004000BE00B0000E00000001008B
:200E800007000100FF00D300ED000000010007000200FF00C300FD000000010007000400B6
:200EA000FF00DF00E5000000010007000800BF009F00B7000000010007001000FF00C9006A
:200EC000FF000000010007002000BF000500BB000000010007004000BF000100BF000000A5
:200EE000010007008000FF004300FF000000010007000001BF003500AF0000000100070075
:200F00000002EF006700EF000000010007000004F7007500E7000000010007000010EF0024
:200F20006B00EF000000010007000020DF005B00CF000000010007000040FF00EF00D3001D
:200F40000000010008000100AD000D00AD000000010008000200AF000D00A70000000100B1
:200F600008000400AB000B00A9000000010008000800BB000900BB0000000100080010005D
:200F8000FD004900B5000000010008002000FF000100FF000000010008004000B70001002D
:200FA000B7000000010008008000B7000700B5000000010009000100AD002D00AD000000EC
:200FC000010009000200AD002900A5000000010009000400AF002B00AD00000001000900EB
:200FE0000800BF00BD00B70000000100090010009D001D009D00000001000A001000FF002B
:201000002F00DF00000001000A002000FF00EF00D500000001000A004000FF006300DF0048
:20102000000001000A008000FF00EB00D700000001000A000001FF006900DF000000010010
:201040000A000002FF00ED00DB00000001000A000004F7006300D700000001000A0000086A
:20106000F700E500D300000001000A000010670063004500000001000A000020E700E7009E
:20108000430000000200000001000000000000000000020000000200000000000000000006
:2010A00002000000040000000000000000000200000008000000000000000000020000001E
:2010C00010000000000000000000020000002000000000000000000002000000400000009C
:2010E00000000000000002000000800000000000000000000200000000010000000000006B
:201100000000020000000002000000000000000002000000000400000000000000000200C3
:20112000000000080000000000000000020000000010000000000000000002000000002073
:201140000000000000000000020000000040000000000000000002000000008000000000CB
:20116000000000000200010001000000000000000000020001000200000000000000000066
:20118000020001000400000000000000000002000100080000000000000000000200020039
:2011A000010000000000000000000200020002000000000000000000020002000400000020
:2011C0000000000000000200020008000000000000000000020002001000000000000000EF
:2011E000000002000200200000000000000000000200020040000000000000000000020085
:20120000020080000000000000000000020002000001000000000000000002000200000241
:2012200000000000000000000200020000040000000000000000020002000008000000009A
:20124000000000000200020000100000000000000000020002000020000000000000000056
:201260000200020000400000000000000000020002000080000000000000000002000300A1
:2012800001000000000000000000020003000200000000000000000002000300040000003D
:2012A00000000000000002000300080000000000000000000200040001000000000000001A
:2012C0000000020004000200000000000000000002000400040000000000000000000200FA
:2012E0000400080000000000000000000200040010000000000000000000000000000100CB
:20130000070007000200000000000000020007000300060000000000000004000700070099
:20132000020000000000000008000300030002000000000000002000030003000300000072
:2013400000000000000000000000000000000000000000000000000000000000000000008D
:2013600000000000000000000000000000000000000000000000000000000000000000006D
:2013800000000000000000000000000000000000000000000000000000000000000000004D
:2013A00000000000000000000000000000000000000000000000000000000000000000002D
:2013C00000000000000000000000000000000000000000000000000000000000000000000D
:2013E0003078D38C002001000000307810000000000000000000000000000000000000000D
:201400000000000000000000000000000000000000000000000000000000000000000000CC
:201420000000000000003C00EBFF0000400034000800080000000000000000000000000002
:2014400000000000000000000000000000000000000000000000000000000000000000008C
:20146000000000000000000000000000C01B5F3A0000032040030000C018000000000000BA
:2014800000000000000000000000000000020000000000000000000000000000000000004A
:2014A0000000000000000000000000000000000000000400EBFF04004000000004000000F6
:2014C00000000000000000000000000000000000000000000000000000000000000000000C
:2014E000000000000000000000000000000000000000000000000000400B2FFE0000201044
:201500004003400B000000000000000000000000000000000000000000000000000000003D
:20152000000000000000000000000000000000000000000000080000000000000000183F4C
:201540009CF3000400001821001E0021000000000000000000000000000000000000000080
:2015600000000000180000000000000000000000000018000000000000000000000000003B
:20158000000000000000DCFF00000000000000000000000000000000000000000000000070
:2015A00000000000000000000000000000000000000000000000000000000000000000002B
:2015C00000000000000000000000C866A7B908000001C86600000000000000000000000046
:2015E000000000000000000000000000000000008066000000000000000008000000806617
:2016000000000000000000000000000000000000E0001FFFE0000000E0000000E00000002C
:201620000000000000000000000000000000000000000000000000000000000000000000AA
:20164000000000000000000000000000000000000000000000001F00E2FF010000001F006A
:2016600013000C00000000000000000000000000000000000000000000000000000000004B
:20168000000000000000000000000000000000000000000000000000000000000000FFFF4C
:2016A00000000000000000000000000000000000000000000000000000000000000000002A
:2016C00000000000000000000000000000000000000000000000000000000000000000000A
:2016E00000000000FFFF0000050000000000000000000000000000000000000000000000E7
:201700000000050000000000000000000000000000000000000000000000000000000000C4
:2017200000000000000000000000FFFF0000000000000000000000000000000000000000AB
:20174000000000000000000000000000000000000000000000000000000000000000000089
:2017600000000000000000000000000000000000FFFF00000000000000000000000000006B
:20178000000000000000000000000000000000000000000000000000000000000000000049
:2017A00000000000000000000000000000000000000000000000FFFF00000000000000002B
:2017C000000000000000000000000000000000000000000000000000000000000000000009
:2017E00000000000000000000000000000000000000000000000000000000000FFFF0000EB
:201800000000000000000000000000000000000000000000000000000000000000000000C8
:201820000000000000000000000000000000000000000000000000000000000000000000A8
:201840000000FFFF000000000000000000000000000000000000000000000000000000008A
:20186000000000000000000000000000000000000000000000000000000000000000000068
:0618800000000000000062
:201888002841DE0E00000000F01884000C1984000000000080198400000000000102000096
:2018A800A86100000C0000000810E8FF8810E8FFEC02F8FF018800003333000008000000B1
:2018C8000C10E8FF8C10E8FFEE02F8FF0984000000000000010001000200010003000100FD
:2018E80000000000010001004050BFFF4052BFFF00F000E00000000000E000E020841401F7
:20190800000000005010E8FF9010E8FF2084FF010C08000808000000A861000000F0000030
:201928003050BFFF3052BFFF1803F8FF0188000033330000002000003450BFFF3452BFFF7A
:201948001A03F8FF0984000033330000004000003850BFFF3852BFFF1C03F8FF0984000007
:2019680033330000008000003C50BFFF3C52BFFF1E03F8FF09840000201984000000000081
:20198800010000000000000001000000D818840001000000381984000000000001000000F2
:2019A8000000000001000000DC1884000100000050198400000000000100000000000000B7
:2019C80001000000E01884000100000068198400000000000100000000000000010000007A
:2019E800E418840001000000A818840000000000010000000000000001000000E818840094
:201A080002000000C018840000000000010000000000000001000000EC18840002000000D4
:201A280028C1D40E0303030003000000501A8400581A8400B81A84000C1B840000B4C40466
:071A4800A81B84000001024D
:201A50000000000100020000200400000000000000000000000000000100000014B6E0FDA7
:201A700018B6E0FD0000000008010000000000000000000001000000FF00000000000000A2
:201A90000000000060BFE0FD08010000000000000000000001000000FF0000000000000031
:201AB000000000006CBFE0FD01000100B01B840000000000030000000200000001000000B7
:201AD000B41B840001000100381C840000000000030100000200000001000000E01B840043
:201AF00001000000391C8400000000000302000000000000010000000C1C84000100000049
:201B100000000000000000000100000000000000080001003A1C8400080001003C1C8400EC
:201B3000000000000000000000000000000000000200000000000000000000000100000092
:201B500000000000080001003E1C8400000000000000000008000100401C840000000000A5
:201B700000000000040000000000000000000000000000000000000008000100421C840066
:201B90000000000000000000000000000000000008000100441C84008CA17F004C1A8400B2
:201BB000000000000000000000000000000000000200000003000130000001000A010000D3
:201BD000000000000A0001000A0000000000000000000000000000000000000002000000DE
:201BF000030001300000010014000000000000000A0001000A000000000000000000000077
:201C100000000000000000A00200000003007030000000000100000000000000010001006C
:161C30000100000000000000010200000000010001000200020094
:201C48002881D90E1000000000FA00007C0C7C0001000000000000002801D70E00000000CF
:201C68000000000000000000000000000001000000020000002CC6FF00000000FFFFFFFF6C
:201C8800FFFFFFFFFFFFFFFFFFFFFFFFFFFFFFFFFFFFFFFFFFFFFFFFFFFFFFFF2801D40E4D
:201CA80001020400C01C8400F81D8400D81C8400E81C8400F01D840010040200000700006E
:201CC80000000800581D8400681D8400A81D840000000100C81D840000000100DC1D8400C1
:201CE800000000000000000000000000030000000000000072110000000000000000000056
:201D08000001000001000000030000000100000072110000000000000100000000004000F1
:201D2800020000000400000008000000A01C0000000000000100000000014000030000008C
:201D4800040000001E000000A01C000000000000000000000000010000000000010000009B
:201D680000000000000000000000000000000000000000000000000000000000000000005B
:201D880000000000000000000000000000000000000000000000000000000000000000003B
:201DA80001010000000000C0000000000100000001010000000000C0000000000200000094
:201DC800000000000700180A070101000000000001010000000000000700180A0701010095
:201DE800000000000101000000000000000000010100020F00082000000400006202F8FF3F
:201E08006402F8FF6002F8FF0100070F00082000000400008002F8FF8202F8FF7E02F8FF56
:201E2800010000000000F5FF0018F5FF0014F5FF5202F8FF2881D40E741E84004C1E8400B7
:201E480000BFE0FD0180D2FF810200004203F8FF4403F8FF4603F8FF01C0C7FF8102000045
:201E68004A03F8FF4C03F8FF4E03F8FF05000001000005000101000028C1DE0EB41F84004F
:201E8800FC1F84004C208400FC2084008C1F8400C31E8400C61E8400D81E8400C01E840033
:201EA800C91E840034B6E0FD84B6E0FD8CB3E0FD000000000304022D000102FF0102FF0279
:201EC8000300FFFFFFFF0102FFFFFFFFFFFF03FF00000000010000000200000003000000F6
:201EE8000400000005000000060000000700000008000000090000000A0000000B0000009E
:201F08000C0000000D0000000E0000000F000000100000001100000012000000130000003D
:201F280000000000010000000200000003000000040000000500000006000000070000007D
:201F480008000000090000000A0000000B0000000C0000000D0000000E0000000F0000001D
:201F680010000000110000001200000013000000000000000100000002000000030000000D
:201F8800040000008020F9FF6000F8FF0040F9FF08000000000000000021F9FF6200F8FF94
:201FA8002040F9FF11000000200000000000CAFFC601F8FF00000000000000000000000009
:201FC8000001FF140000F2FFD201F8FF0000000000000000000000000102FF1400209AFF5B
:201FE800DE01F8FF000000000000000000389AFF0301FF050000000000FF00000F0000001C
:2020080000000000A001CAFF0100000000FF00001400000000000000A001F2FF01000000A7
:20202800010000001400000000000000B801F2FF00000000030100000C00000008000000C1
:20204800A0219AFFECA37F000000000000000000000000000001000000000000000000000F
:202068000000000000000000011400FFFFFF0000EEA37F0000000000000000000000000036
:202088000002010114000000010000000000000001000000010C00FFFFFF0000F0A37F0002
:2020A8000000000000000000000000000C01010220000100000000000000000000000000E7
:2020C800010800FFFFFF0000F2A37F000000000000000000000000000001020328000100AF
:2020E800000000000000000000000000000500FFFFFF0000000000000000000000000000D6
:2021080000000000000000002841D90E802184009C21840034218400000000000000000028
:20212800000000000000000054218400FCDFC0FD00100000FF00000004000000FCEFA0FD6B
:2021480000100000FF00000004000000000000000000000000000000000000000000000064
:20216800000000000000000000000000000000000000000000000000010000000000000056
:20218800010000000100000001000000C82384000B00000000000000FFFF000000000000BC
:2021A800000000000000000000000000000000000000000000000000000000000000000017
:2021C8000000000000000000000000000000000000000000000000000000000000000000F7
:2021E8000000000000000000000000000000000000000000000000000000000000000000D7
:202208000000000000000000000000000000000000000000000000000000000000000000B6
:20222800000000000000000000000000000000000000000000000000000000000000000096
:20224800000000000000000000000000000000000000000000000000000000000000000076
:20226800000000000000000000000000000000000000000000000000000000000000000056
:20228800000000000000000000000000000000000000000000000000000000000000000036
:2022A800000000000000000010000000000000000000000000000000000000000000000006
:2022C8000000000000000000000000000000000000000000000000000000000000000000F6
:2022E80000000000FFFFEF808880C060FEEEF0F8F8F8F8F000C0FF7FF8F03FFCFCFFFFFF3B
:20230800C6E8FC7FC6E8FC7F0000000000000000FFFFEF808880C060FEEEF0F8F8F8F8F022
:2023280000C0FF7FF8F03FFCFCFFFFFFC6E8FC7FC6E8FC7F000000000000000000000000E9
:20234800000000000000000000000000000000000000000000000000000000000000000075
:20236800000000000000000000000000000000000000000000000000000000000000000055
:20238800000000000000000000000000000000000000000000000000000000000000000035
:2023A800000000000000000000000000000000000000000000000000000000000000000015
:2023C800008398FF088398FF0000000000000000010000000000000001000000400198FFDF
:2023E800480198FF0000000000000000010000000000000001000000500198FF580198FF1B
:202408000000000000000000010000000000000001000000600198FF680198FF00000000BA
:2024280000000000000000000000000001000000700198FF780198FF00000000000000007B
:20244800010000000000000001000000008298FF088298FF00000000000000000100000037
:202468000000000001000000108298FF188298FF00000000000000000300000000000000F6
:2024880001000000208298FF288298FF0000000000000000010000000000000001000000B7
:2024A800308298FF388298FF408298FF488298FF010000000100000003000000508298FF52
:2024C800588298FF608298FF688298FF010000000400000007000000708298FF788298FF63
:2024E800808298FF888298FF0100000000000000070000003001D60E08258400009001003B
:202508007490500000000000182584003025840001000000010000000000000001000000C2
:20252800010000000100000058258400682584000404000001000000000000000100000075
:20254800010000000018000000000000010000000800000008000100080002000800030033
:2025680008000000080001000800020008000300000000000000000000000000000000002D
:2025880000000000AAAAAAAA0000000000000000000000000000000000000000000000008B
:2025A800000000000000000000000000000000000000000000000000000000000000000013
:0C25C80000000000000000000000000007
:02000004FF32C9
:2013800000000000000000000000000000000000FFFFFFFFFFFFFFFFFFFFFFFFFFFFFFFF5D
:2013A0001000F33F0000FBF0FFFFFFFFFCFEFFF10F0C0C0CFFFFFFFFC30FFFFFFFFFFFFF1F
:2013C000FEFFFFFFFFFFF1FF8E28FDF9FFFFFFEFFDFFFFFFFFFFFFFF92010000FFFFFFFF07
:2013E000FFFFFF6FFFFFFFFFFFFFFFFFFFFFFFFF00FF88F0CC00000000C000C000C0FFFF0C
:040000050080BA902D
:00000001FF
